construction,error_channel,replicate,p_c,nu
as,z_only,0,0.026514726541793855,1.4471798408299934
as,z_only,1,0.02648990464917798,1.505220656676067
as,z_only,2,0.027289054602091314,1.5278775689199664
as,z_only,3,0.026585122989031512,1.7227537442840433
as,z_only,4,0.026485280486684762,1.7938050377805357
as,z_only,5,0.026717164592535227,1.6310618437618174
as,z_only,6,0.026573591065255614,1.5629798159026806
as,z_only,7,0.02691601109639715,1.5474155458331669
as,z_only,8,0.026771360599616958,1.480071335190255
as,z_only,9,0.027018824532637764,1.6400376694366077
as,z_only,10,0.02638738998537087,1.4784510590511801
as,z_only,11,0.026415338126218484,1.5285403853325692
as,z_only,12,0.02686423043895089,1.7990631720314512
as,z_only,13,0.026659293468475564,1.5404860638835376
as,z_only,14,0.026639148589970917,1.458318109075134
as,z_only,15,0.026607415096562406,1.4779567658189805
as,z_only,16,0.026216053704883377,1.600778828356962
as,z_only,17,0.02629672518151322,1.5433704426210222
as,z_only,18,0.02687279682474849,1.507853682889878
as,z_only,19,0.02657932499658637,1.5441813029775944
as,z_only,20,0.02705261858609628,1.4661366283670636
as,z_only,21,0.026448414938347486,1.6408476456380585
as,z_only,22,0.02706610121674931,1.5172340456294113
as,z_only,23,0.02668423507804088,1.4204961077941975
as,z_only,24,0.026671795149170674,1.6051414530273775
as,z_only,25,0.0269572604577019,1.5047406942129045
as,z_only,26,0.02697653159217299,1.4461265046796774
as,z_only,27,0.02709828203033665,1.5626216919800027
as,z_only,28,0.026976643398318546,1.7002987456015182
as,z_only,29,0.026645447800274728,1.5387377126660153
as,z_only,30,0.026736574548048835,1.5940951346863061
as,z_only,31,0.026938638301475932,1.5162490904728603
as,z_only,32,0.026971573933764485,1.4757360257372483
as,z_only,33,0.02671099270623514,1.7252628414821338
as,z_only,34,0.026585716700927752,1.7601328284391695
as,z_only,35,0.026158515855886827,1.5151544667507386
as,z_only,36,0.026771139839806796,1.6252772254728869
as,z_only,37,0.026591597616229205,1.3951288883170703
as,z_only,38,0.026708980667174864,1.4720182528056018
as,z_only,39,0.02683998366408981,1.5048791402126664
as,z_only,40,0.026801771781922862,1.5599778771418447
as,z_only,41,0.026946416645890845,1.5428582605341163
as,z_only,42,0.02713412227790558,1.5295172899232432
as,z_only,43,0.02629721537312713,1.5502464718006437
as,z_only,44,0.026743472137965425,1.49811193583387
as,z_only,45,0.027077204368278488,1.779376516409111
as,z_only,46,0.026896432462653008,1.640179759381202
as,z_only,47,0.02701621660504654,1.4613247738170876
as,z_only,48,0.026717962329665605,1.4503159640007606
as,z_only,49,0.026685141752776333,1.6102979387246446
as,z_only,50,0.026655739875984345,1.412501953493002
as,z_only,51,0.02666817135291055,1.6618384719126835
as,z_only,52,0.027065502755442578,1.5054858582863997
as,z_only,53,0.026562320310856796,1.5255147350798073
as,z_only,54,0.02654530309748816,1.412844375214419
as,z_only,55,0.02638884555228856,1.6091049284511691
as,z_only,56,0.027038300648803762,1.5957765695193034
as,z_only,57,0.026543416242967268,1.5482922925774376
as,z_only,58,0.026694849621914638,1.5797177644097895
as,z_only,59,0.02688616812042443,1.4075215109331394
as,z_only,60,0.026614321833271625,1.6419872689851465
as,z_only,61,0.026561755566553442,1.5599212056690852
as,z_only,62,0.026691711642734334,1.5220719349582312
as,z_only,63,0.026688218420174336,1.452689674311428
as,z_only,64,0.026710868774497878,1.5613674562468973
as,z_only,65,0.027091450603390077,1.8245670458049275
as,z_only,66,0.026475045434635868,1.5371572887246274
as,z_only,67,0.026378993888744772,1.653348028509237
as,z_only,68,0.026726512944373084,1.501686114971885
as,z_only,69,0.02666031799578005,1.5898598489545008
as,z_only,70,0.027013306918651607,1.5794466854974984
as,z_only,71,0.026632482568872833,1.4234660486971635
as,z_only,72,0.02671283290466604,1.5557553195343392
as,z_only,73,0.02701715549772047,1.5558111263904153
as,z_only,74,0.026780614995824542,1.6449302017459349
as,z_only,75,0.0264688012888015,1.627280147906308
as,z_only,76,0.026497220819962006,1.5658944728595154
as,z_only,77,0.02680432112486773,1.7007160644525026
as,z_only,78,0.026693602951905898,1.4812073061711961
as,z_only,79,0.027002215232561962,1.521612244686791
as,z_only,80,0.026661214913652375,1.5181314491495599
as,z_only,81,0.02676994662946891,1.4927526983886084
as,z_only,82,0.02687704303441616,1.5102104680927084
as,z_only,83,0.02691712518762496,1.4398916857645612
as,z_only,84,0.02656779628443585,1.4993178708156443
as,z_only,85,0.02659335496010798,1.527167376797039
as,z_only,86,0.02667718808399422,1.5331990309374686
as,z_only,87,0.026758212619995843,1.5636639902572238
as,z_only,88,0.02663846893943429,1.5225011826852615
as,z_only,89,0.026599659607551066,1.6060358202934846
as,z_only,90,0.026430056781104407,1.4332184464535427
as,z_only,91,0.02653197080152065,1.551543464616693
as,z_only,92,0.026715397638628912,1.4810288507613811
as,z_only,93,0.026478835582239763,1.7206998062404275
as,z_only,94,0.026651990873083228,1.5943103208383693
as,z_only,95,0.026848455549761865,1.4885519127910922
as,z_only,96,0.027064016460818505,1.4737085309672795
as,z_only,97,0.026649575255588004,1.5271465192452183
as,z_only,98,0.02696152160529344,1.383316918567674
as,z_only,99,0.026795194710509295,1.5200487768387647
as,z_only,100,0.02668995056464849,1.4785203115442263
as,z_only,101,0.02660627719777836,1.5432944050353024
as,z_only,102,0.026793469086260836,1.6119381300767204
as,z_only,103,0.026714468012485514,1.5155993364271798
as,z_only,104,0.02658535777458789,1.5952668355752337
as,z_only,105,0.026917535715068355,1.5070032005672458
as,z_only,106,0.026286676965936423,1.5860606454171713
as,z_only,107,0.026556721141523663,1.444744071789448
as,z_only,108,0.026874893500303476,1.4369330067865116
as,z_only,109,0.026882745733385636,1.6120516037270245
as,z_only,110,0.026738844427188022,1.6102855649910146
as,z_only,111,0.026820387811686382,1.504300610658629
as,z_only,112,0.026428965610574666,1.5924356983992793
as,z_only,113,0.026632962338075133,1.51170628953689
as,z_only,114,0.027037167386664285,1.518811603128503
as,z_only,115,0.02630082515332543,1.4798745236137874
as,z_only,116,0.026671532229207467,1.525523796959058
as,z_only,117,0.026622535951205874,1.8474940968339713
as,z_only,118,0.02663306903675428,1.3584235075300504
as,z_only,119,0.026860319012254524,1.5985961465409115
as,z_only,120,0.026801050450943397,1.63684693460754
as,z_only,121,0.02661098690383342,1.4586562968527614
as,z_only,122,0.026703629593029996,1.6180933701159916
as,z_only,123,0.026817583269916023,1.402134149773169
as,z_only,124,0.02660235808214961,1.5643065119160307
as,z_only,125,0.026770644218326037,1.6317968970779533
as,z_only,126,0.026648284454417907,1.5265205817665415
as,z_only,127,0.026819030137496726,1.5812357696934098
as,z_only,128,0.026530651854212998,1.6471078148443257
as,z_only,129,0.026792492910721374,1.4939516136445887
as,z_only,130,0.026750924856706614,1.5135477085188422
as,z_only,131,0.026400030532858842,1.4676498937271643
as,z_only,132,0.026784526929827975,1.5470906391259749
as,z_only,133,0.026774275535668336,1.8924291349097377
as,z_only,134,0.026762230200207415,1.7505834222139143
as,z_only,135,0.026993441844686168,1.7702323025606224
as,z_only,136,0.026861928725726746,1.56305553073058
as,z_only,137,0.026453109349756646,1.716819020711513
as,z_only,138,0.026710329558645697,1.4738482907932031
as,z_only,139,0.02694802430644679,1.6030808732732253
as,z_only,140,0.026788578723836647,1.4710038893886344
as,z_only,141,0.026919650320872554,1.4374214103905554
as,z_only,142,0.02633112636834779,1.4316480833195795
as,z_only,143,0.026536278518976674,1.5078839696362978
as,z_only,144,0.02686650443174731,1.5243048875967147
as,z_only,145,0.02659575516187189,1.521669829655835
as,z_only,146,0.026598502425428106,1.6111341885361958
as,z_only,147,0.026816983280129807,1.5177107835724406
as,z_only,148,0.026228242343558087,1.5920570035866408
as,z_only,149,0.026526969425484097,1.659093736871749
as,z_only,150,0.02652574975194582,1.7754911564229434
as,z_only,151,0.026853357563940704,1.4914266456335672
as,z_only,152,0.02678588975838696,1.4652728106140238
as,z_only,153,0.026543529646031905,1.7162075348287575
as,z_only,154,0.02663797648612055,1.4076784430274003
as,z_only,155,0.026834145958269554,1.5958712863333901
as,z_only,156,0.026607329558490832,1.5859707658428157
as,z_only,157,0.02664762419650987,1.4076911831413785
as,z_only,158,0.02693441902553622,1.651580889330636
as,z_only,159,0.026585298288509,1.6132264621052503
as,z_only,160,0.02664554534561065,1.6144085920191298
as,z_only,161,0.027072235737761997,1.6840417926879774
as,z_only,162,0.026907643288709076,1.5908050513165588
as,z_only,163,0.026401025147314433,1.5081974938846943
as,z_only,164,0.02677679410334743,1.7089714786061527
as,z_only,165,0.02668392986703775,1.4162300365269627
as,z_only,166,0.026643803103972085,1.4339562124521554
as,z_only,167,0.0267991124252607,1.557850261474823
as,z_only,168,0.027170549930837624,1.548904878922504
as,z_only,169,0.026905826643935923,1.540774079190844
as,z_only,170,0.026855379056678667,1.5168242025219532
as,z_only,171,0.026761472843396236,1.7026513834180013
as,z_only,172,0.027134350338821257,1.7238539036947904
as,z_only,173,0.026808125527438463,1.5995955215818907
as,z_only,174,0.026935447451340723,1.5475182936421512
as,z_only,175,0.02644267140220238,1.5743738015803623
as,z_only,176,0.02670041289838647,1.6259571885543138
as,z_only,177,0.026853983949048057,1.7129980401709115
as,z_only,178,0.026648700522245716,1.5173602659611785
as,z_only,179,0.026650618246031557,1.5014841544799782
as,z_only,180,0.027021656660922037,1.5620381804969994
as,z_only,181,0.026577012857340376,1.5286933912155256
as,z_only,182,0.026625093806856945,1.6352911780355464
as,z_only,183,0.027288267121431665,1.7622963371595042
as,z_only,184,0.026968068344449078,1.6066073694462204
as,z_only,185,0.02659540667156876,1.5450130104059183
as,z_only,186,0.02654521408013106,1.5663644456166868
as,z_only,187,0.02697933506144336,1.4252470565108488
as,z_only,188,0.026729193377009006,1.720565571258596
as,z_only,189,0.02706276851594986,1.5247829961621608
as,z_only,190,0.026746368404584102,1.5626792980225919
as,z_only,191,0.026652575279635386,1.5198423921402564
as,z_only,192,0.026675281565442997,1.589060209083199
as,z_only,193,0.026504330546885068,1.6113953650904593
as,z_only,194,0.026475564259598378,1.6348512393694368
as,z_only,195,0.026567629643062283,1.529137597830625
as,z_only,196,0.026893666894035842,1.6477748714169846
as,z_only,197,0.026702541354615833,1.5936983867339904
as,z_only,198,0.02702309008010384,1.6025706477465669
as,z_only,199,0.02699289949418421,1.526508239816382
as,z_only,200,0.026710020967958444,1.5343657863843947
as,z_only,201,0.026674951544635138,1.4975621787333993
as,z_only,202,0.026965341902677048,1.4616503834961816
as,z_only,203,0.026860191203878496,1.6523256972422826
as,z_only,204,0.02664514965479936,1.6465826247800883
as,z_only,205,0.026781887497433814,1.56473370198857
as,z_only,206,0.026752124837909685,1.500032468235535
as,z_only,207,0.026897913177102897,1.6715490726230104
as,z_only,208,0.02695370327304225,1.576500573352067
as,z_only,209,0.027097950494016896,1.6858465901190476
as,z_only,210,0.027064283179484144,1.6284320884794758
as,z_only,211,0.02689708474990117,1.5409572256576858
as,z_only,212,0.02674338809673133,1.4525152892613344
as,z_only,213,0.027006092380486096,1.5183106593520073
as,z_only,214,0.02702561279128747,1.5000424817281375
as,z_only,215,0.027011067936967014,1.5435785846035952
as,z_only,216,0.0266566609867299,1.6309153059612187
as,z_only,217,0.02629222856868758,1.6184003448861615
as,z_only,218,0.02664096864598705,1.7352248449467966
as,z_only,219,0.026834630828571418,1.5609883457772777
as,z_only,220,0.02666848383314678,1.6209394704134252
as,z_only,221,0.02640248037705145,1.5479706802292843
as,z_only,222,0.026480072283201764,1.5200794605165913
as,z_only,223,0.026663230524049175,1.4570731152994194
as,z_only,224,0.026942676087065357,1.6331253419229692
as,z_only,225,0.02713802109346022,1.667290533735872
as,z_only,226,0.02681352834749733,1.6593686416076157
as,z_only,227,0.02666090400137425,1.5523912515982388
as,z_only,228,0.026656684545316185,1.65291020240274
as,z_only,229,0.026601631802605847,1.5697924604808695
as,z_only,230,0.02626606646453593,1.6131451939973527
as,z_only,231,0.026487321106247737,1.6249727055938987
as,z_only,232,0.026836946367808326,1.5174613807069093
as,z_only,233,0.026148393129870346,1.6435701337596276
as,z_only,234,0.02648840225592575,1.5875810932147403
as,z_only,235,0.02704510057761655,1.5043769104106592
as,z_only,236,0.02662271663011151,1.5171464244784878
as,z_only,237,0.02657611051456783,1.5586062666577882
as,z_only,238,0.026677068630191224,1.576552780522634
as,z_only,239,0.02674440034718344,1.6359553185104034
as,z_only,240,0.02662952597697559,1.6533733197621951
as,z_only,241,0.02654908329408045,1.4491933313006082
as,z_only,242,0.02683712174533945,1.7044123455960243
as,z_only,243,0.02666837223504137,1.6711817532045283
as,z_only,244,0.0269159806652273,1.4472937171856612
as,z_only,245,0.026892660656384897,1.5412001186615036
as,z_only,246,0.026831229241827712,1.4661494601890097
as,z_only,247,0.026572461257117735,1.6642694029045164
as,z_only,248,0.02684908071964602,1.6351087086293215
as,z_only,249,0.026885587977486792,1.6525863563429641
as,z_only,250,0.026544681219666525,1.6078941035880112
as,z_only,251,0.02632004477891083,1.5270331176177778
as,z_only,252,0.02677627159410625,1.5171666746869223
as,z_only,253,0.026864828156292382,1.5644260609606668
as,z_only,254,0.026858217884808386,1.7200494886700257
as,z_only,255,0.026571456938314017,1.5892896504947704
as,z_only,256,0.02674442145850052,1.6064008465925823
as,z_only,257,0.02629392481747014,1.6746061395024152
as,z_only,258,0.026545565882613018,1.4803100347907636
as,z_only,259,0.026337770426390066,1.5761819320801882
as,z_only,260,0.02657679271731273,1.481588563368113
as,z_only,261,0.026914558198082413,1.574719986325842
as,z_only,262,0.02662770517807298,1.437167330752355
as,z_only,263,0.02642862767901226,1.4654238741186791
as,z_only,264,0.026312190887975692,1.49999707322937
as,z_only,265,0.026644438916725157,1.7416079842809613
as,z_only,266,0.026974262060745494,1.5291473524604293
as,z_only,267,0.026409618337756784,1.6559743676887122
as,z_only,268,0.026616220868110198,1.5859138620644964
as,z_only,269,0.026931922013941387,1.5275928827566307
as,z_only,270,0.026382181457774472,1.5656897662465332
as,z_only,271,0.02671120016947286,1.4674644856830348
as,z_only,272,0.02672103764164649,1.4961915957522678
as,z_only,273,0.02661483204967905,1.5841020693486265
as,z_only,274,0.027266936851498613,1.4930454127747055
as,z_only,275,0.02666681090681677,1.5992678258286523
as,z_only,276,0.026571545801031823,1.5370542157805935
as,z_only,277,0.026500764452239717,1.409757458031521
as,z_only,278,0.026612376844538203,1.4641848160342064
as,z_only,279,0.026533549486904843,1.6319699782743653
as,z_only,280,0.026277423755082966,1.4921694672833787
as,z_only,281,0.026774905590328874,1.4292827123809493
as,z_only,282,0.02663101130059093,1.5813194111889703
as,z_only,283,0.026479889374904628,1.541790026936951
as,z_only,284,0.027002476110436293,1.592444153570587
as,z_only,285,0.026783710860442424,1.5908105644479176
as,z_only,286,0.026773414779071233,1.6096448374859913
as,z_only,287,0.026713743266424218,1.4937107757114798
as,z_only,288,0.026500470728613546,1.5582024197447448
as,z_only,289,0.0266906726406591,1.567353451028786
as,z_only,290,0.026577999296694292,1.5176160480689753
as,z_only,291,0.02679760460670057,1.6235328936494058
as,z_only,292,0.026705449912898298,1.5085758028673617
as,z_only,293,0.02699768035223544,1.7743132351371593
as,z_only,294,0.026851899238284595,1.6654676799318497
as,z_only,295,0.027074681926081756,1.8513495215419729
as,z_only,296,0.026704410061087792,1.515852064557155
as,z_only,297,0.026823215508115887,1.514291919755346
as,z_only,298,0.02625214544320842,1.6353981333671108
as,z_only,299,0.026311986541355435,1.5211462262976794
as,z_only,300,0.02706052948085196,1.6179994698628852
as,z_only,301,0.026887238147796044,1.6245561959293275
as,z_only,302,0.026473076319713264,1.5885402770923
as,z_only,303,0.02686180858697487,1.6752177731973004
as,z_only,304,0.026179993089604822,1.5845509544606957
as,z_only,305,0.026652230882098886,1.7724900316578058
as,z_only,306,0.026759001277595215,1.6582909194961506
as,z_only,307,0.02638571092831544,1.7014387508952868
as,z_only,308,0.02695081955290928,1.624537426288746
as,z_only,309,0.026744881202203783,1.5537727508210302
as,z_only,310,0.02667807728332995,1.7461525063974068
as,z_only,311,0.026364096622394112,1.6797093212118692
as,z_only,312,0.02659413950983215,1.6400958037479527
as,z_only,313,0.026947023384495,1.5804299943469045
as,z_only,314,0.026931674182684488,1.6958407748328006
as,z_only,315,0.02689416607010898,1.4380704679884115
as,z_only,316,0.02651406296890582,1.5936517087999136
as,z_only,317,0.02649677649137819,1.5956975955228438
as,z_only,318,0.02634009930884858,1.4347952216781037
as,z_only,319,0.026634614076105338,1.565697887700109
as,z_only,320,0.026830911595376046,1.6052772921144922
as,z_only,321,0.026561232188931787,1.5946713617144057
as,z_only,322,0.026542334423894625,1.6759488073008932
as,z_only,323,0.027248098351583195,1.6939984501496537
as,z_only,324,0.026255478395196534,1.8151870019001088
as,z_only,325,0.02667165032171045,1.6434691661510679
as,z_only,326,0.02673346809637553,1.5271598137698577
as,z_only,327,0.02663106742833083,1.4587982872345406
as,z_only,328,0.026484701942344233,1.5880538142141722
as,z_only,329,0.026244045007542512,1.5824781968139083
as,z_only,330,0.02641879186112939,1.6223992663729867
as,z_only,331,0.02693093661949738,1.515310056114314
as,z_only,332,0.027090881216241966,1.5857497072477467
as,z_only,333,0.026723089314706332,1.6310473294674968
as,z_only,334,0.02681114134462106,1.5691218086789458
as,z_only,335,0.026719335088935158,1.6721309697257232
as,z_only,336,0.026872282096591215,1.5531234171654507
as,z_only,337,0.027145410805355638,1.6537027543090972
as,z_only,338,0.026568875828948825,1.5013932436547714
as,z_only,339,0.026767561862129804,1.6420152940825241
as,z_only,340,0.02691577989958286,1.5209065036024803
as,z_only,341,0.02705773258616037,1.5382625344929906
as,z_only,342,0.026656698466935826,1.5846157224249209
as,z_only,343,0.026483460138501395,1.5778197661910547
as,z_only,344,0.02655061221566289,1.6826251014070521
as,z_only,345,0.026589128747536307,1.5623977628035715
as,z_only,346,0.02657785824638545,1.6963448574764255
as,z_only,347,0.026815896022806374,1.5762732358051341
as,z_only,348,0.026714203189246867,1.6888932860431871
as,z_only,349,0.026230157858329037,1.4543888659942732
as,z_only,350,0.026703292966810156,1.4850759314303386
as,z_only,351,0.026659114093123683,1.5716171242968968
as,z_only,352,0.027078586144352174,1.6592096561658514
as,z_only,353,0.02683180192519317,1.5076868421613083
as,z_only,354,0.02673815551906466,1.5272353183722764
as,z_only,355,0.02712255264076947,1.6753621526828244
as,z_only,356,0.02703866063580197,1.730682445614315
as,z_only,357,0.026934313045898058,1.5292164032825093
as,z_only,358,0.026987706800121778,1.472293959493726
as,z_only,359,0.026874387777934047,1.526725028431293
as,z_only,360,0.026512297371681405,1.6214162784145532
as,z_only,361,0.026498981298895025,1.4907887519876664
as,z_only,362,0.026967342564057965,1.5391733061429853
as,z_only,363,0.026851469882335263,1.6296395436595592
as,z_only,364,0.026640091738935272,1.5376380339093603
as,z_only,365,0.027047958064988196,1.5594702676549246
as,z_only,366,0.026595310704008338,1.5189138962082123
as,z_only,367,0.026527748083303073,1.40151452661496
as,z_only,368,0.026937202374313053,1.532902135707939
as,z_only,369,0.0264063150589925,1.618077977710422
as,z_only,370,0.026639290995992607,1.6247390053665007
as,z_only,371,0.026649873629220826,1.6578140978633131
as,z_only,372,0.026772076791258162,1.633034704019693
as,z_only,373,0.026991668892158524,1.5918356273712304
as,z_only,374,0.026859285637553975,1.4378681161665001
as,z_only,375,0.02616414273088203,1.617329944795234
as,z_only,376,0.026277184064277676,1.4608585008954373
as,z_only,377,0.026491533739361285,1.6335376859788804
as,z_only,378,0.02655621338670864,1.605317718217936
as,z_only,379,0.02698737099791504,1.5828457093495596
as,z_only,380,0.026790955825083108,1.5599798600972485
as,z_only,381,0.026617525229002254,1.7389342426451542
as,z_only,382,0.026757048096747216,1.5041897504027577
as,z_only,383,0.026855535020742668,1.53676682024159
as,z_only,384,0.026813438220495034,1.4468578265752405
as,z_only,385,0.026768771821961006,1.5492515649508134
as,z_only,386,0.026810076408841765,1.4932164616033807
as,z_only,387,0.02671788273936329,1.6305564957905645
as,z_only,388,0.02675563519367622,1.4842423732726608
as,z_only,389,0.026536376497043983,1.5067806475393262
as,z_only,390,0.026949111457219836,1.723950230335075
as,z_only,391,0.02681301560305504,1.593840945766676
as,z_only,392,0.026584149190439332,1.516174055788332
as,z_only,393,0.026537324824748642,1.5354788060835225
as,z_only,394,0.026629509175286198,1.5347983872848194
as,z_only,395,0.026765338146208704,1.513734517838151
as,z_only,396,0.02688723197877401,1.5331722357583508
as,z_only,397,0.02703411596918164,1.5083531913702597
as,z_only,398,0.02667053783122003,1.556810877054387
as,z_only,399,0.02680690274482825,1.4825057764962157
as,z_only,400,0.026526037602496416,1.599583681790146
as,z_only,401,0.026424602657363478,1.7271171124765536
as,z_only,402,0.026403124006161707,1.5709480426628954
as,z_only,403,0.02669973099699847,1.4988836929300033
as,z_only,404,0.026766648571724578,1.4775858773324022
as,z_only,405,0.026747234414020354,1.5946604792438932
as,z_only,406,0.027143818868760446,1.6058447940402925
as,z_only,407,0.026879092798302615,1.5307019059065434
as,z_only,408,0.02656539249237036,1.6088666105369616
as,z_only,409,0.026277156179704803,1.4759854411001452
as,z_only,410,0.026419257681329928,1.6725228396128915
as,z_only,411,0.026932781267019423,1.6289887989477945
as,z_only,412,0.02682335946637133,1.4743051395715356
as,z_only,413,0.02667338348565321,1.6025255467957114
as,z_only,414,0.02674973642912151,1.5151040531665
as,z_only,415,0.02659062201256885,1.6975943569617136
as,z_only,416,0.027012273946229386,1.4460581968482749
as,z_only,417,0.026894992242813887,1.535490625532958
as,z_only,418,0.026809686887092114,1.4715974731266153
as,z_only,419,0.026616546279874607,1.533570328236861
as,z_only,420,0.02631572763860328,1.4630797961599347
as,z_only,421,0.02678920675331564,1.5850222236568914
as,z_only,422,0.026885755476826007,1.5925361118790635
as,z_only,423,0.02683800692895299,1.7267415960453985
as,z_only,424,0.026593639184224672,1.5014770254846541
as,z_only,425,0.026589199669539876,1.5858026858715493
as,z_only,426,0.026779543362637513,1.3980387681176814
as,z_only,427,0.026600610267835036,1.5670277049934358
as,z_only,428,0.026715601365471135,1.5582334081939317
as,z_only,429,0.02687381472457711,1.6965646091131694
as,z_only,430,0.026973621439260402,1.4190873705869507
as,z_only,431,0.027113840538682862,1.5240239263330522
as,z_only,432,0.026511747645947305,1.3838044897598725
as,z_only,433,0.02660482178251063,1.59256115214232
as,z_only,434,0.026611616247587212,1.5826700250219332
as,z_only,435,0.02687721912229444,1.7187959341791503
as,z_only,436,0.02701750392877508,1.5994710069853695
as,z_only,437,0.026816030654981116,1.5693158548573158
as,z_only,438,0.026641721548340224,1.6272512811852087
as,z_only,439,0.02674563990378633,1.5547849583900517
as,z_only,440,0.02667612989643189,1.712594860947503
as,z_only,441,0.026669379168269766,1.4054579916034229
as,z_only,442,0.026525978212057665,1.7462920032814528
as,z_only,443,0.026741506760435692,1.4091195367930953
as,z_only,444,0.027146693262561153,1.4665923463187545
as,z_only,445,0.026515582832989708,1.5467006821319453
as,z_only,446,0.027007847878936283,1.456168619373671
as,z_only,447,0.026378826288945226,1.6659114051301323
as,z_only,448,0.027214967394017166,1.6998579918755907
as,z_only,449,0.02671787592892153,1.4213224927036385
as,z_only,450,0.026345118080288207,1.6065972656146952
as,z_only,451,0.02688333106091424,1.5899455448537467
as,z_only,452,0.026705987269855288,1.6462473254768835
as,z_only,453,0.026709752502893647,1.6075281678778075
as,z_only,454,0.026647774401338073,1.5746475681925718
as,z_only,455,0.02659350847167642,1.488014362703962
as,z_only,456,0.026518069163717274,1.532023725698313
as,z_only,457,0.026669035225820294,1.5272110287228426
as,z_only,458,0.02659963395185677,1.4889688013318614
as,z_only,459,0.026629237034510662,1.537113070155184
as,z_only,460,0.026671411866411327,1.5535219149992134
as,z_only,461,0.026506917690042726,1.5553616454762906
as,z_only,462,0.026897890427886383,1.5755669190098043
as,z_only,463,0.02688049673298203,1.5459076930614195
as,z_only,464,0.026680142761605134,1.6380218878041903
as,z_only,465,0.0265878459163396,1.6238597331565743
as,z_only,466,0.026697802983095015,1.7142529680372163
as,z_only,467,0.026812238467858625,1.5171381632919074
as,z_only,468,0.026533117130091155,1.6115544737089478
as,z_only,469,0.026733799822162573,1.5286609077667683
as,z_only,470,0.026547830940962375,1.4431265260509214
as,z_only,471,0.026585452882240294,1.4363498325301365
as,z_only,472,0.02682285617228857,1.4970165768619275
as,z_only,473,0.02684104417292424,1.4582483654888911
as,z_only,474,0.026659754652850278,1.5196694407195688
as,z_only,475,0.026863376736439612,1.5196169653826377
as,z_only,476,0.02684431290930879,1.4883577610548784
as,z_only,477,0.026479504530252624,1.5522490059461176
as,z_only,478,0.02660331520318127,1.5975640500916755
as,z_only,479,0.02687806454669902,1.5307181929005034
as,z_only,480,0.026574280880712307,1.636080387188722
as,z_only,481,0.02699792023588494,1.422816194034499
as,z_only,482,0.026839651750744604,1.489772198323715
as,z_only,483,0.026783383879200373,1.4929515310884378
as,z_only,484,0.026934007186410418,1.6241449234643073
as,z_only,485,0.02676013852551409,1.4618118083436273
as,z_only,486,0.027215834157303387,1.4251004849868472
as,z_only,487,0.026813116914817043,1.5435449099234917
as,z_only,488,0.027143140402870178,1.4970231848935487
as,z_only,489,0.02670614924646293,1.5959187097255567
as,z_only,490,0.02647062180391329,1.6348741181566038
as,z_only,491,0.02646292032526217,1.460161998395711
as,z_only,492,0.026663766169871806,1.610315069147568
as,z_only,493,0.0265797095346921,1.6460451329755104
as,z_only,494,0.02637501948921261,1.5820391164171077
as,z_only,495,0.026781126480121435,1.616215316839192
as,z_only,496,0.026729772071959645,1.4866192969545615
as,z_only,497,0.026614207635559578,1.6817577539268898
as,z_only,498,0.026857055335949908,1.7316920682216472
as,z_only,499,0.02671577360195441,1.4087394543516283
as,z_only,500,0.026661719163670234,1.7306115976707726
as,z_only,501,0.02676925260157848,1.5173223941018594
as,z_only,502,0.02684362550163228,1.602907107022713
as,z_only,503,0.02675805949285051,1.520467456265014
as,z_only,504,0.026282435297298443,1.6239308497164164
as,z_only,505,0.027081681989172806,1.6505756280729174
as,z_only,506,0.026906969434332954,1.5755458716178858
as,z_only,507,0.026449648277758496,1.555945033448624
as,z_only,508,0.026608883132397267,1.678703551985233
as,z_only,509,0.02680639751323704,1.5392492552269514
as,z_only,510,0.026826476376030767,1.550339734832165
as,z_only,511,0.026742955161727405,1.5511351542617837
as,z_only,512,0.026300635666391972,1.60441306063902
as,z_only,513,0.026994835005463798,1.5276225986221914
as,z_only,514,0.026820298108131097,1.487459562756251
as,z_only,515,0.026729654408501023,1.6258693143729064
as,z_only,516,0.026508880571672194,1.6692932095121014
as,z_only,517,0.02637585034285732,1.6467517759726213
as,z_only,518,0.026729828804962677,1.6964157726778621
as,z_only,519,0.027131009780949553,1.6250946913612787
as,z_only,520,0.026924421884262965,1.6101386340389054
as,z_only,521,0.02660820959774939,1.5262501558875445
as,z_only,522,0.026929430614645256,1.644253273243715
as,z_only,523,0.02662906339702815,1.538569353132033
as,z_only,524,0.026555959411676492,1.5340065768387372
as,z_only,525,0.026551422188838054,1.3885615882071012
as,z_only,526,0.026845644838428755,1.6403344259002486
as,z_only,527,0.026377704874430887,1.504891631494925
as,z_only,528,0.026947912158778245,1.6278386912346599
as,z_only,529,0.026501458746620715,1.594064320097026
as,z_only,530,0.026783489506009,1.6516824857857455
as,z_only,531,0.027029844417080007,1.6064539451161761
as,z_only,532,0.02674784734498221,1.4256608386789156
as,z_only,533,0.026951467386866684,1.5223538006730883
as,z_only,534,0.02653929346198114,1.5544920911806897
as,z_only,535,0.02653346509760914,1.5666915025169723
as,z_only,536,0.026577323224718834,1.5662363508557275
as,z_only,537,0.026818519766270903,1.494978323325992
as,z_only,538,0.026259068862365148,1.6691404298660413
as,z_only,539,0.026883507575769103,1.5652694607537345
as,z_only,540,0.02707043451254847,1.5312540282278062
as,z_only,541,0.026844829177278144,1.4920327233861885
as,z_only,542,0.026939468073719292,1.480217167200481
as,z_only,543,0.026546595844542012,1.6006617887215526
as,z_only,544,0.02695885520980897,1.5272230489657628
as,z_only,545,0.026809177060388573,1.662350538891344
as,z_only,546,0.026915612707212922,1.6158104465212701
as,z_only,547,0.02682253094254224,1.631945529928762
as,z_only,548,0.026432687204366534,1.7533554095949515
as,z_only,549,0.026805838988492293,1.5929531017471898
as,z_only,550,0.026542993110798607,1.630366381132088
as,z_only,551,0.02666591724411652,1.4997631853684055
as,z_only,552,0.026863489794728853,1.728320332179565
as,z_only,553,0.026834111745115942,1.599607755114418
as,z_only,554,0.02648897439397421,1.7771063102165507
as,z_only,555,0.027203720195649282,1.8156325669425413
as,z_only,556,0.026740979898781003,1.6038512807382392
as,z_only,557,0.02618436677421844,1.6244811407632058
as,z_only,558,0.026973208030916754,1.4936844469574895
as,z_only,559,0.026356864801667275,1.4462815376579583
as,z_only,560,0.027078105275272928,1.5795700753325128
as,z_only,561,0.026795871918161678,1.4893688238255849
as,z_only,562,0.026778840916483256,1.6144155608481046
as,z_only,563,0.026622166527442058,1.5918348103287157
as,z_only,564,0.026439794565886077,1.5417264328524274
as,z_only,565,0.026138849250435154,1.555562488047375
as,z_only,566,0.02686656183371275,1.4624338970501676
as,z_only,567,0.026909825493996033,1.6029277803123283
as,z_only,568,0.026477709814800257,1.513820816114461
as,z_only,569,0.026633753157086326,1.5048463345650207
as,z_only,570,0.02648530574731889,1.7460439516646982
as,z_only,571,0.026639115423945703,1.5625100672063257
as,z_only,572,0.026328021666970396,1.6997715698098887
as,z_only,573,0.026585380678562573,1.5732551018230325
as,z_only,574,0.02659116490488971,1.5385823752847796
as,z_only,575,0.02648571126937381,1.4544725450824816
as,z_only,576,0.026672880320652174,1.5732920032396323
as,z_only,577,0.026773039209023915,1.5709442524667012
as,z_only,578,0.026743585689851534,1.698369248950814
as,z_only,579,0.026732870578567214,1.5637049646560872
as,z_only,580,0.026784781395397556,1.5466906581285498
as,z_only,581,0.02653963794589158,1.6234022918184734
as,z_only,582,0.026547566005934713,1.5971417517638964
as,z_only,583,0.026633365428786436,1.5232807408482747
as,z_only,584,0.026816678365469106,1.5153724306459626
as,z_only,585,0.026727536230441325,1.5962462947576224
as,z_only,586,0.026544053771713854,1.6038525139735438
as,z_only,587,0.02665775394851861,1.4954966582784013
as,z_only,588,0.027123424686896415,1.5702222976403313
as,z_only,589,0.02641477238037127,1.5536043969193674
as,z_only,590,0.0270365262302764,1.512948229436058
as,z_only,591,0.02696121978858201,1.5645628092234842
as,z_only,592,0.02652823974645802,1.6385874713090438
as,z_only,593,0.02662577003905491,1.522132601117036
as,z_only,594,0.026250391745961058,1.6444780204948892
as,z_only,595,0.026843530526404535,1.5532509013845566
as,z_only,596,0.027029256359111832,1.6392157195711397
as,z_only,597,0.026519142033618305,1.5588419620929572
as,z_only,598,0.02655035735954157,1.5190093720600648
as,z_only,599,0.02625595594267527,1.419112437185423
as,z_only,600,0.026551127044593694,1.4820475149395256
as,z_only,601,0.026466138092889443,1.5683858840662053
as,z_only,602,0.026601554394357574,1.5327938952695637
as,z_only,603,0.026139767409901645,1.677992458146857
as,z_only,604,0.02691153614900146,1.6376750492361074
as,z_only,605,0.02677544525110272,1.5635530780371392
as,z_only,606,0.02673219940997562,1.5152157631382899
as,z_only,607,0.026947733521945585,1.7255094689329362
as,z_only,608,0.026479721119200217,1.6012382964148604
as,z_only,609,0.026505216374728708,1.4371592236667097
as,z_only,610,0.026924563374791793,1.5469141685345862
as,z_only,611,0.026762360718761063,1.6013934059174904
as,z_only,612,0.026556240033705606,1.7602411257571162
as,z_only,613,0.02625593936757709,1.7356051055045667
as,z_only,614,0.02681564165251501,1.6147392631153428
as,z_only,615,0.027231509968388093,1.5407872033747534
as,z_only,616,0.026864617564059445,1.5260479741985198
as,z_only,617,0.026793269075044267,1.4866160570907825
as,z_only,618,0.026735235349099006,1.7951726868062972
as,z_only,619,0.02721404277955995,1.6196856290387156
as,z_only,620,0.026650348974524674,1.6142736677977332
as,z_only,621,0.0269254459594036,1.4977365690628803
as,z_only,622,0.026526372051733853,1.3744740692018877
as,z_only,623,0.02677534384723165,1.6251872125441693
as,z_only,624,0.026693670765652447,1.5288949618089174
as,z_only,625,0.02719650933275949,1.5916148927432014
as,z_only,626,0.026639075400356364,1.5420448499526191
as,z_only,627,0.026955127479510645,1.513120371640848
as,z_only,628,0.027012378116115673,1.642451545417417
as,z_only,629,0.026854099467248982,1.6514790581058707
as,z_only,630,0.026570385250393302,1.5068803891748301
as,z_only,631,0.02669507883841733,1.5134961914529483
as,z_only,632,0.026901660068328587,1.4917823849417637
as,z_only,633,0.026859867270458526,1.6426349818088455
as,z_only,634,0.02711006741410155,1.4852928673478611
as,z_only,635,0.027161508466924646,1.8364213507305807
as,z_only,636,0.026792210917956274,1.6407781076496357
as,z_only,637,0.026422033836351416,1.6349014894856533
as,z_only,638,0.02664682833630105,1.6601689618555169
as,z_only,639,0.026666749002107033,1.4571782054496178
as,z_only,640,0.026793175889489446,1.4169100882577002
as,z_only,641,0.02653793702658866,1.740238681067394
as,z_only,642,0.026876946196372854,1.5217427780703359
as,z_only,643,0.027274975768037075,1.5082916344695902
as,z_only,644,0.02645853610806854,1.4670517458413066
as,z_only,645,0.026769827338611094,1.674154791181065
as,z_only,646,0.02655792587169053,1.5559847380885676
as,z_only,647,0.026606708508666914,1.4679224279820446
as,z_only,648,0.02685973421706503,1.5354171272573292
as,z_only,649,0.026396830280652952,1.5796400861301352
as,z_only,650,0.026472605029292832,1.4071745958166093
as,z_only,651,0.02652900278496481,1.408366201037664
as,z_only,652,0.026665241180400718,1.4599129205132646
as,z_only,653,0.027042841628551736,1.6413489175156628
as,z_only,654,0.026396659782123168,1.5997848678905255
as,z_only,655,0.026746777691847617,1.5663515840251045
as,z_only,656,0.026351593896769172,1.5589111343802324
as,z_only,657,0.026779186466979736,1.4902369771406316
as,z_only,658,0.026681308639921335,1.6141134243753785
as,z_only,659,0.026396169850135733,1.7445166226885358
as,z_only,660,0.026858446612002748,1.524853206877382
as,z_only,661,0.0264365483953114,1.5117622017677452
as,z_only,662,0.026711619958148622,1.670174706096509
as,z_only,663,0.027024522621764992,1.8050680935493952
as,z_only,664,0.02680834670775572,1.6500434643461475
as,z_only,665,0.026551514428942175,1.5035011303353194
as,z_only,666,0.027009091232700358,1.5690353488937412
as,z_only,667,0.026752601432493073,1.610098210614411
as,z_only,668,0.026486057405850683,1.6291273019442334
as,z_only,669,0.026505062340081053,1.6145822468030788
as,z_only,670,0.026880748294563488,1.4883314060347568
as,z_only,671,0.02671863637742882,1.555848674433704
as,z_only,672,0.02705290420091851,1.5960537385285996
as,z_only,673,0.026634360755056204,1.7070772300506507
as,z_only,674,0.026641134211026256,1.6660482948330928
as,z_only,675,0.026875848419615378,1.5368432520274102
as,z_only,676,0.026823432548976553,1.4035106648804738
as,z_only,677,0.02656054790530247,1.491472784379745
as,z_only,678,0.026686681907995974,1.6300335473921208
as,z_only,679,0.02646777466083199,1.5451940411624574
as,z_only,680,0.026541797293094957,1.457370428994468
as,z_only,681,0.02644502951627245,1.5728482905083772
as,z_only,682,0.026665668593011158,1.731086375830992
as,z_only,683,0.02631757834877192,1.5591168947359633
as,z_only,684,0.027185768957039724,1.5875956095049193
as,z_only,685,0.027177457260376358,1.5413740789387476
as,z_only,686,0.02673130082871298,1.5490342660422138
as,z_only,687,0.02669380845621808,1.4338836056118935
as,z_only,688,0.026759999161295615,1.6811945288057508
as,z_only,689,0.02676404529257976,1.6506118844447628
as,z_only,690,0.02645727567329644,1.7428972967195606
as,z_only,691,0.026182083669227488,1.7472962545165562
as,z_only,692,0.026579495402782476,1.545726276877652
as,z_only,693,0.026724365041823052,1.5267745511503608
as,z_only,694,0.027053555766700193,1.5309547191486912
as,z_only,695,0.026626424471217863,1.4131881339461436
as,z_only,696,0.026877203386506527,1.6196145091388667
as,z_only,697,0.026829138176281516,1.5653020094869152
as,z_only,698,0.02676669904557722,1.5217285027236602
as,z_only,699,0.0268952428995749,1.5627647438888757
as,z_only,700,0.02674954342732752,1.6588762170156952
as,z_only,701,0.026708618639780374,1.624030450046091
as,z_only,702,0.026790852711941232,1.5060605544585386
as,z_only,703,0.02696344223532942,1.5009140763084563
as,z_only,704,0.02637735436889144,1.4865908413252762
as,z_only,705,0.026687864688226707,1.4567450352749292
as,z_only,706,0.02678648908558821,1.4423120594848402
as,z_only,707,0.027071310551382448,1.722096475421014
as,z_only,708,0.02628017222682757,1.588733885526832
as,z_only,709,0.026654873048968332,1.6551400809001842
as,z_only,710,0.027039626394754008,1.5133675155499995
as,z_only,711,0.02687181220489602,1.5865210893848123
as,z_only,712,0.026590884843822105,1.6102774290797452
as,z_only,713,0.026945348550230515,1.4849768451784755
as,z_only,714,0.026854860225728406,1.5477466532280366
as,z_only,715,0.0265719266652645,1.5480395015645385
as,z_only,716,0.026392488069222612,1.5912289567695606
as,z_only,717,0.026932289905290643,1.6661951188089326
as,z_only,718,0.0265869902416447,1.4937808914740558
as,z_only,719,0.026596633062654237,1.5221006173003016
as,z_only,720,0.026953500944671013,1.4144105740341912
as,z_only,721,0.026665546438037768,1.6206702159265538
as,z_only,722,0.026819584795670134,1.6253429530224885
as,z_only,723,0.026857688355007858,1.6951712617184935
as,z_only,724,0.026503387486424806,1.5515228954056968
as,z_only,725,0.026571959030275344,1.6747950066627764
as,z_only,726,0.027076000006639567,1.575903081674588
as,z_only,727,0.027202193634396157,1.52946341961466
as,z_only,728,0.027112657017531582,1.5077240463557866
as,z_only,729,0.02665312276370241,1.626614976392772
as,z_only,730,0.026272390347458464,1.5511799681788099
as,z_only,731,0.026815873789525976,1.5893632879534976
as,z_only,732,0.02693882506799624,1.5440322426436077
as,z_only,733,0.027084172821648572,1.5047159325094623
as,z_only,734,0.02658766696798082,1.4696469699394261
as,z_only,735,0.02709288315789225,1.5744212608471915
as,z_only,736,0.02644835247148632,1.597235003404173
as,z_only,737,0.026903405882535036,1.583084833872168
as,z_only,738,0.027068171543446554,1.5806354018205606
as,z_only,739,0.026227179618368606,1.6445809576873858
as,z_only,740,0.026310916213565752,1.4730635790935942
as,z_only,741,0.026548313816364875,1.7011506143862405
as,z_only,742,0.026599892009940916,1.570379714299065
as,z_only,743,0.026942524075093895,1.4301070864082632
as,z_only,744,0.02667697827922865,1.4101446702598475
as,z_only,745,0.026731154102969605,1.6808770779226518
as,z_only,746,0.026491925574454737,1.5150099223325133
as,z_only,747,0.026430593146253047,1.42139772272161
as,z_only,748,0.02680220845201622,1.6352728249643707
as,z_only,749,0.026550032691463138,1.6103142272323163
as,z_only,750,0.02698002188694959,1.487936019345027
as,z_only,751,0.027104105723925073,1.5361364304996041
as,z_only,752,0.027120965622596513,1.402815612717206
as,z_only,753,0.026981930256882062,1.7258578482520748
as,z_only,754,0.026467497441237775,1.4923962704126574
as,z_only,755,0.026752775094959907,1.5658244475204008
as,z_only,756,0.026577824497840734,1.5368989430778919
as,z_only,757,0.026749671491543347,1.596378722451038
as,z_only,758,0.0264296628331346,1.7134515815448308
as,z_only,759,0.02673056408380478,1.6511047349315542
as,z_only,760,0.02662303646529561,1.503047007574499
as,z_only,761,0.027281626335592283,1.6916644338912055
as,z_only,762,0.026908672489891945,1.6414873010854236
as,z_only,763,0.026531993551315556,1.5521557786738802
as,z_only,764,0.026839940365395793,1.4307558059013108
as,z_only,765,0.02662248242858758,1.6670547731519219
as,z_only,766,0.026842186434075637,1.7119203559121492
as,z_only,767,0.027115347055686998,1.683769201562286
as,z_only,768,0.026853669834379423,1.641500120051382
as,z_only,769,0.026629029843607724,1.519745815998049
as,z_only,770,0.026953027291408596,1.586157380667173
as,z_only,771,0.026727360097640034,1.5069044943492853
as,z_only,772,0.02679240217461761,1.5305355790391628
as,z_only,773,0.026564669372772166,1.6288402426707735
as,z_only,774,0.026508816152875116,1.5861745830936427
as,z_only,775,0.02654127397559788,1.5686845717609665
as,z_only,776,0.02674033810339307,1.494829080090267
as,z_only,777,0.026710661591757116,1.4727005700493117
as,z_only,778,0.026772183666002203,1.568335896357299
as,z_only,779,0.026948301280999315,1.4874735968849546
as,z_only,780,0.026735545955706107,1.606514300898675
as,z_only,781,0.02686877672072878,1.474478826160487
as,z_only,782,0.027021542124430555,1.5581531774865467
as,z_only,783,0.02679488543719055,1.5917192798196742
as,z_only,784,0.026374682555778302,1.6546921671854147
as,z_only,785,0.026445333301553294,1.6202439956698822
as,z_only,786,0.02666591222334937,1.6036803594147198
as,z_only,787,0.02648366355830659,1.676485444125794
as,z_only,788,0.026391738300354923,1.6555368799432082
as,z_only,789,0.026572198885368912,1.521390697878935
as,z_only,790,0.02663267979026299,1.5650583606031563
as,z_only,791,0.026464842893867663,1.685779277046912
as,z_only,792,0.026896759350163457,1.514626713394845
as,z_only,793,0.026988676934683188,1.6278813273600186
as,z_only,794,0.026884750236289844,1.626597866857519
as,z_only,795,0.026529295304848405,1.5422906407782284
as,z_only,796,0.026900126979892747,1.5885417717590646
as,z_only,797,0.026391007487212896,1.5901144420106021
as,z_only,798,0.026959861002865213,1.4524923443775386
as,z_only,799,0.026674044841489965,1.5868946409620908
as,z_only,800,0.026582567174031957,1.5539880342653514
as,z_only,801,0.026350496580850417,1.4885420197362589
as,z_only,802,0.026644169642093218,1.5778682289848533
as,z_only,803,0.026867628768766045,1.507222908428644
as,z_only,804,0.02652185531614041,1.486525190885782
as,z_only,805,0.02706523937467738,1.5714689215351718
as,z_only,806,0.026936784050465477,1.4715779113775662
as,z_only,807,0.02618721374281929,1.567336601570105
as,z_only,808,0.026922823029115764,1.5327144253241034
as,z_only,809,0.02611412090244569,1.5212002815520456
as,z_only,810,0.0266520959166775,1.4424609280237397
as,z_only,811,0.026681365357050364,1.5553445142741837
as,z_only,812,0.026801168312634002,1.6645524654294381
as,z_only,813,0.026814012334975584,1.8061108986229792
as,z_only,814,0.026757882027359754,1.5626500165363262
as,z_only,815,0.02665911386559656,1.48882133636862
as,z_only,816,0.026304573374146198,1.7176476854799712
as,z_only,817,0.026411326486829798,1.7471763940595133
as,z_only,818,0.027009414857717313,1.502763149944996
as,z_only,819,0.02668202660562362,1.477835289009002
as,z_only,820,0.027056255532865624,1.5714570875524447
as,z_only,821,0.026695496697494003,1.6098957326108236
as,z_only,822,0.026881665989025767,1.5177809464942051
as,z_only,823,0.02642696711067327,1.6006197183097333
as,z_only,824,0.0264307681359007,1.4142249219580123
as,z_only,825,0.02685294253099092,1.3217413444085169
as,z_only,826,0.02700126944231576,1.5900706730032492
as,z_only,827,0.026689900791074757,1.7248291083069214
as,z_only,828,0.026842083744720024,1.6476899630730641
as,z_only,829,0.026921038044691703,1.4803016030882081
as,z_only,830,0.02699279689712984,1.6842201717043848
as,z_only,831,0.02642621475874571,1.5540492937052035
as,z_only,832,0.02669514411697162,1.6898960379892554
as,z_only,833,0.027001533745614124,1.6164970425708742
as,z_only,834,0.02677193234936245,1.63694720245563
as,z_only,835,0.026816409119328366,1.6603745891358186
as,z_only,836,0.026550744458228918,1.5755205931684397
as,z_only,837,0.026712837020223812,1.7300750142546821
as,z_only,838,0.027047363591582968,1.6562349113784416
as,z_only,839,0.02657008368866779,1.5203467977137306
as,z_only,840,0.02659246874114821,1.5478569526718369
as,z_only,841,0.026595443048374103,1.623217249823678
as,z_only,842,0.02709176244554093,1.5764942919558032
as,z_only,843,0.02645089509724918,1.556207549221177
as,z_only,844,0.02696886370162529,1.4963748095700315
as,z_only,845,0.02656675250414327,1.7430062892221854
as,z_only,846,0.026535252861075775,1.566195228286866
as,z_only,847,0.026316713712059556,1.5396942304286059
as,z_only,848,0.026582812057754174,1.485253978128159
as,z_only,849,0.026499676878105092,1.5822780742420806
as,z_only,850,0.026360095996075847,1.601810510949808
as,z_only,851,0.026742501293205746,1.5122545027123462
as,z_only,852,0.026559742005389308,1.4981699971261204
as,z_only,853,0.026725898286873443,1.4212726601775232
as,z_only,854,0.026927146410539837,1.4596608387339156
as,z_only,855,0.0268489960457163,1.6085846988597865
as,z_only,856,0.02654759544598714,1.687887988747
as,z_only,857,0.026116363745277982,1.5369939753128399
as,z_only,858,0.026867467695629536,1.77886536528305
as,z_only,859,0.026739076907072664,1.5293546656901154
as,z_only,860,0.026716671279985022,1.6592935051177973
as,z_only,861,0.027336662245184846,1.4960500901430935
as,z_only,862,0.027164092721607566,1.6016246373789897
as,z_only,863,0.026751181698855157,1.4966292497037401
as,z_only,864,0.02668541323346553,1.6052769956635664
as,z_only,865,0.026393317797400295,1.5786581247489326
as,z_only,866,0.026787574038718814,1.7214523911855961
as,z_only,867,0.026749202287326128,1.6847671589880038
as,z_only,868,0.026658801307281405,1.4805899895594368
as,z_only,869,0.027028238866491652,1.5485214747619596
as,z_only,870,0.026189701714045284,1.5143602705503505
as,z_only,871,0.026780464858858037,1.6140850003501255
as,z_only,872,0.02653715133910703,1.5415503693385981
as,z_only,873,0.026746998579001487,1.5328694097935387
as,z_only,874,0.026942778020252463,1.5717080299804602
as,z_only,875,0.026489409652758946,1.4863567183045605
as,z_only,876,0.026572995482153642,1.5789898937655338
as,z_only,877,0.02655913939640835,1.733843626400148
as,z_only,878,0.02642699680227404,1.5695580009387138
as,z_only,879,0.026711112362341676,1.551076013706287
as,z_only,880,0.026515255642681913,1.5609523199280868
as,z_only,881,0.0267535734668337,1.5188803859971856
as,z_only,882,0.026609883447974096,1.5883095398655738
as,z_only,883,0.02676211725791799,1.5442344016849294
as,z_only,884,0.026730132882066826,1.4795881368616897
as,z_only,885,0.026849604778604375,1.5146409494774626
as,z_only,886,0.026507551683971488,1.4994195874630165
as,z_only,887,0.02674868090294048,1.5138948397866714
as,z_only,888,0.026971113807842808,1.6049001857215084
as,z_only,889,0.026401047714142388,1.641404127251437
as,z_only,890,0.026746168999418788,1.5744263661451243
as,z_only,891,0.027135200198354907,1.5122820403770614
as,z_only,892,0.026547697779786265,1.4513888532934103
as,z_only,893,0.02697262978901756,1.5941602706841214
as,z_only,894,0.026727248827342245,1.467994926935007
as,z_only,895,0.026768936903267853,1.6114907109133165
as,z_only,896,0.0266121538628326,1.6644951402526962
as,z_only,897,0.02649244698357867,1.5399103689957394
as,z_only,898,0.027092698871940102,1.5603691211525388
as,z_only,899,0.026210395784652535,1.7247568987027746
as,z_only,900,0.026724051091933893,1.5663473680327795
as,z_only,901,0.02662319274139157,1.616511343980692
as,z_only,902,0.027073863799440736,1.574671675279783
as,z_only,903,0.02687639856825776,1.559257964159244
as,z_only,904,0.0263747666646266,1.5443770821256866
as,z_only,905,0.02614355538459085,1.4524030552764091
as,z_only,906,0.026622023445565697,1.5780147612414452
as,z_only,907,0.026313258992408634,1.663893544215688
as,z_only,908,0.026722935981711566,1.6268305564012706
as,z_only,909,0.027201339774401374,1.5806988411685703
as,z_only,910,0.026856828128707377,1.6426687684233512
as,z_only,911,0.026777072252920843,1.5783716919170416
as,z_only,912,0.026493244236191277,1.4578718362044445
as,z_only,913,0.026679099875061937,1.4665150276452275
as,z_only,914,0.027071922951080803,1.541902265518254
as,z_only,915,0.026425157218763026,1.6604294630516745
as,z_only,916,0.026790115273974548,1.62953670825818
as,z_only,917,0.02688338877453597,1.4980353829549218
as,z_only,918,0.02677196337231353,1.739360883397866
as,z_only,919,0.02704685111744802,1.6653591859739985
as,z_only,920,0.02699890141431793,1.6289417931034782
as,z_only,921,0.026674185257628692,1.4841508759569677
as,z_only,922,0.026607253059178767,1.4890040665459312
as,z_only,923,0.0264460998658628,1.549608351058067
as,z_only,924,0.027063507362479942,1.59212468102844
as,z_only,925,0.026498568918475934,1.479021714492642
as,z_only,926,0.02671562817749233,1.4885300400392005
as,z_only,927,0.026558802678946898,1.4248402393609771
as,z_only,928,0.026589225795896253,1.6763524568804653
as,z_only,929,0.026693898585002342,1.5122897251136942
as,z_only,930,0.026622520109022395,1.6708727183755003
as,z_only,931,0.027110526067905864,1.6172227245298547
as,z_only,932,0.02664129003028269,1.6487206144948312
as,z_only,933,0.026860264115269372,1.5557137312338296
as,z_only,934,0.02674642568704986,1.6222359202062901
as,z_only,935,0.026768744329221567,1.5885062853551597
as,z_only,936,0.0263837747478461,1.5421345166781983
as,z_only,937,0.027071129378755172,1.6459740947899248
as,z_only,938,0.026747609586604076,1.5942884911093567
as,z_only,939,0.02664141448804382,1.473157839853594
as,z_only,940,0.026565777248945228,1.5815371524090471
as,z_only,941,0.02681981783059546,1.5798336127903756
as,z_only,942,0.02648178184272284,1.5183469448837439
as,z_only,943,0.026606318636537667,1.6452657233772823
as,z_only,944,0.026976763568941343,1.5000417556580743
as,z_only,945,0.026680296088822945,1.6115350090984373
as,z_only,946,0.026737235079875864,1.6413215008130184
as,z_only,947,0.027013071929443255,1.6450279267554795
as,z_only,948,0.02674449560066137,1.6078936287881482
as,z_only,949,0.02696915580034239,1.433473421797235
as,z_only,950,0.027302076250663058,1.5459801528790755
as,z_only,951,0.027215616890341847,1.6097939056035135
as,z_only,952,0.02645415113361775,1.4987473849256674
as,z_only,953,0.026939192964481964,1.6691865471066867
as,z_only,954,0.026462766368098002,1.4703314538684622
as,z_only,955,0.0267887581582123,1.5358963326059452
as,z_only,956,0.026667168657071878,1.5496458376102935
as,z_only,957,0.026580125894832954,1.7233613680080768
as,z_only,958,0.02621545160398312,1.5383749099012825
as,z_only,959,0.02660128032216965,1.6384016099966292
as,z_only,960,0.026508674900618003,1.6223716116831355
as,z_only,961,0.02670141385980075,1.6601251223677684
as,z_only,962,0.027092712905617895,1.4721011137703195
as,z_only,963,0.026880420960868713,1.5774031933471602
as,z_only,964,0.026531256877487,1.6341977503332326
as,z_only,965,0.026647955612184866,1.6272353097968462
as,z_only,966,0.026571587787437127,1.6134530901860185
as,z_only,967,0.026877230098213998,1.7377790555566173
as,z_only,968,0.02678297981629459,1.5597076642752352
as,z_only,969,0.026525591037551012,1.5596660788160805
as,z_only,970,0.026617794588924625,1.4515821171015617
as,z_only,971,0.02650258447817187,1.511878957139792
as,z_only,972,0.026965622146982244,1.592053326536749
as,z_only,973,0.026888161004307954,1.6416618194615908
as,z_only,974,0.02678733219104234,1.4915681615810648
as,z_only,975,0.026629398977660063,1.5262038035491998
as,z_only,976,0.026917236510705208,1.5392893001090955
as,z_only,977,0.026432887034044464,1.5814031609141472
as,z_only,978,0.026794656547990865,1.5796788962749255
as,z_only,979,0.026756299804890353,1.5280794900534997
as,z_only,980,0.026804288138276868,1.6350760415357253
as,z_only,981,0.02632417308122836,1.5384235070755339
as,z_only,982,0.026876301870175933,1.565579908133137
as,z_only,983,0.026645724559807175,1.5285548323706943
as,z_only,984,0.02623553242752982,1.5840814930173077
as,z_only,985,0.02653107373459786,1.6734074551456442
as,z_only,986,0.026775748181278744,1.4004938827846125
as,z_only,987,0.026297476234480532,1.6139866488311416
as,z_only,988,0.0266979103096937,1.4899852588471059
as,z_only,989,0.026874655348117914,1.5829547512725366
as,z_only,990,0.026895460339194353,1.5975870620902224
as,z_only,991,0.026785306748499466,1.5318790717765318
as,z_only,992,0.02687012652303316,1.5376368306088168
as,z_only,993,0.026882592289364186,1.562066187398848
as,z_only,994,0.026721030257272474,1.5347628345765663
as,z_only,995,0.026827445155194,1.4049887826530596
as,z_only,996,0.026691151476741237,1.6961290610969753
as,z_only,997,0.026973797391522832,1.6429988655429362
as,z_only,998,0.026592676598025347,1.792245803062032
as,z_only,999,0.026910220179939853,1.680909158368547
bp,x_only,0,0.026435629502368958,1.4116034425954316
bp,x_only,1,0.026289380300378595,1.4199187687305075
bp,x_only,2,0.025806665165853206,1.6641296323768495
bp,x_only,3,0.02658861617139722,1.6472757376853293
bp,x_only,4,0.026181722273718126,1.5791411396862327
bp,x_only,5,0.02610908399287653,1.563089094149828
bp,x_only,6,0.02642211274703519,1.571640170255866
bp,x_only,7,0.026249273376864272,1.5289534660429889
bp,x_only,8,0.026404816316674053,1.586589325146821
bp,x_only,9,0.02640806863944871,1.501499397543909
bp,x_only,10,0.02612287339259157,1.6568643532545675
bp,x_only,11,0.02632349626977259,1.6468989478030192
bp,x_only,12,0.026128934138898108,1.649614385430279
bp,x_only,13,0.026406093802150605,1.5390173595479206
bp,x_only,14,0.026253966768019745,1.4746320629066667
bp,x_only,15,0.026366064504048277,1.5394552366163794
bp,x_only,16,0.026003148439339374,1.506516478978702
bp,x_only,17,0.026034276089733455,1.708437424034446
bp,x_only,18,0.02583238768117687,1.5395030963109886
bp,x_only,19,0.02616323197976083,1.470291235607995
bp,x_only,20,0.026335858789275038,1.4077647999886915
bp,x_only,21,0.026236765266500595,1.6957256960840406
bp,x_only,22,0.02581472301044463,1.6018616828586278
bp,x_only,23,0.02604672327648733,1.6106913200705864
bp,x_only,24,0.026083839222224868,1.5260010956279315
bp,x_only,25,0.025801426093347072,1.6349837629440829
bp,x_only,26,0.026215101239938993,1.5562272537542152
bp,x_only,27,0.025880101153344395,1.5527996796385117
bp,x_only,28,0.026150883921569723,1.7950998492559032
bp,x_only,29,0.026279581275249122,1.629570922811932
bp,x_only,30,0.02634480113262458,1.4943014163704726
bp,x_only,31,0.026058391388911195,1.5490835534340395
bp,x_only,32,0.026013308379223745,1.4774544266812797
bp,x_only,33,0.0261700512503866,1.4820006885299204
bp,x_only,34,0.026072025993276956,1.6051536503307684
bp,x_only,35,0.026041756012152622,1.6545926051700341
bp,x_only,36,0.02611025347924874,1.5630133847250316
bp,x_only,37,0.0261704506420563,1.6359851377567787
bp,x_only,38,0.02642580083434257,1.524113460016569
bp,x_only,39,0.026321010201319415,1.6951364208871482
bp,x_only,40,0.026021279122742973,1.4787222397825777
bp,x_only,41,0.026306910574842503,1.5909298528840115
bp,x_only,42,0.026067365283413736,1.6442138644065674
bp,x_only,43,0.02632084598698449,1.5470347083336196
bp,x_only,44,0.026301956631911098,1.5334463522043216
bp,x_only,45,0.026531123857734623,1.4522553407354366
bp,x_only,46,0.026233437629993278,1.659379453460487
bp,x_only,47,0.02645058675110921,1.483369339207792
bp,x_only,48,0.025748263345932207,1.5200683028098723
bp,x_only,49,0.026297915548939028,1.4150072104771023
bp,x_only,50,0.02611527435238907,1.5585302726237606
bp,x_only,51,0.026457058091533127,1.3784864535301686
bp,x_only,52,0.02613207569678642,1.4304362513388174
bp,x_only,53,0.026048898745015214,1.4472740708148402
bp,x_only,54,0.02603916934477384,1.4432708708592816
bp,x_only,55,0.026147888295872685,1.5418758021968355
bp,x_only,56,0.02603651157165621,1.5323902865095809
bp,x_only,57,0.02640922678516449,1.4657935726736355
bp,x_only,58,0.026191152848174536,1.4607123393634087
bp,x_only,59,0.026292210593026125,1.6227744762553185
bp,x_only,60,0.026396681254048142,1.4446814335616185
bp,x_only,61,0.026527110797088353,1.5850490165106508
bp,x_only,62,0.02615303603794208,1.5528288583081968
bp,x_only,63,0.026071189117866433,1.4722097634473899
bp,x_only,64,0.026003242325875427,1.4941849038186474
bp,x_only,65,0.026122932268504834,1.585670567025225
bp,x_only,66,0.02568872276360448,1.4007636756733086
bp,x_only,67,0.026070355666538474,1.4589476720319834
bp,x_only,68,0.02618887573769319,1.4479048670927313
bp,x_only,69,0.025866429542777576,1.4321246452724843
bp,x_only,70,0.02631528178209841,1.5600510969865382
bp,x_only,71,0.025961393227674275,1.552551541067266
bp,x_only,72,0.02611370917757614,1.6907535277871444
bp,x_only,73,0.026143720139077523,1.636685128438166
bp,x_only,74,0.026237230525997923,1.5565895199778925
bp,x_only,75,0.026628794982508485,1.6701522739064374
bp,x_only,76,0.026362356667792516,1.592483841102818
bp,x_only,77,0.026229238245070646,1.65977904324411
bp,x_only,78,0.02590749217647099,1.631498505462343
bp,x_only,79,0.02613090662193006,1.6681264611403541
bp,x_only,80,0.02621978122340465,1.5624264411388404
bp,x_only,81,0.02612776970177949,1.6419155872550533
bp,x_only,82,0.026372326393051076,1.6608819197057438
bp,x_only,83,0.02669215451332804,1.509705203410215
bp,x_only,84,0.02612739788579043,1.437848455217599
bp,x_only,85,0.02592888053474922,1.5767596423353158
bp,x_only,86,0.026100581338909006,1.504771391459807
bp,x_only,87,0.026325235042242462,1.6075871435297877
bp,x_only,88,0.026268316881796646,1.575304861791298
bp,x_only,89,0.026091453702067863,1.429148936265245
bp,x_only,90,0.026541345215850953,1.4227052847700106
bp,x_only,91,0.02649227354736056,1.545160857599747
bp,x_only,92,0.025869460584111974,1.499512112285095
bp,x_only,93,0.026002675206255967,1.5472300021575023
bp,x_only,94,0.026389062797543432,1.4938318676557014
bp,x_only,95,0.026143089964318245,1.5754008403904565
bp,x_only,96,0.026400506129992417,1.362673947710482
bp,x_only,97,0.025927183855102075,1.5003397484814358
bp,x_only,98,0.02618360218937822,1.5520459550236814
bp,x_only,99,0.026381957303242824,1.5761545210385326
bp,x_only,100,0.026253340262198294,1.534635594923766
bp,x_only,101,0.026407908833140956,1.514942452920174
bp,x_only,102,0.025809967080136668,1.5782020057570918
bp,x_only,103,0.026326737204212063,1.5051102408454355
bp,x_only,104,0.025945411246364992,1.6056531619240144
bp,x_only,105,0.026094026545546205,1.7073356368774755
bp,x_only,106,0.026107310582818292,1.6140554924404074
bp,x_only,107,0.026010688527654084,1.4649413644210918
bp,x_only,108,0.0264316460915328,1.503369160426387
bp,x_only,109,0.02625472614137818,1.5538452206264177
bp,x_only,110,0.025764149891013482,1.519916364451474
bp,x_only,111,0.02635684309362925,1.5101659913103296
bp,x_only,112,0.026421913924895755,1.5076376381270074
bp,x_only,113,0.026042089100823444,1.6255039166844976
bp,x_only,114,0.026089901535315818,1.4375915724918773
bp,x_only,115,0.02596718092296744,1.4717799002134357
bp,x_only,116,0.02613188496508857,1.4657290016634776
bp,x_only,117,0.026022052158297497,1.327351694723994
bp,x_only,118,0.025770739285263015,1.5125156368740225
bp,x_only,119,0.026452968906534008,1.602184048722654
bp,x_only,120,0.026251105196673428,1.535303544329898
bp,x_only,121,0.02642389097692198,1.6969165141278777
bp,x_only,122,0.02638186376971387,1.5988453928644826
bp,x_only,123,0.02603607949447727,1.564412640947083
bp,x_only,124,0.026473107715583196,1.5495781319299975
bp,x_only,125,0.026030107371829838,1.5115312830790888
bp,x_only,126,0.025899756815175895,1.567486562777468
bp,x_only,127,0.026272032442973516,1.6048009360201902
bp,x_only,128,0.025996880155724458,1.5549794761892286
bp,x_only,129,0.026159765443544484,1.482548235009371
bp,x_only,130,0.026218454402440142,1.6480412790469385
bp,x_only,131,0.026301299496757,1.5464102341391417
bp,x_only,132,0.025897615848500668,1.447820228094852
bp,x_only,133,0.026317596941920023,1.4865441573289615
bp,x_only,134,0.026668151285607383,1.5674492599437204
bp,x_only,135,0.026047504182937647,1.538555680555683
bp,x_only,136,0.026177513430626635,1.8103912800687623
bp,x_only,137,0.02618521914796762,1.6032738405426632
bp,x_only,138,0.026286793506057192,1.680021270102609
bp,x_only,139,0.026294518575263805,1.6021536153832738
bp,x_only,140,0.02620844066421652,1.5461687204067047
bp,x_only,141,0.02607379739843104,1.4513354059541173
bp,x_only,142,0.026444033767716313,1.5431244302897942
bp,x_only,143,0.02608877271236118,1.5623736297898476
bp,x_only,144,0.026172772680284492,1.4940455803721129
bp,x_only,145,0.02615531760534302,1.5821734267857341
bp,x_only,146,0.026302545143693564,1.701475976693187
bp,x_only,147,0.026165705880002263,1.4546140944919073
bp,x_only,148,0.02606317943750756,1.556467455126064
bp,x_only,149,0.026129043787598016,1.5542082182379946
bp,x_only,150,0.02624044719969429,1.5998654932148175
bp,x_only,151,0.02598395744962502,1.5408128642303929
bp,x_only,152,0.025854181375116782,1.5742632231819558
bp,x_only,153,0.026397603859913236,1.5222569597131834
bp,x_only,154,0.026163020981303995,1.6128944379396355
bp,x_only,155,0.026234011136830604,1.5793375373735472
bp,x_only,156,0.026497647351731435,1.4866349279544733
bp,x_only,157,0.026149984572603174,1.5193215651485539
bp,x_only,158,0.026467252561850004,1.578956388939055
bp,x_only,159,0.02608936254213875,1.5153219913628726
bp,x_only,160,0.026394190362694605,1.5365189547288292
bp,x_only,161,0.02608490693909742,1.5835985825840817
bp,x_only,162,0.025953037914550055,1.6870115460503743
bp,x_only,163,0.026449080666553344,1.3967711782389125
bp,x_only,164,0.025787745865018464,1.520687323883472
bp,x_only,165,0.02613434280434837,1.5918815154978116
bp,x_only,166,0.026377461234314895,1.4335444685567953
bp,x_only,167,0.02620834229723777,1.505015730953954
bp,x_only,168,0.02602785068723562,1.4637475827860384
bp,x_only,169,0.02594068262140751,1.5869823577342312
bp,x_only,170,0.026069792687180824,1.57838278010665
bp,x_only,171,0.02654619492617229,1.5207785064500339
bp,x_only,172,0.02606013895796993,1.617252778633422
bp,x_only,173,0.02611006754374611,1.4883641291532361
bp,x_only,174,0.025969444500056147,1.438772042649843
bp,x_only,175,0.02644053411905142,1.5260041593627955
bp,x_only,176,0.025905082679397298,1.6087484807631913
bp,x_only,177,0.026107472624095244,1.4687322741697733
bp,x_only,178,0.026236082165438903,1.376163694191441
bp,x_only,179,0.026511895843952665,1.5325720614042875
bp,x_only,180,0.026556925959850368,1.472807405500907
bp,x_only,181,0.02632348413621428,1.4775058900039593
bp,x_only,182,0.02628994152164799,1.606262808622782
bp,x_only,183,0.026391372837462596,1.539569969719652
bp,x_only,184,0.026525017074710278,1.459264411853074
bp,x_only,185,0.02659554463928114,1.577385098697075
bp,x_only,186,0.026018301755116227,1.5318768931225268
bp,x_only,187,0.02627938386632025,1.5795231630998057
bp,x_only,188,0.026314471480609426,1.452743287811132
bp,x_only,189,0.025920992933515113,1.572097829600905
bp,x_only,190,0.026048685706408562,1.482324821682856
bp,x_only,191,0.026481131731971627,1.50524384146873
bp,x_only,192,0.026097000128719183,1.7319821874626447
bp,x_only,193,0.026188506015626115,1.5293006494258765
bp,x_only,194,0.0266470994340074,1.6752086918723326
bp,x_only,195,0.026038707916435568,1.5003068260619468
bp,x_only,196,0.026425048911263016,1.6350841084627614
bp,x_only,197,0.026376641167545362,1.5336013103775363
bp,x_only,198,0.02624124846490179,1.5560570561806117
bp,x_only,199,0.026364359165061965,1.6179919398089118
bp,x_only,200,0.02614429712906636,1.5370321298300471
bp,x_only,201,0.025678573919181283,1.6154644259223694
bp,x_only,202,0.026137467340508837,1.5608866874396574
bp,x_only,203,0.026277339197066128,1.5986625462905333
bp,x_only,204,0.026346665598602118,1.4901145045233084
bp,x_only,205,0.02626068472159222,1.4861548207853057
bp,x_only,206,0.02627787955987518,1.554065823300836
bp,x_only,207,0.025934110235352286,1.4680104072569513
bp,x_only,208,0.026146495194124073,1.4056910994671223
bp,x_only,209,0.026479572725590424,1.3706342134437883
bp,x_only,210,0.02614670306053311,1.5800377740571487
bp,x_only,211,0.026222504214898183,1.5130896526855055
bp,x_only,212,0.02580923091121992,1.4933179876636316
bp,x_only,213,0.026462548353250015,1.621015214882849
bp,x_only,214,0.025994971588823183,1.6620850610089084
bp,x_only,215,0.026698335768148534,1.6193114001975533
bp,x_only,216,0.026178403635737535,1.5977914485205862
bp,x_only,217,0.026066575708759632,1.4695028390816822
bp,x_only,218,0.026180804181672117,1.4011032258252247
bp,x_only,219,0.026165980598000706,1.4486231269521876
bp,x_only,220,0.026090981740774503,1.4591294749183745
bp,x_only,221,0.0265226631897808,1.5411204557345775
bp,x_only,222,0.025862638149996495,1.489938518344216
bp,x_only,223,0.026389821967047245,1.4238895513130168
bp,x_only,224,0.026020359568037114,1.5691840376100041
bp,x_only,225,0.02594180260592592,1.42086340757324
bp,x_only,226,0.02625679077176899,1.6297652891188605
bp,x_only,227,0.02625177483482291,1.5185077799054392
bp,x_only,228,0.026207265253838874,1.5249771875240201
bp,x_only,229,0.02632701230767155,1.497430500245115
bp,x_only,230,0.026441568856857417,1.4787978772652663
bp,x_only,231,0.026193518624888147,1.5529816841671384
bp,x_only,232,0.026062742046595113,1.4595124345263524
bp,x_only,233,0.025810615259410086,1.6834789031872068
bp,x_only,234,0.025992579170569283,1.5446393928371465
bp,x_only,235,0.025922664493953453,1.4715084396938698
bp,x_only,236,0.02635644750636315,1.5118020630017794
bp,x_only,237,0.026170913366717775,1.4326702896369954
bp,x_only,238,0.026315896708943687,1.437878004473819
bp,x_only,239,0.02613148039873317,1.6222742401758161
bp,x_only,240,0.026469290042110846,1.5147722488967694
bp,x_only,241,0.026397276967585287,1.6492756949766527
bp,x_only,242,0.02591656264777742,1.6363111149665521
bp,x_only,243,0.026194643615488466,1.428505833167468
bp,x_only,244,0.026518156782852374,1.4123130685618683
bp,x_only,245,0.025863718927259728,1.4212248674168075
bp,x_only,246,0.02623412694076529,1.472297021701684
bp,x_only,247,0.026223948600854523,1.4103885448775888
bp,x_only,248,0.02602172281663025,1.5603580101909191
bp,x_only,249,0.026410260190120226,1.5161354261757343
bp,x_only,250,0.026195719566830814,1.5199777012882494
bp,x_only,251,0.026145442381080363,1.5461805107999749
bp,x_only,252,0.02621649116533988,1.5997778180888222
bp,x_only,253,0.026292165701586087,1.5131195303169247
bp,x_only,254,0.0259600222194258,1.6118824197296218
bp,x_only,255,0.026337651528983975,1.442014746437913
bp,x_only,256,0.02631756745291633,1.4408511366710384
bp,x_only,257,0.026396616881732445,1.4872186976679225
bp,x_only,258,0.025991864047000837,1.4633951452008191
bp,x_only,259,0.025916927964170316,1.6391376072721142
bp,x_only,260,0.02626561993723725,1.4971098232597804
bp,x_only,261,0.02610803877940042,1.5869084323216194
bp,x_only,262,0.026439103937565638,1.5423304485232003
bp,x_only,263,0.02620303901547097,1.5996489153675193
bp,x_only,264,0.026066740192784505,1.545383668049415
bp,x_only,265,0.02611961193196065,1.4589223624993986
bp,x_only,266,0.02601270202457651,1.478527662907487
bp,x_only,267,0.026385576858628506,1.5162982840990669
bp,x_only,268,0.026259729277240622,1.5596934475093696
bp,x_only,269,0.026484755413046183,1.584458400581329
bp,x_only,270,0.026121056577046872,1.4421606098229176
bp,x_only,271,0.0262115013318643,1.5844055811521758
bp,x_only,272,0.02649697002620708,1.641775128309817
bp,x_only,273,0.026818464359974262,1.6054366160297897
bp,x_only,274,0.026169969493242084,1.5068260696850988
bp,x_only,275,0.025861514340621634,1.5645126710513446
bp,x_only,276,0.025815155880257224,1.6509135664919918
bp,x_only,277,0.02613162221911773,1.6250782808858026
bp,x_only,278,0.026342238186357676,1.5016171151996998
bp,x_only,279,0.026095688781913734,1.575832275931809
bp,x_only,280,0.025983587002856964,1.5985791812032617
bp,x_only,281,0.026294073918475103,1.5561526127898142
bp,x_only,282,0.0265593663665214,1.5485226718265976
bp,x_only,283,0.026261276357266255,1.5908082549966345
bp,x_only,284,0.02670890592259913,1.758946831603724
bp,x_only,285,0.026081197518106447,1.522016123738555
bp,x_only,286,0.026594406628102474,1.4175256704020125
bp,x_only,287,0.026198947580006845,1.4610543402369274
bp,x_only,288,0.02614993082208951,1.4594503211687513
bp,x_only,289,0.02645385412335021,1.727148311928511
bp,x_only,290,0.026529562015551948,1.4182554791339639
bp,x_only,291,0.026348115042221013,1.6248284129892907
bp,x_only,292,0.026460174676734224,1.5307232376877118
bp,x_only,293,0.026155612708624553,1.6344052941442448
bp,x_only,294,0.026361255886654656,1.5063759940984491
bp,x_only,295,0.02613065078627047,1.559837224521869
bp,x_only,296,0.026202938321093546,1.4057882054347872
bp,x_only,297,0.02603475877901641,1.517652334928463
bp,x_only,298,0.025723798954172795,1.7134111119612994
bp,x_only,299,0.025731836601821267,1.5271616984379055
bp,x_only,300,0.026246957167185437,1.4839328785242507
bp,x_only,301,0.02595888177253977,1.6535223412298115
bp,x_only,302,0.026288171808713404,1.573084542622187
bp,x_only,303,0.026519533544119928,1.5137356518214184
bp,x_only,304,0.02623394396989065,1.5571621689466832
bp,x_only,305,0.026224262269437318,1.618369900897536
bp,x_only,306,0.026099712620730624,1.373936643369394
bp,x_only,307,0.02611248980083769,1.5029041480982455
bp,x_only,308,0.026142790317738317,1.5254014944418157
bp,x_only,309,0.026108035318545112,1.5261060769863655
bp,x_only,310,0.02650931909165141,1.5625399344787476
bp,x_only,311,0.02610497086402634,1.5772369711978844
bp,x_only,312,0.026376888014591274,1.8643708825680887
bp,x_only,313,0.026056467221325454,1.5326710916902542
bp,x_only,314,0.026247005219324642,1.5980530732226144
bp,x_only,315,0.025918836855972006,1.453276771516083
bp,x_only,316,0.026308390182001984,1.499166359679999
bp,x_only,317,0.0260645608851493,1.5130970629325577
bp,x_only,318,0.02595620153908102,1.490867410745793
bp,x_only,319,0.026338376985356644,1.5435298882837305
bp,x_only,320,0.026077624788958455,1.49519819697818
bp,x_only,321,0.025974134073723676,1.49253217107953
bp,x_only,322,0.025959746781299628,1.5031246857265679
bp,x_only,323,0.02642524659864818,1.480643026808488
bp,x_only,324,0.026309607929401627,1.5629114604336787
bp,x_only,325,0.026091133403340058,1.564593894234738
bp,x_only,326,0.026166193229891936,1.442597650617651
bp,x_only,327,0.026073413595965347,1.5296215982318453
bp,x_only,328,0.026028368732544067,1.4706229039330565
bp,x_only,329,0.026289382807423014,1.6302184959952226
bp,x_only,330,0.02630343990672967,1.6976150789388391
bp,x_only,331,0.026177007499051556,1.5622908517071035
bp,x_only,332,0.02591669673231848,1.5470805205194558
bp,x_only,333,0.025973723298695288,1.5673615877323022
bp,x_only,334,0.025797837984165094,1.6559325082236536
bp,x_only,335,0.026334546268621712,1.5640279443368923
bp,x_only,336,0.02610501360257889,1.4751086514087262
bp,x_only,337,0.0260957326762305,1.6230870169768703
bp,x_only,338,0.026020662184982685,1.5041910230860531
bp,x_only,339,0.026013753302347484,1.4545130693021042
bp,x_only,340,0.026150966589306032,1.5660284494205463
bp,x_only,341,0.02625479612582667,1.5284985812535208
bp,x_only,342,0.0261126720797376,1.6357347641449211
bp,x_only,343,0.026397536248160262,1.5467417238316756
bp,x_only,344,0.026093095871741762,1.6594188534502898
bp,x_only,345,0.026104262893042143,1.5710301871509234
bp,x_only,346,0.026388520371626385,1.4114298857701746
bp,x_only,347,0.02606036391708773,1.4851661038378214
bp,x_only,348,0.025933017052631673,1.6137982180097954
bp,x_only,349,0.026261712602634994,1.4378826891939103
bp,x_only,350,0.026085569157661862,1.462502385307192
bp,x_only,351,0.02581929395993739,1.6405590845773315
bp,x_only,352,0.02646458293621578,1.6829326440777888
bp,x_only,353,0.026079270974703198,1.4439286449368656
bp,x_only,354,0.02643016824465671,1.4451461100036784
bp,x_only,355,0.026211124843108575,1.5373127871538548
bp,x_only,356,0.025971184328173108,1.6936705947599633
bp,x_only,357,0.026204323483496755,1.612146217548358
bp,x_only,358,0.026260219629032692,1.4343073110046225
bp,x_only,359,0.02588667889518835,1.6418276263063423
bp,x_only,360,0.02654993195187027,1.6261196417304993
bp,x_only,361,0.025809245697135334,1.5589462058988937
bp,x_only,362,0.026228289132479467,1.456559862390881
bp,x_only,363,0.026367379589025526,1.4951353114680737
bp,x_only,364,0.026147621116276817,1.6196394247974046
bp,x_only,365,0.026962801005874504,1.5292451961455131
bp,x_only,366,0.026027376120943028,1.5961178013113433
bp,x_only,367,0.02611938574010793,1.5735333571981192
bp,x_only,368,0.02613046936954097,1.3890544610280398
bp,x_only,369,0.026313503115884502,1.5923320626188189
bp,x_only,370,0.026064672373265246,1.6040332545684026
bp,x_only,371,0.025744371507475564,1.5251628995224427
bp,x_only,372,0.026341737224448603,1.4680062177132134
bp,x_only,373,0.02633927800768114,1.489487730655391
bp,x_only,374,0.02616550468316103,1.3982444593307652
bp,x_only,375,0.026596106816375975,1.517465703103981
bp,x_only,376,0.026108743424603387,1.5645159704321248
bp,x_only,377,0.026358407709112686,1.5803374509093897
bp,x_only,378,0.025934937777981344,1.5280770312519236
bp,x_only,379,0.026247755477114502,1.3420587384077336
bp,x_only,380,0.026320699394929536,1.6169305180899434
bp,x_only,381,0.02639354968591609,1.4445266012036593
bp,x_only,382,0.026332480096642245,1.3925949975698515
bp,x_only,383,0.026572954027025333,1.5633697439310947
bp,x_only,384,0.026330746980248194,1.5682488037488136
bp,x_only,385,0.026197573158970373,1.732438385391218
bp,x_only,386,0.02604279355325408,1.6272512782061508
bp,x_only,387,0.026099712958101522,1.4910143979655517
bp,x_only,388,0.02636231152874484,1.6964144396878238
bp,x_only,389,0.026221345884815866,1.5661988596990504
bp,x_only,390,0.0261909196490032,1.7095764338310901
bp,x_only,391,0.026173756625858077,1.5949334447912533
bp,x_only,392,0.025982202451775162,1.5539084104440906
bp,x_only,393,0.02624960064095438,1.3616419278053926
bp,x_only,394,0.026030168656130625,1.709360932808039
bp,x_only,395,0.025869359514603715,1.539480228939488
bp,x_only,396,0.025850905512614278,1.5971170942205002
bp,x_only,397,0.025938711615696552,1.56281140685643
bp,x_only,398,0.026220261243767144,1.4071273575738898
bp,x_only,399,0.026249752234498058,1.5865581535064661
bp,x_only,400,0.025850046701627646,1.6853245898535003
bp,x_only,401,0.026334827920075653,1.5306551267735484
bp,x_only,402,0.02580738977723617,1.6167923904015005
bp,x_only,403,0.026004297252192953,1.447106672308991
bp,x_only,404,0.026130552957187088,1.64104123467663
bp,x_only,405,0.026374297236418806,1.5639706641934696
bp,x_only,406,0.026340406138255057,1.4974252907749201
bp,x_only,407,0.026093553002855915,1.4518456096002772
bp,x_only,408,0.02646824382803291,1.6000826102155135
bp,x_only,409,0.025747494805013673,1.5062255685971222
bp,x_only,410,0.02593441645603635,1.5509186245649187
bp,x_only,411,0.02619071660679952,1.5262955717667681
bp,x_only,412,0.0261117120046635,1.6961818412367604
bp,x_only,413,0.026145738372889624,1.594379936950099
bp,x_only,414,0.02659922926533894,1.6531066219657575
bp,x_only,415,0.02589195705447148,1.6685953582760635
bp,x_only,416,0.026375650671836712,1.421229493202169
bp,x_only,417,0.025837118859685974,1.6651915251082878
bp,x_only,418,0.025954728341415902,1.6535820271830812
bp,x_only,419,0.026063244746353117,1.5272876784249403
bp,x_only,420,0.02597793405046103,1.5861804356971567
bp,x_only,421,0.026243914779411015,1.5695696915150827
bp,x_only,422,0.026049908955669818,1.5361424613191688
bp,x_only,423,0.026309316361482888,1.449767650573783
bp,x_only,424,0.026299702485833985,1.4431944579311968
bp,x_only,425,0.02600109673617837,1.4620246040037423
bp,x_only,426,0.025821622995821948,1.546837866534922
bp,x_only,427,0.02638547071123537,1.5557905761490016
bp,x_only,428,0.026191970671296187,1.5473508852536664
bp,x_only,429,0.025966059614609384,1.4993211636992985
bp,x_only,430,0.02650734473812548,1.449498255924084
bp,x_only,431,0.02629259300912934,1.590548011500569
bp,x_only,432,0.0258749483168112,1.567088365434819
bp,x_only,433,0.02631810702283332,1.5267975902262951
bp,x_only,434,0.026081321809885517,1.6183282800812466
bp,x_only,435,0.025982055437708367,1.7786034194029137
bp,x_only,436,0.026703281989868016,1.5907875624683028
bp,x_only,437,0.025709029752207044,1.6661908171982474
bp,x_only,438,0.026478367135431335,1.6398906513265208
bp,x_only,439,0.026460656918517653,1.5765919006059932
bp,x_only,440,0.025808651517577427,1.5647216892675964
bp,x_only,441,0.02625224852819144,1.4405644402292865
bp,x_only,442,0.02577416723274384,1.5341290692627225
bp,x_only,443,0.026297755822218508,1.7068765999830935
bp,x_only,444,0.026397454196460127,1.7230511088294236
bp,x_only,445,0.026179746908963467,1.469087853897041
bp,x_only,446,0.026266654380664462,1.476526100888262
bp,x_only,447,0.026287671963299803,1.586219137310148
bp,x_only,448,0.02600823553915132,1.383495215797113
bp,x_only,449,0.026069655663702732,1.4970532849578473
bp,x_only,450,0.02626494603842471,1.550153306819777
bp,x_only,451,0.02645372364232713,1.5741582369141676
bp,x_only,452,0.026125182317357814,1.5187166536048606
bp,x_only,453,0.02614417352470181,1.5570719448457633
bp,x_only,454,0.026185983235995802,1.589911876477723
bp,x_only,455,0.02640336152506205,1.3892778019473326
bp,x_only,456,0.026059461591657382,1.5205896588331185
bp,x_only,457,0.026333001698793625,1.4729047012420877
bp,x_only,458,0.025845498429684702,1.6292856324636737
bp,x_only,459,0.026207044458941342,1.491325494475561
bp,x_only,460,0.026185538189090984,1.4460742429005813
bp,x_only,461,0.026544273320502385,1.5206751558526461
bp,x_only,462,0.025628576954781313,1.3812669440184449
bp,x_only,463,0.025885780498838336,1.477062168670012
bp,x_only,464,0.026271985325983134,1.5701189407278564
bp,x_only,465,0.026388177488376695,1.4955495177681393
bp,x_only,466,0.026373794933176146,1.340910599615506
bp,x_only,467,0.026133170225345698,1.5090129103842347
bp,x_only,468,0.026114972720012168,1.70893980438721
bp,x_only,469,0.026358901172969986,1.4358335093076118
bp,x_only,470,0.025922845547558162,1.5158823292807166
bp,x_only,471,0.02578763304139195,1.511864049515047
bp,x_only,472,0.026324777798682933,1.58968174275209
bp,x_only,473,0.026097355480307786,1.4443590479001265
bp,x_only,474,0.025951365759430543,1.6904519361937593
bp,x_only,475,0.025694273259964946,1.5475709013772478
bp,x_only,476,0.02595006438445363,1.5195964441366008
bp,x_only,477,0.026209129325869142,1.4901976632638694
bp,x_only,478,0.025852893843562114,1.4463387208887275
bp,x_only,479,0.025967653677340316,1.6183049452249618
bp,x_only,480,0.026124220148658752,1.4683283551379949
bp,x_only,481,0.026343467354512838,1.5194763676477812
bp,x_only,482,0.026037165244915634,1.665951440967668
bp,x_only,483,0.02615880966803581,1.5413936264014152
bp,x_only,484,0.02643900427073391,1.5012533509103567
bp,x_only,485,0.026267324352503906,1.38729428504268
bp,x_only,486,0.02620921142833372,1.4075784908172784
bp,x_only,487,0.02635992753077616,1.5175119319986456
bp,x_only,488,0.026536557957687334,1.6386968183338426
bp,x_only,489,0.02598717741347565,1.530880765575042
bp,x_only,490,0.026449579146614558,1.5488480088129397
bp,x_only,491,0.026276147905897825,1.355949591100879
bp,x_only,492,0.026693414893513796,1.6780756832852068
bp,x_only,493,0.026361783506108485,1.5195039571463838
bp,x_only,494,0.026420935387510894,1.5077734874055804
bp,x_only,495,0.02636720864036194,1.597003482452401
bp,x_only,496,0.026333794519683235,1.492759569304432
bp,x_only,497,0.026497021634502432,1.4948908614231056
bp,x_only,498,0.02602355102661945,1.536115276575864
bp,x_only,499,0.026123558131956257,1.5114879716972605
bp,x_only,500,0.02627140095133771,1.6489247454634652
bp,x_only,501,0.026701897260782786,1.5407102924311802
bp,x_only,502,0.026224378662004024,1.5886372069042765
bp,x_only,503,0.02601081181036865,1.5009184116425214
bp,x_only,504,0.026149066294693785,1.5540772275727701
bp,x_only,505,0.026200219679086013,1.3994898851218294
bp,x_only,506,0.025993418158540293,1.6089556648333168
bp,x_only,507,0.026067827960614163,1.5597841982017349
bp,x_only,508,0.02621001225816511,1.507863915389348
bp,x_only,509,0.02601073451386537,1.5551580135144731
bp,x_only,510,0.025973435991431138,1.51472910602197
bp,x_only,511,0.02652014737809252,1.4847801603640707
bp,x_only,512,0.026683803059694623,1.5349779090257767
bp,x_only,513,0.0263800377378265,1.515632124417236
bp,x_only,514,0.025810960879889797,1.5668329901369349
bp,x_only,515,0.026200872394453786,1.5423050928860969
bp,x_only,516,0.02623676458193596,1.5479726500877675
bp,x_only,517,0.026251067713870688,1.6032371289702625
bp,x_only,518,0.02642894018028013,1.4402764992486121
bp,x_only,519,0.026484466298142995,1.5111010367202244
bp,x_only,520,0.02627030449504626,1.5216030099417708
bp,x_only,521,0.026263954051523996,1.4008804233680652
bp,x_only,522,0.026226083223266087,1.7426718453076988
bp,x_only,523,0.026274881457902206,1.471792984747677
bp,x_only,524,0.02633810553457386,1.6241696227561258
bp,x_only,525,0.026295952116312603,1.4958495032554449
bp,x_only,526,0.02623119444104393,1.5152638580925812
bp,x_only,527,0.026020102475774326,1.3906750855104977
bp,x_only,528,0.025855757824362804,1.5172734627281776
bp,x_only,529,0.025989928289304336,1.631560483431848
bp,x_only,530,0.025891495547379476,1.4269334346474167
bp,x_only,531,0.026126965719912548,1.446962192483972
bp,x_only,532,0.02626844879246715,1.3778584558094025
bp,x_only,533,0.0257477034785015,1.4561587275074883
bp,x_only,534,0.026473832838255586,1.6086525956248587
bp,x_only,535,0.02605337291636243,1.6838366098268005
bp,x_only,536,0.025770879287790757,1.4898338858539535
bp,x_only,537,0.026729916351990807,1.5725419198609845
bp,x_only,538,0.02618424912231503,1.4791495838243907
bp,x_only,539,0.026423088901754654,1.4573803785691226
bp,x_only,540,0.02630637718225172,1.5407717431469745
bp,x_only,541,0.02628884370788021,1.4818638443170886
bp,x_only,542,0.026119477500032462,1.443886162918833
bp,x_only,543,0.026222563904834243,1.500887377259993
bp,x_only,544,0.02628436048606722,1.4001033398621425
bp,x_only,545,0.026084115795835465,1.656936348098652
bp,x_only,546,0.026117748331539282,1.5087433939139525
bp,x_only,547,0.025931013096122845,1.5863734543609453
bp,x_only,548,0.026273633799893434,1.5218464018658326
bp,x_only,549,0.02622848193119641,1.6650633095238359
bp,x_only,550,0.02652018814865505,1.4524791855444494
bp,x_only,551,0.026357073754743006,1.5311734367380463
bp,x_only,552,0.026652657537148898,1.6628461465570927
bp,x_only,553,0.026182842673596204,1.618052036932713
bp,x_only,554,0.026597218233289498,1.5436132240072458
bp,x_only,555,0.026225407326399608,1.5939264124248802
bp,x_only,556,0.02606429809728482,1.596963026232335
bp,x_only,557,0.0264975576366865,1.6229778554675145
bp,x_only,558,0.026295983541149714,1.4575972118039975
bp,x_only,559,0.026292474517044334,1.564601935953637
bp,x_only,560,0.025956486134040505,1.4229790253712034
bp,x_only,561,0.026031342762936286,1.613168907193194
bp,x_only,562,0.026035417734630736,1.437244369252963
bp,x_only,563,0.02638669007136591,1.4608671508191036
bp,x_only,564,0.026393955267491866,1.4492413162273245
bp,x_only,565,0.026414853930540386,1.4968010200492161
bp,x_only,566,0.026338789221410502,1.420749566807848
bp,x_only,567,0.026135227545374225,1.5832393192082501
bp,x_only,568,0.025691853898205132,1.7093759639121253
bp,x_only,569,0.02639382400841717,1.7892368168114199
bp,x_only,570,0.02611142417516714,1.4712427131906618
bp,x_only,571,0.025745101917559545,1.482467349835923
bp,x_only,572,0.02619889386597198,1.4830087791619553
bp,x_only,573,0.026310369988591268,1.3853358150888253
bp,x_only,574,0.026309168584669085,1.5205082220644501
bp,x_only,575,0.026065102413218067,1.5808430067509651
bp,x_only,576,0.02620433732836685,1.5058366263924807
bp,x_only,577,0.026023542155004985,1.6131160971396274
bp,x_only,578,0.026231658393591678,1.562851215935434
bp,x_only,579,0.02574000704568556,1.3492170812028081
bp,x_only,580,0.026224541848703816,1.7293548048460345
bp,x_only,581,0.026053427675820244,1.580451770445355
bp,x_only,582,0.025864457256168087,1.546479019241127
bp,x_only,583,0.026262396280220427,1.5115101068571268
bp,x_only,584,0.026198532545252826,1.445458873012679
bp,x_only,585,0.026473955899904433,1.5157489208855917
bp,x_only,586,0.026492341760934998,1.4296450480530245
bp,x_only,587,0.02660629339419232,1.6642619354394679
bp,x_only,588,0.026253234296955724,1.4793176212625012
bp,x_only,589,0.02628205488928443,1.5843476753219188
bp,x_only,590,0.026177546766190413,1.4958344179640852
bp,x_only,591,0.02618467820877857,1.4660577949638796
bp,x_only,592,0.025959058929389364,1.6802669976116027
bp,x_only,593,0.02631900490721028,1.4983590277614374
bp,x_only,594,0.02614549355298658,1.5097705137652995
bp,x_only,595,0.026075874678720756,1.5608866635103662
bp,x_only,596,0.026161580719123723,1.5269056349277126
bp,x_only,597,0.02600792518122276,1.413566262852662
bp,x_only,598,0.026484388767451694,1.4996710032546006
bp,x_only,599,0.02616942800833069,1.4622934770485114
bp,x_only,600,0.026561199691737154,1.5379192980733116
bp,x_only,601,0.025994342319872483,1.6673152701904363
bp,x_only,602,0.02604350266317356,1.6235673173832907
bp,x_only,603,0.026007067279776128,1.4192265713069632
bp,x_only,604,0.02600153105455108,1.5375907987227855
bp,x_only,605,0.026104919038008042,1.6104627985688804
bp,x_only,606,0.0258363456217623,1.5477908114697092
bp,x_only,607,0.026419336081173937,1.5939188052380198
bp,x_only,608,0.02582880346800448,1.4818331407370833
bp,x_only,609,0.026199757379121755,1.5795752396688607
bp,x_only,610,0.025773620975615807,1.6291645812025513
bp,x_only,611,0.026000399156097257,1.4775589775863935
bp,x_only,612,0.026430124703549964,1.5494992323610721
bp,x_only,613,0.02611905842887017,1.6065144225858847
bp,x_only,614,0.025912777830466138,1.7617721412598706
bp,x_only,615,0.02635833632948862,1.5848048259384018
bp,x_only,616,0.02646683355630457,1.5488694549337347
bp,x_only,617,0.02634985502743644,1.4720637461338744
bp,x_only,618,0.026294893328705733,1.419369494150661
bp,x_only,619,0.02568021056998046,1.4519898094016417
bp,x_only,620,0.0262926927068638,1.5039238382212672
bp,x_only,621,0.026167433176581385,1.5751408055961187
bp,x_only,622,0.026205057744302433,1.4959476105517526
bp,x_only,623,0.02605195832868787,1.5926865414638
bp,x_only,624,0.026321784262312593,1.56397533699651
bp,x_only,625,0.026085761048613824,1.4399052624523019
bp,x_only,626,0.0260517432803893,1.4380341949392865
bp,x_only,627,0.025968340190423524,1.5396011158714735
bp,x_only,628,0.026146139556074775,1.4622782748045402
bp,x_only,629,0.025924447839162403,1.574212682927855
bp,x_only,630,0.0266584841600507,1.630631942682997
bp,x_only,631,0.026164216091495978,1.6374335816014407
bp,x_only,632,0.026557576940756077,1.3505711684410426
bp,x_only,633,0.025908137709114466,1.5667961175842786
bp,x_only,634,0.026328131570756336,1.3823624580610447
bp,x_only,635,0.026106218770797808,1.5610248887417464
bp,x_only,636,0.026093669877146636,1.5007931336228209
bp,x_only,637,0.02569482949627729,1.4003059159795683
bp,x_only,638,0.02618437866363643,1.5370618187623442
bp,x_only,639,0.026345751272501012,1.5173775740850564
bp,x_only,640,0.026827556395277296,1.643543561540604
bp,x_only,641,0.02594296124346021,1.5735083440745257
bp,x_only,642,0.02623867728919626,1.4934544765586881
bp,x_only,643,0.02615624543791901,1.688001501639044
bp,x_only,644,0.026030886999413645,1.543791628385094
bp,x_only,645,0.026139798845624306,1.5808151045982037
bp,x_only,646,0.02602802525573338,1.605968462288787
bp,x_only,647,0.026120868358809682,1.4507234460139202
bp,x_only,648,0.0260315657859974,1.6479095891447255
bp,x_only,649,0.02671256033966332,1.5617868718063113
bp,x_only,650,0.026277432089386533,1.4129697586144567
bp,x_only,651,0.026102644754447093,1.5491695611302352
bp,x_only,652,0.026330323493684228,1.6226664015502281
bp,x_only,653,0.025814220542837656,1.6266981791434487
bp,x_only,654,0.026590837139611384,1.6036166572468897
bp,x_only,655,0.025977871429962735,1.4969212311985376
bp,x_only,656,0.026272233336932495,1.4327614490688123
bp,x_only,657,0.026079317593132156,1.4544505529059697
bp,x_only,658,0.02623934372476098,1.539896402854427
bp,x_only,659,0.026100204858362192,1.5667555600607892
bp,x_only,660,0.026006103715450455,1.5102726773911739
bp,x_only,661,0.02632705447347781,1.6467271661948923
bp,x_only,662,0.02613095041364563,1.689039981189023
bp,x_only,663,0.026325240991509586,1.5596530943014952
bp,x_only,664,0.026132283841724703,1.583860038725268
bp,x_only,665,0.02619986957801192,1.5434528563490233
bp,x_only,666,0.02625919955227716,1.5263230245110897
bp,x_only,667,0.025949010935267594,1.5737800835954927
bp,x_only,668,0.026447448186668474,1.5091771400320875
bp,x_only,669,0.026388087505202537,1.5702932901096498
bp,x_only,670,0.025996529923526083,1.5014987226981953
bp,x_only,671,0.026198247437948297,1.590520638484188
bp,x_only,672,0.02616438383850341,1.5022177652493487
bp,x_only,673,0.026251759494381192,1.7439709004266204
bp,x_only,674,0.025990221536241555,1.4199596132645829
bp,x_only,675,0.026240783050640638,1.682198194711767
bp,x_only,676,0.02635634975442009,1.455239635576179
bp,x_only,677,0.026333469202708813,1.5323650708094776
bp,x_only,678,0.02604528858800479,1.614017344161743
bp,x_only,679,0.026170017119102506,1.5257053364214468
bp,x_only,680,0.02630619860726316,1.4890435606475978
bp,x_only,681,0.025854609901717708,1.533846002710037
bp,x_only,682,0.025954162034880737,1.4466083126708689
bp,x_only,683,0.025780235955390578,1.793937792886745
bp,x_only,684,0.02640223376117376,1.615021472917989
bp,x_only,685,0.025650155235469707,1.6085475269744116
bp,x_only,686,0.026213799811999748,1.5138418927269377
bp,x_only,687,0.026333764831373455,1.475706968309926
bp,x_only,688,0.026417124551848314,1.6023076858219047
bp,x_only,689,0.026350630641703884,1.4900000255686103
bp,x_only,690,0.02578458447621236,1.5777677553676837
bp,x_only,691,0.02633650181229175,1.5116825143951542
bp,x_only,692,0.026109160459852326,1.5939627867322164
bp,x_only,693,0.02622953612025413,1.4517868040165853
bp,x_only,694,0.02606813403661547,1.4795672320235127
bp,x_only,695,0.026167067120824578,1.4486710799593903
bp,x_only,696,0.02609531184748722,1.4600424986708278
bp,x_only,697,0.02639613638311733,1.6830138534230408
bp,x_only,698,0.026139574438042237,1.5712132583915654
bp,x_only,699,0.026266115852415083,1.4453835394395214
bp,x_only,700,0.02643644221411748,1.5761348962034232
bp,x_only,701,0.026514183625530072,1.6613642093654541
bp,x_only,702,0.026790678748572716,1.5058399665390112
bp,x_only,703,0.026558341729235525,1.5140833574940789
bp,x_only,704,0.02629438607772579,1.4297735287760578
bp,x_only,705,0.025799224113926086,1.5962593443634796
bp,x_only,706,0.02630364650614041,1.3231792784357002
bp,x_only,707,0.025981578167947102,1.5080954394251673
bp,x_only,708,0.02611477514807009,1.5511050865844735
bp,x_only,709,0.026113295965054024,1.4315689076060925
bp,x_only,710,0.02634593955321384,1.663103370955161
bp,x_only,711,0.02621365520065089,1.4975800512926678
bp,x_only,712,0.02631871901090901,1.4715264443333886
bp,x_only,713,0.026291656595198134,1.6854017321507329
bp,x_only,714,0.026189733548624403,1.5744733920467646
bp,x_only,715,0.025887250096669,1.6190085356585258
bp,x_only,716,0.026356764681383104,1.4967490337255718
bp,x_only,717,0.026102207739137368,1.3748665610123456
bp,x_only,718,0.026124056514614958,1.5269992337685807
bp,x_only,719,0.02624051543278545,1.579518745483345
bp,x_only,720,0.026078358167832164,1.5445493290246997
bp,x_only,721,0.02630369541851666,1.445391777384309
bp,x_only,722,0.025508352833667695,1.746759376172218
bp,x_only,723,0.026276536487672086,1.5530279555149438
bp,x_only,724,0.026286450470911875,1.5416050280473876
bp,x_only,725,0.026065998131897427,1.537253280094244
bp,x_only,726,0.026207086845586272,1.496470831229969
bp,x_only,727,0.026184797027096,1.5088970363452767
bp,x_only,728,0.026532556287415316,1.646745954939723
bp,x_only,729,0.026110415799138482,1.4450888155071717
bp,x_only,730,0.02679978740696006,1.5656477866606393
bp,x_only,731,0.02643448056985755,1.594232062436187
bp,x_only,732,0.026221341003908036,1.3950732445902745
bp,x_only,733,0.026084691307221998,1.583882036557862
bp,x_only,734,0.02642145668375325,1.590652915954602
bp,x_only,735,0.026084771999957686,1.4154782045055807
bp,x_only,736,0.026000730470315113,1.6273661938881372
bp,x_only,737,0.025982110372757775,1.7359982859253227
bp,x_only,738,0.026518202036713515,1.4348696706280575
bp,x_only,739,0.026338605934271685,1.5632107056491162
bp,x_only,740,0.02616680332692308,1.5739223065899532
bp,x_only,741,0.026058625164062665,1.6408478292828939
bp,x_only,742,0.026102433562714713,1.5599492836894029
bp,x_only,743,0.026006388941916942,1.5183403685757244
bp,x_only,744,0.025642031349112655,1.6525033363563206
bp,x_only,745,0.02608939466058477,1.4979894141315857
bp,x_only,746,0.026407684578755967,1.408663672853936
bp,x_only,747,0.02604237692660107,1.4299904237566685
bp,x_only,748,0.02628831551913341,1.6494945817163629
bp,x_only,749,0.026333763647463537,1.6886234052049645
bp,x_only,750,0.026226969672095743,1.605065913244642
bp,x_only,751,0.02619766227764699,1.5805924715293693
bp,x_only,752,0.026135003274210367,1.5757501129825044
bp,x_only,753,0.026212639948071863,1.4441949090762098
bp,x_only,754,0.025974706480190023,1.483232214071954
bp,x_only,755,0.025929015299360817,1.3625356318145536
bp,x_only,756,0.026043255187061867,1.5803013364058003
bp,x_only,757,0.025930312964200883,1.5850742499204633
bp,x_only,758,0.026396102892998558,1.7131299838299736
bp,x_only,759,0.026400314304459355,1.4846385867009895
bp,x_only,760,0.026386440530317162,1.5530163481110988
bp,x_only,761,0.02610173217647307,1.6272756032351914
bp,x_only,762,0.026261843467384013,1.667415884419219
bp,x_only,763,0.02600808840122899,1.4340700119240781
bp,x_only,764,0.026223028167465336,1.4535240965399494
bp,x_only,765,0.026511109971251716,1.4826292026741872
bp,x_only,766,0.02611479863283158,1.5179598093212268
bp,x_only,767,0.02639536063320053,1.5859937039594698
bp,x_only,768,0.02617701095702695,1.5132513615565368
bp,x_only,769,0.02605346416625729,1.641305943257805
bp,x_only,770,0.02593110281373186,1.4369070181384727
bp,x_only,771,0.025970718153027247,1.6179023096580365
bp,x_only,772,0.025977856715106634,1.677726491794722
bp,x_only,773,0.026188825384977462,1.500583564565599
bp,x_only,774,0.02603907796497039,1.522920387702854
bp,x_only,775,0.026134888895013763,1.4519099623043885
bp,x_only,776,0.02569522355091075,1.5828142170892587
bp,x_only,777,0.026546490189703512,1.415464594281358
bp,x_only,778,0.026017871112533033,1.5548886514157487
bp,x_only,779,0.026072328611846274,1.5808131788960045
bp,x_only,780,0.025980456406779477,1.5216891140528004
bp,x_only,781,0.026082667315199443,1.4563512474362645
bp,x_only,782,0.025785019386498367,1.6604927018941191
bp,x_only,783,0.02621964079984028,1.5109273191624535
bp,x_only,784,0.02615310677728726,1.4324719583346759
bp,x_only,785,0.026130772506581936,1.5017246519349094
bp,x_only,786,0.026324469639276937,1.5913336008238108
bp,x_only,787,0.026438614102956382,1.5614959930454642
bp,x_only,788,0.026063155523796278,1.5718884066915937
bp,x_only,789,0.02592544642012982,1.438813791593359
bp,x_only,790,0.026619643248218805,1.539208997882997
bp,x_only,791,0.026437576105177954,1.3855921428882647
bp,x_only,792,0.026477594200819486,1.5096778293178919
bp,x_only,793,0.026443299801374318,1.5366243707942007
bp,x_only,794,0.026292942301824947,1.5200294307573579
bp,x_only,795,0.02600475611164719,1.5047638220650914
bp,x_only,796,0.02635429267000533,1.3858945297379388
bp,x_only,797,0.02615332949195939,1.7697476448036387
bp,x_only,798,0.0260473964364587,1.4873835179871107
bp,x_only,799,0.026053505864317913,1.4717240799684088
bp,x_only,800,0.026537874412824018,1.5268609967343236
bp,x_only,801,0.026288527564406666,1.6598489503837746
bp,x_only,802,0.025885267808969555,1.5829847100403744
bp,x_only,803,0.026023370924448345,1.5440549888967332
bp,x_only,804,0.026251471351162126,1.4800535799245291
bp,x_only,805,0.02594406223720058,1.5075194138111343
bp,x_only,806,0.026453974367458964,1.6365665476897755
bp,x_only,807,0.026621881008499066,1.559938210958146
bp,x_only,808,0.025885041789911897,1.6100057059790889
bp,x_only,809,0.02594122923543997,1.4655856953171231
bp,x_only,810,0.025991338514127302,1.6492340894364623
bp,x_only,811,0.02671212249658751,1.5817659874602545
bp,x_only,812,0.026206381277105936,1.7114348664152939
bp,x_only,813,0.026321366705249864,1.4568521149308746
bp,x_only,814,0.02652703957105835,1.4069822240704917
bp,x_only,815,0.026297865492556475,1.6311497301172067
bp,x_only,816,0.026367818818408374,1.4679940774133433
bp,x_only,817,0.026265194948773423,1.4401193678047561
bp,x_only,818,0.026298761093342355,1.4435087845578005
bp,x_only,819,0.02590217938186312,1.5610757480508575
bp,x_only,820,0.02654365130536188,1.6545262131552319
bp,x_only,821,0.02592445769490205,1.473942638950268
bp,x_only,822,0.026313384401184067,1.602521568759287
bp,x_only,823,0.026107802690987576,1.6611354473016013
bp,x_only,824,0.02608002863857507,1.4675107201541864
bp,x_only,825,0.02638871117760576,1.4993850724653999
bp,x_only,826,0.025897508375741764,1.6468289990955594
bp,x_only,827,0.026277852514646774,1.518287430847569
bp,x_only,828,0.026078430757165875,1.6020296516280585
bp,x_only,829,0.026523199529336686,1.6116636711501617
bp,x_only,830,0.02594463952212971,1.4824030268165374
bp,x_only,831,0.02652289248204972,1.4319948231984205
bp,x_only,832,0.02679451377089107,1.5275638455230038
bp,x_only,833,0.02615431373378694,1.671667076961088
bp,x_only,834,0.025853304773498217,1.5336536321594278
bp,x_only,835,0.0259715625177807,1.3839301206548607
bp,x_only,836,0.025687718371516344,1.6557557770051792
bp,x_only,837,0.026327583565339045,1.5639658877762954
bp,x_only,838,0.02621312619052531,1.4570535290494724
bp,x_only,839,0.026301437574923727,1.509197290330935
bp,x_only,840,0.0261599797675995,1.51198801392794
bp,x_only,841,0.026083372807716533,1.5867301079875646
bp,x_only,842,0.026292176123162543,1.6746582916408483
bp,x_only,843,0.02611916382221324,1.4949191382474891
bp,x_only,844,0.026391049795429243,1.649172252333172
bp,x_only,845,0.025930379851159552,1.4736978830089298
bp,x_only,846,0.025940879836586037,1.6501328095484278
bp,x_only,847,0.02597734774323666,1.6200395120059394
bp,x_only,848,0.025996625135314883,1.5395544212399597
bp,x_only,849,0.026472964754378513,1.6543831894288024
bp,x_only,850,0.026431562487194363,1.527996831050548
bp,x_only,851,0.026088516992668433,1.6511631509297373
bp,x_only,852,0.02634816384783632,1.5951073793303236
bp,x_only,853,0.0260696128761949,1.4820420694243128
bp,x_only,854,0.0262066675089524,1.5597907122650156
bp,x_only,855,0.02608178128447204,1.5851721921722377
bp,x_only,856,0.026398180201281894,1.5277201100969797
bp,x_only,857,0.026430020493691152,1.7037160238271145
bp,x_only,858,0.025833441518066047,1.5081808653894555
bp,x_only,859,0.025922381111606146,1.6817534104381267
bp,x_only,860,0.02619213468771715,1.4847846310697759
bp,x_only,861,0.0263941206836202,1.4507722170936732
bp,x_only,862,0.02608255916137573,1.584369717039621
bp,x_only,863,0.026212997575355074,1.5216282927417444
bp,x_only,864,0.025954911693556588,1.5307085579782371
bp,x_only,865,0.025771411566664612,1.5150758821562196
bp,x_only,866,0.026194218252200172,1.6382429966723482
bp,x_only,867,0.026208373006710303,1.5590345437556614
bp,x_only,868,0.026269775184714128,1.5639796671691024
bp,x_only,869,0.0259289450665143,1.4928267727142615
bp,x_only,870,0.026169706670697353,1.7605739678494878
bp,x_only,871,0.026187076049139266,1.5829298423987355
bp,x_only,872,0.02642234671671673,1.5022552977692236
bp,x_only,873,0.02665631358398741,1.729717310975999
bp,x_only,874,0.026365506274755757,1.6019396866345563
bp,x_only,875,0.025988632294835605,1.5742428190094324
bp,x_only,876,0.026204195390968524,1.5081215354998971
bp,x_only,877,0.026224190959610177,1.547035057325228
bp,x_only,878,0.026091552269541695,1.5650841253790648
bp,x_only,879,0.02591373488164234,1.5959838155116557
bp,x_only,880,0.02641839948683165,1.4065589691673968
bp,x_only,881,0.02588254391713563,1.482574519767915
bp,x_only,882,0.0264903910944297,1.3665096110823653
bp,x_only,883,0.025995906849399217,1.4975287490608695
bp,x_only,884,0.02611690408593119,1.530625371652958
bp,x_only,885,0.02628405965575931,1.5343274766185144
bp,x_only,886,0.026468680994719593,1.635679011777256
bp,x_only,887,0.026921624868811046,1.574967031632028
bp,x_only,888,0.026633095140078653,1.6520868284203156
bp,x_only,889,0.026204491116244823,1.3968294424841425
bp,x_only,890,0.026334889146314336,1.5632314401771548
bp,x_only,891,0.02633605445217479,1.4338668529946035
bp,x_only,892,0.025746408946258594,1.6893919011095042
bp,x_only,893,0.026322051304738872,1.5903704980393691
bp,x_only,894,0.0263563024430884,1.7169460530896488
bp,x_only,895,0.026356566525483693,1.6350256807529564
bp,x_only,896,0.02632748416892911,1.573532747211368
bp,x_only,897,0.025980432401972266,1.563255510629263
bp,x_only,898,0.026320197629647237,1.4534626711572276
bp,x_only,899,0.026266557517780207,1.602383933643161
bp,x_only,900,0.025648770414055652,1.4058203608098445
bp,x_only,901,0.026422109295210053,1.6212594097072006
bp,x_only,902,0.026044486720154646,1.4893149669063621
bp,x_only,903,0.026512917681401526,1.5960419182182897
bp,x_only,904,0.026279595557158586,1.5535436537165712
bp,x_only,905,0.026098610926282264,1.6405626615030462
bp,x_only,906,0.026182283941535402,1.5369699442184446
bp,x_only,907,0.026232478504090766,1.4830961165039667
bp,x_only,908,0.02628006997726257,1.5379956605774405
bp,x_only,909,0.026197212342812894,1.4152099354595435
bp,x_only,910,0.025870441124276354,1.6059663823387629
bp,x_only,911,0.025954251715156924,1.5559496929104342
bp,x_only,912,0.02598979230174953,1.5010273764331594
bp,x_only,913,0.025891495808784623,1.5132835114562917
bp,x_only,914,0.02638480580601164,1.6033579223297756
bp,x_only,915,0.026275875922151123,1.5560131059515
bp,x_only,916,0.025432303815795688,1.5769710599044522
bp,x_only,917,0.026100639697117668,1.7264879892389735
bp,x_only,918,0.026341579909399473,1.5591155734387618
bp,x_only,919,0.026640027061682253,1.5257126198620348
bp,x_only,920,0.02613051866458072,1.5088461859829012
bp,x_only,921,0.026203985934373213,1.4638554453941215
bp,x_only,922,0.026793403239219873,1.4518373763122083
bp,x_only,923,0.026057855305926064,1.6716299464986
bp,x_only,924,0.02606282186751791,1.4918898067073634
bp,x_only,925,0.02622824376399617,1.6387581840970273
bp,x_only,926,0.025968370318277194,1.3045231954824876
bp,x_only,927,0.025846325806907395,1.5069735433187017
bp,x_only,928,0.026649330081259585,1.5238574240997496
bp,x_only,929,0.026197204515302337,1.579811918640124
bp,x_only,930,0.026134320938215265,1.5956775553666402
bp,x_only,931,0.026214809880523774,1.543560676019534
bp,x_only,932,0.026037400273418103,1.597067279851941
bp,x_only,933,0.02632043591818771,1.5628063189236137
bp,x_only,934,0.026269926848343738,1.417133372269288
bp,x_only,935,0.026535570555194066,1.6061814855962089
bp,x_only,936,0.026175798463461464,1.343818678169136
bp,x_only,937,0.02604028215786545,1.642844070330269
bp,x_only,938,0.026322003797049992,1.5310237866200842
bp,x_only,939,0.025919558378886702,1.6731422964402705
bp,x_only,940,0.02606546996417073,1.4709201385211828
bp,x_only,941,0.02670342259477517,1.4742169682260364
bp,x_only,942,0.026148698139311758,1.5709818331677596
bp,x_only,943,0.026258641455103062,1.7354291092566783
bp,x_only,944,0.026594303454463834,1.5650941538718142
bp,x_only,945,0.026354773014379267,1.520696436226251
bp,x_only,946,0.02664319385469013,1.4437279127362739
bp,x_only,947,0.026321327196935848,1.5235245804811954
bp,x_only,948,0.0260735313943224,1.6167559669671587
bp,x_only,949,0.026245049295937593,1.5788375656396523
bp,x_only,950,0.026413275173106616,1.6555705525323732
bp,x_only,951,0.026152165182616826,1.50887402846805
bp,x_only,952,0.026301086941973896,1.3684782070491652
bp,x_only,953,0.02639914485571547,1.6035051963122728
bp,x_only,954,0.026439851883791086,1.5309966705257025
bp,x_only,955,0.026407196557992885,1.5274095447528384
bp,x_only,956,0.026460917529040597,1.6383196650336351
bp,x_only,957,0.0261457471338355,1.636772397089325
bp,x_only,958,0.026423342818190056,1.5359850387936247
bp,x_only,959,0.02622341351745489,1.480291132422838
bp,x_only,960,0.02635173649772742,1.5202543650340399
bp,x_only,961,0.02552170670122758,1.651458180353205
bp,x_only,962,0.026256758205906866,1.51641320237648
bp,x_only,963,0.026089884516583475,1.4585034453210193
bp,x_only,964,0.026093994302780334,1.5454881636958848
bp,x_only,965,0.026123772279370773,1.534713886615738
bp,x_only,966,0.025609342706483056,1.501696747499053
bp,x_only,967,0.025992336048636745,1.5231583160143896
bp,x_only,968,0.026140013721449754,1.5320744831676147
bp,x_only,969,0.026277892327516667,1.5148939571402205
bp,x_only,970,0.02582475310237398,1.5614702046503448
bp,x_only,971,0.02603994306291387,1.5326578626888925
bp,x_only,972,0.026346665530571748,1.5119012562776277
bp,x_only,973,0.02635688187826517,1.5374322869241481
bp,x_only,974,0.026158552293866526,1.5299115668175438
bp,x_only,975,0.026276774998218146,1.4673325919714475
bp,x_only,976,0.026299033783163436,1.6481373464314093
bp,x_only,977,0.026130865152486027,1.6783654764164002
bp,x_only,978,0.02619121592200478,1.5059826386895558
bp,x_only,979,0.026109667485312828,1.4843359251678334
bp,x_only,980,0.02644409140381428,1.4938167533794406
bp,x_only,981,0.02588763691965831,1.590630936777114
bp,x_only,982,0.026334291071241536,1.7015295266183197
bp,x_only,983,0.02616199559729464,1.5051994914609967
bp,x_only,984,0.026408352370799974,1.49377960432685
bp,x_only,985,0.026372387286041105,1.4579995431632569
bp,x_only,986,0.02627107679674754,1.5737122328525388
bp,x_only,987,0.026661252969966655,1.647475656789724
bp,x_only,988,0.026015763951945558,1.5309927621762687
bp,x_only,989,0.026009370915664923,1.5246428856394063
bp,x_only,990,0.0262171177561094,1.563009320538441
bp,x_only,991,0.026121063909454692,1.5937659515523508
bp,x_only,992,0.0264450165785129,1.3877234286609597
bp,x_only,993,0.026084116435883237,1.5094047498741865
bp,x_only,994,0.026293225973472424,1.5641381217055825
bp,x_only,995,0.026401789700266392,1.5023178424239145
bp,x_only,996,0.02610232811307738,1.4616992704314484
bp,x_only,997,0.026063812026688723,1.5717797917541054
bp,x_only,998,0.026115826006309902,1.6043957959956843
bp,x_only,999,0.02615189671971247,1.4875570505706481
