replicate,status,input_rms_shift,initial_p_c,initial_nu,p_c,nu,loss,converged,evaluations,boundary_hit
1,ok,0.001213647191803625,0.1,1.25,0.09768471636351686,1.284560840290716,42.463175406057,true,71,false
2,ok,0.0011863154911086892,0.1,1.25,0.09786203014255007,1.2932771013584015,40.50255630019096,true,71,false
3,ok,0.0013471130539961663,0.1,1.25,0.09757437103861073,1.2991846312216713,39.02543171433709,true,67,false
4,ok,0.001220051607894466,0.1,1.25,0.098055232427043,1.2776260712413643,38.50288435311862,true,71,false
5,ok,0.0012737952429600454,0.1,1.25,0.09760831534714287,1.2886411323916487,36.801248715218506,true,73,false
6,ok,0.0012689185635759463,0.1,1.25,0.09760637489662516,1.2878866997539768,32.39733626610081,true,72,false
7,ok,0.0010252172308200754,0.1,1.25,0.09766491449368347,1.294329426756059,37.75330443597287,true,70,false
8,ok,0.0014149331441694135,0.1,1.25,0.09766104558118532,1.2935634100045887,37.61915428917053,true,73,false
9,ok,0.001061538017671977,0.1,1.25,0.09803647074552385,1.281748969516165,35.86616822887339,true,77,false
10,ok,0.0012272306473228248,0.1,1.25,0.09760013464103523,1.291424115414158,33.1648052245446,true,66,false
11,ok,0.0013062608024244577,0.1,1.25,0.09764392869209969,1.281409172895928,29.6568534991404,true,68,false
12,ok,0.0013428833912403392,0.1,1.25,0.09793869351553738,1.271263954763609,39.892527422533256,true,72,false
13,ok,0.0012693645732227883,0.1,1.25,0.09762190625586203,1.287088100548831,40.72640100431042,true,74,false
14,ok,0.0011373784021290426,0.1,1.25,0.09756237054718153,1.2979296047511046,33.052987039964115,true,70,false
15,ok,0.0013449608741842364,0.1,1.25,0.09788765517789538,1.2856556364261005,35.32697209845828,true,75,false
16,ok,0.0012152193319279368,0.1,1.25,0.0977668810237499,1.2978089884272799,34.74555050198394,true,73,false
17,ok,0.0013742719733699578,0.1,1.25,0.09807328977113948,1.288094369067589,38.38959935472585,true,70,false
18,ok,0.001071615833135712,0.1,1.25,0.09777046284957253,1.2878551595000263,34.21679848344538,true,71,false
19,ok,0.0013442075089659586,0.1,1.25,0.09780930457409485,1.2776942938837674,42.42016671212214,true,74,false
20,ok,0.0012407290767832075,0.1,1.25,0.09774364441590849,1.2833109712451833,38.46140634556608,true,70,false
21,ok,0.001242364829818673,0.1,1.25,0.09766162047225599,1.297733337638244,35.00098850872349,true,71,false
22,ok,0.0011701070965018379,0.1,1.25,0.09766463777960624,1.2794120830355262,38.58546264506908,true,74,false
23,ok,0.001319962120668614,0.1,1.25,0.09761839329739846,1.2935193690107265,44.835768469391404,true,70,false
24,ok,0.0010603307194304626,0.1,1.25,0.09772568032896771,1.288594200395054,35.42109186940949,true,71,false
25,ok,0.001176201775752759,0.1,1.25,0.0978124985788216,1.2683052302291307,32.76373522660015,true,72,false
26,ok,0.00107000346139973,0.1,1.25,0.09761010647618748,1.2846133885213564,35.624556915242366,true,72,false
27,ok,0.0011555710469047047,0.1,1.25,0.09781037361625997,1.2896972102290678,34.66503959218328,true,72,false
28,ok,0.0012429499955179156,0.1,1.25,0.09775007378178993,1.2807006342183906,38.38291480009455,true,76,false
29,ok,0.0013208162459462294,0.1,1.25,0.09765703766993555,1.294857822160697,42.696725548613045,true,70,false
30,ok,0.001125055279848976,0.1,1.25,0.09753661635537864,1.2854031698954203,32.009593919568665,true,70,false
31,ok,0.001167602799027244,0.1,1.25,0.09757051145616957,1.2959078146857224,38.06294391249382,true,74,false
32,ok,0.0012196260305195967,0.1,1.25,0.09790848164393559,1.2689564169933853,39.59558634582144,true,70,false
33,ok,0.0013627500336895848,0.1,1.25,0.09789438786031796,1.2639934220827178,45.43584208855279,true,74,false
34,ok,0.0013431086109249484,0.1,1.25,0.09752300231264775,1.295553220346981,41.05489397394279,true,72,false
35,ok,0.0010427811815489404,0.1,1.25,0.09768122353218824,1.2736722655340862,30.2548248620421,true,72,false
36,ok,0.001102027312515822,0.1,1.25,0.09770694472747499,1.2818295901253098,32.80210510922733,true,71,false
37,ok,0.0012014286762840104,0.1,1.25,0.09810629171233662,1.2741246844030136,35.93884101590262,true,74,false
38,ok,0.0013098567445938613,0.1,1.25,0.09803278840385118,1.2752870367806997,37.03957088251817,true,69,false
39,ok,0.0010185950139624171,0.1,1.25,0.09761114098827443,1.2958701303897275,30.452206625233202,true,72,false
40,ok,0.0010284334245063969,0.1,1.25,0.09761939622599788,1.2901544073387188,35.70400792604426,true,72,false
41,ok,0.0012629775713285626,0.1,1.25,0.09757506127154243,1.301527114887343,34.6343691206908,true,70,false
42,ok,0.001310596885976329,0.1,1.25,0.09779762624341243,1.2959640897501035,39.42209618353212,true,67,false
43,ok,0.0012192737162186925,0.1,1.25,0.09780958966995704,1.2914978920621842,32.70070682557778,true,69,false
44,ok,0.0011707099249579631,0.1,1.25,0.09744142701022687,1.285356915843666,40.925491376287965,true,70,false
45,ok,0.0012602591346305635,0.1,1.25,0.0975500012238746,1.2846822409100422,31.719606359694186,true,67,false
46,ok,0.0012316159213723098,0.1,1.25,0.09785839259401627,1.2793154594858631,37.490319229316455,true,71,false
47,ok,0.0013507071764609889,0.1,1.25,0.09806456383487223,1.2778543050079638,42.96384968722035,true,69,false
48,ok,0.0012322302374251017,0.1,1.25,0.09766115537006637,1.2886142923157888,34.03698357806209,true,69,false
49,ok,0.0013973979346107212,0.1,1.25,0.09774032021073743,1.2909365892463314,35.97946230794028,true,78,false
50,ok,0.0011504706497991797,0.1,1.25,0.0977965976039465,1.3006274870696581,37.43283788722206,true,70,false
51,ok,0.0015067055878289729,0.1,1.25,0.09754715883140105,1.2858101467530532,43.66888115811612,true,69,false
52,ok,0.0012754437620387125,0.1,1.25,0.09777555298451415,1.2896880055810287,34.13224989724362,true,73,false
53,ok,0.0012557123795865412,0.1,1.25,0.09778254300834006,1.282636394228242,38.67235372168889,true,68,false
54,ok,0.0012307565674799608,0.1,1.25,0.09741580759039181,1.2833999942019707,39.19518539777499,true,73,false
55,ok,0.001350604802795144,0.1,1.25,0.09796640625899,1.2823702210011994,35.63381208478834,true,77,false
56,ok,0.001109819248991505,0.1,1.25,0.09767053358632413,1.2903278221099397,32.76328491269865,true,73,false
57,ok,0.001409425064466254,0.1,1.25,0.0981021890800693,1.2674092447644063,47.938811309975705,true,70,false
58,ok,0.0013363678432024729,0.1,1.25,0.09800395038605622,1.2813100582306536,36.051711472057534,true,74,false
59,ok,0.001098124101916473,0.1,1.25,0.09757306132651543,1.295032916560236,34.96192960359673,true,75,false
60,ok,0.0012375104439015583,0.1,1.25,0.09777024186128322,1.3056705117798193,33.98134011017067,true,70,false
61,ok,0.0012638501825574995,0.1,1.25,0.09756357170039565,1.2740918810654196,39.41377810619273,true,73,false
62,ok,0.001078212398049948,0.1,1.25,0.09773623409768643,1.2869918242076372,33.071283662157576,true,70,false
63,ok,0.001333761968139103,0.1,1.25,0.09757784620095795,1.2900262571978478,41.66261299405839,true,64,false
64,ok,0.001248524066920211,0.1,1.25,0.09768199729616403,1.2816869739912498,39.17951255282701,true,73,false
65,ok,0.0012091171148945247,0.1,1.25,0.09771808223390482,1.2992064540052848,32.749241729138284,true,68,false
66,ok,0.001263254663826352,0.1,1.25,0.09757413946930155,1.2870409599994153,37.43317339624619,true,70,false
67,ok,0.0012943929412739146,0.1,1.25,0.0974868734219581,1.3001338888988165,41.7214218406059,true,73,false
68,ok,0.0011673363157522524,0.1,1.25,0.09771369932029635,1.2979429838139072,37.390885622385,true,71,false
69,ok,0.0013093561701259635,0.1,1.25,0.09787401450187697,1.2744644288259832,36.93657292053062,true,72,false
70,ok,0.0015396091375073971,0.1,1.25,0.09743418710182218,1.306111305517685,42.03678050101136,true,73,false
71,ok,0.0014427575620027124,0.1,1.25,0.0977501314383992,1.2856036318714288,42.62281288604105,true,70,false
72,ok,0.0011828595817439456,0.1,1.25,0.09782602584958429,1.2817389890275288,42.07764652905481,true,71,false
73,ok,0.0011594091726520113,0.1,1.25,0.0973506950572154,1.31794536727493,40.747710911889854,true,68,false
74,ok,0.0010805645529473951,0.1,1.25,0.0978940705145234,1.2765812284124956,30.890261440579916,true,71,false
75,ok,0.0013465300627451922,0.1,1.25,0.09771626962856086,1.2901785804602057,41.84911097124629,true,71,false
76,ok,0.0011373897993016858,0.1,1.25,0.09763826519693436,1.2903450072864324,36.89365870778236,true,70,false
77,ok,0.0012681837893053262,0.1,1.25,0.09779761539862118,1.2870790762917401,36.50209315962315,true,75,false
78,ok,0.0011072611076407548,0.1,1.25,0.09758647577690913,1.2938508199651808,33.22056048989085,true,71,false
79,ok,0.001454009781412913,0.1,1.25,0.09771410627636098,1.2823748803845318,41.962500206081714,true,71,false
80,ok,0.0012883116523497802,0.1,1.25,0.09772320103184964,1.2828083128842966,38.879647828626354,true,73,false
81,ok,0.0011671914163791594,0.1,1.25,0.0977918367380823,1.2922990230249705,33.82259358258301,true,74,false
82,ok,0.0013174807609811728,0.1,1.25,0.09785428893860634,1.2806261118502655,39.28567122514045,true,72,false
83,ok,0.001079589542486817,0.1,1.25,0.0976854884739938,1.2830429874352172,35.0314964094739,true,75,false
84,ok,0.0012403205479747444,0.1,1.25,0.09744602602870865,1.285697616556457,36.47390681945101,true,72,false
85,ok,0.0013223216582591406,0.1,1.25,0.09775943273757311,1.2774534526471661,39.357695491992146,true,74,false
86,ok,0.0010313050583880565,0.1,1.25,0.09761602758633403,1.2854455336906445,34.5533195874464,true,68,false
87,ok,0.001194311620521877,0.1,1.25,0.097808850542835,1.2868031026921667,31.291466966488098,true,72,false
88,ok,0.0012424006033720702,0.1,1.25,0.09777705887350371,1.2889201138001567,41.76039632447614,true,71,false
89,ok,0.001334601711521089,0.1,1.25,0.09795726536019539,1.297360159482971,30.34174965241954,true,65,false
90,ok,0.0009168121096737516,0.1,1.25,0.09765394644521755,1.2907508484141161,34.24212200269969,true,70,false
91,ok,0.0012332112051644797,0.1,1.25,0.09796952160257734,1.278755772193935,35.676403925669185,true,71,false
92,ok,0.0011499447114997194,0.1,1.25,0.09735744725295334,1.298840224121948,38.62788309220051,true,66,false
93,ok,0.00113240920928964,0.1,1.25,0.09743386010776633,1.3029416036250918,31.55425167250469,true,71,false
94,ok,0.0011805543790843803,0.1,1.25,0.09752799253250483,1.3002950133938065,28.48693873394821,true,74,false
95,ok,0.0013086068362391527,0.1,1.25,0.09720718383004666,1.3042229650527397,39.99999117542549,true,74,false
96,ok,0.0013428562704038607,0.1,1.25,0.09750866791522797,1.3009376776476294,37.12765510951091,true,73,false
97,ok,0.0012350793446796375,0.1,1.25,0.09765831681830395,1.292846568442488,40.419411238924866,true,71,false
98,ok,0.0011762023005639107,0.1,1.25,0.09761033956964871,1.2995217840546747,28.616123622360313,true,70,false
99,ok,0.001232903328442241,0.1,1.25,0.09758671359484103,1.2969280627752782,30.299115836436282,true,72,false
100,ok,0.0011301769772915945,0.1,1.25,0.09794173459517304,1.2648695925631674,26.957499252476666,true,65,false
101,ok,0.0012769528738271084,0.1,1.25,0.09746777471775556,1.3101019234451534,46.96029404891349,true,71,false
102,ok,0.001170403539145546,0.1,1.25,0.09767003236104556,1.2850670879322124,37.19040591850365,true,71,false
103,ok,0.0011937517371197839,0.1,1.25,0.09762117537259613,1.2826532205372958,41.33791412206168,true,71,false
104,ok,0.0012970869546415436,0.1,1.25,0.09777281976481123,1.2951695974767234,31.742562194774305,true,70,false
105,ok,0.0012295286660914965,0.1,1.25,0.09771308916850183,1.2762481781804091,34.92374446876383,true,69,false
106,ok,0.0012201831475562312,0.1,1.25,0.09743213849712845,1.304895102864115,40.006388759616335,true,71,false
107,ok,0.0012458499007940867,0.1,1.25,0.09782938275211514,1.2843210988991056,33.48883697060454,true,72,false
108,ok,0.0013981208729250305,0.1,1.25,0.09779240837498955,1.270663469944091,44.34278803855165,true,74,false
109,ok,0.0011673421325048392,0.1,1.25,0.09742810043096783,1.2906908209811963,36.87360296304621,true,77,false
110,ok,0.0012668986142408665,0.1,1.25,0.09800204610612517,1.2692943027243555,36.92863232482503,true,76,false
111,ok,0.0013797154832844362,0.1,1.25,0.09813254433069872,1.2671278442770955,35.27337089816403,true,72,false
112,ok,0.001313846017623327,0.1,1.25,0.09707772794912897,1.285695494737845,40.15934377490951,true,70,false
113,ok,0.0012514954018056652,0.1,1.25,0.09758904628033462,1.2879196371805648,38.52337698626192,true,71,false
114,ok,0.0012893964517853062,0.1,1.25,0.09738496977675193,1.310242491518308,35.31235743147744,true,73,false
115,ok,0.0013412505680967092,0.1,1.25,0.09743007394318833,1.293021027355624,35.37526359372217,true,77,false
116,ok,0.001235952174551164,0.1,1.25,0.09769704138272912,1.2848068047445063,28.862391393212597,true,70,false
117,ok,0.0012499185158626489,0.1,1.25,0.09780597386386372,1.3034978772615506,38.587003247896284,true,69,false
118,ok,0.0012442028535334332,0.1,1.25,0.09759896059955349,1.2763194116359036,32.531295138452414,true,72,false
119,ok,0.0012046135592630781,0.1,1.25,0.09788925573578305,1.284151635669946,34.58731571716151,true,74,false
120,ok,0.0013852463345583575,0.1,1.25,0.09759222731418006,1.2953919483611327,43.884776354504154,true,71,false
121,ok,0.0012291611110985495,0.1,1.25,0.09789315447406839,1.2773282357310511,37.114731036837505,true,73,false
122,ok,0.0011654607524203213,0.1,1.25,0.09796802395077694,1.2840839439373155,35.77541678198904,true,75,false
123,ok,0.0013316220499641094,0.1,1.25,0.09769136164142492,1.2657106314627151,39.073762214026615,true,71,false
124,ok,0.0011401478136790094,0.1,1.25,0.09748534258826008,1.2936509279426964,33.80507797889822,true,69,false
125,ok,0.001167306702744222,0.1,1.25,0.0979038353988646,1.2979979869668006,37.40528235690191,true,64,false
126,ok,0.0014232379185643868,0.1,1.25,0.09766563885858642,1.2744957124458747,39.39207324040572,true,71,false
127,ok,0.0012833718127949305,0.1,1.25,0.09756231806391066,1.2841225796806157,41.8198857275936,true,69,false
128,ok,0.0010678055262899114,0.1,1.25,0.0975839820619497,1.2784711999298306,32.76976788184304,true,70,false
129,ok,0.0012261940514665046,0.1,1.25,0.09780392665803184,1.2893472687203653,38.03136427752577,true,71,false
130,ok,0.001413991373714233,0.1,1.25,0.0976088551887029,1.3122413138827909,49.11087277199434,true,73,false
131,ok,0.0012604036194610924,0.1,1.25,0.09760930037268428,1.2889833871178527,35.20796789256907,true,77,false
132,ok,0.0012045269549433941,0.1,1.25,0.09777291547384623,1.2871389406387583,38.27140640025766,true,74,false
133,ok,0.0010628792714504195,0.1,1.25,0.09721559342765748,1.3105892151885643,39.44930942127684,true,70,false
134,ok,0.0013955524593030101,0.1,1.25,0.09764367361412046,1.3008607647741488,42.98629231026419,true,70,false
135,ok,0.0012754660247324759,0.1,1.25,0.09785108066274888,1.2943044290734171,37.643256980107296,true,73,false
136,ok,0.001128269186863093,0.1,1.25,0.0978999365716135,1.2700122537840968,40.48009699132538,true,70,false
137,ok,0.0011375715959017377,0.1,1.25,0.09775772779472985,1.282704241429356,37.18236488758697,true,72,false
138,ok,0.0012229684590584816,0.1,1.25,0.09742196735170526,1.2989024389119581,43.700977338795184,true,64,false
139,ok,0.0013527046523699067,0.1,1.25,0.09774060296003192,1.2795427716819043,37.56087395799222,true,72,false
140,ok,0.001213716870598453,0.1,1.25,0.09758472012770897,1.2992058371913084,31.275407462818418,true,70,false
141,ok,0.0011559443790284348,0.1,1.25,0.0978066619106324,1.2856946043025557,35.35160534371066,true,75,false
142,ok,0.0012246521299969896,0.1,1.25,0.0979133157373087,1.2689916463194943,43.95831074950691,true,68,false
143,ok,0.0013032864441693305,0.1,1.25,0.09773775193606701,1.2848882343991825,42.125194619655,true,69,false
144,ok,0.0013611147392241874,0.1,1.25,0.09752447502152466,1.298327598875788,37.07969769499646,true,71,false
145,ok,0.0012193056109275776,0.1,1.25,0.09763335982626405,1.2931771715835474,34.678407397178994,true,71,false
146,ok,0.001213786545393291,0.1,1.25,0.0975857698832264,1.2920595781301278,35.561931057644166,true,70,false
147,ok,0.0013324413683160738,0.1,1.25,0.09755353246197883,1.281058260551435,38.066812786599726,true,72,false
148,ok,0.001178388730428123,0.1,1.25,0.09771960917911218,1.2833915831052405,37.99890661889388,true,69,false
149,ok,0.0011948722748002798,0.1,1.25,0.09773532557298445,1.2971358981500318,38.27944023323798,true,70,false
150,ok,0.0011604634025431178,0.1,1.25,0.0974848712965563,1.2917012719960304,36.78973513295767,true,73,false
151,ok,0.0012160292597194534,0.1,1.25,0.0973460593546904,1.2930289987428596,30.980045547066958,true,75,false
152,ok,0.0012485942712991214,0.1,1.25,0.097826780630197,1.2841457356528438,37.62706121398068,true,69,false
153,ok,0.0011131947130380406,0.1,1.25,0.09785757394869357,1.2737176375348107,36.559267816479185,true,69,false
154,ok,0.0013167205802370277,0.1,1.25,0.09754657625109997,1.2926873052931913,38.42322271228353,true,74,false
155,ok,0.0012486852344825833,0.1,1.25,0.09757666345103325,1.292635062807175,36.774000835176345,true,71,false
156,ok,0.001387630096225435,0.1,1.25,0.09786744054924369,1.2683124193099349,36.16675199469534,true,70,false
157,ok,0.0011910660231930633,0.1,1.25,0.09752605149776172,1.295694655679537,32.570694012834124,true,70,false
158,ok,0.0012316510047618349,0.1,1.25,0.09741574946858751,1.3033154438225576,38.828418900057535,true,74,false
159,ok,0.0013520861795895554,0.1,1.25,0.09754212482657405,1.2974286989362898,41.31382224838731,true,74,false
160,ok,0.0014624940645653586,0.1,1.25,0.09779071202306786,1.2814612869597783,49.42435789082431,true,69,false
161,ok,0.0011613380958357886,0.1,1.25,0.09745163970935976,1.299058608739887,37.12303358184613,true,72,false
162,ok,0.0011501384779749328,0.1,1.25,0.09772001135347941,1.281982455096091,31.98099435949613,true,74,false
163,ok,0.0013357598290814358,0.1,1.25,0.09728399441954334,1.297439727981054,32.481336296138885,true,72,false
164,ok,0.0010477530337598873,0.1,1.25,0.09754524195317543,1.2944832610759527,34.53555430019262,true,72,false
165,ok,0.0013177164122867427,0.1,1.25,0.09758091018931044,1.2870846299764331,41.69919630751936,true,71,false
166,ok,0.0012803370505312065,0.1,1.25,0.09768179304398529,1.307655453814696,41.34178750045009,true,77,false
167,ok,0.0011574589025581503,0.1,1.25,0.09762039964251978,1.2772733060408152,38.57139391578711,true,64,false
168,ok,0.0011057604500250185,0.1,1.25,0.0977364802491433,1.2779622738359726,34.1169871461476,true,71,false
169,ok,0.0011220021786471231,0.1,1.25,0.09760747860638123,1.2973539053505179,39.57687913504936,true,72,false
170,ok,0.0012550957860254233,0.1,1.25,0.09740163226298024,1.302697292739666,36.87375171121348,true,73,false
171,ok,0.0010765628891620657,0.1,1.25,0.09742793948148828,1.2794909174122548,39.36640068489548,true,73,false
172,ok,0.0012813284001909138,0.1,1.25,0.0977912594682134,1.293508499708661,40.868013411917396,true,72,false
173,ok,0.0012490855914687401,0.1,1.25,0.09780368681271089,1.2703811487723675,36.68002321626835,true,75,false
174,ok,0.001166657671922987,0.1,1.25,0.09779275753699587,1.2849979851138535,34.47171850680552,true,72,false
175,ok,0.0012561296622542776,0.1,1.25,0.09767499095086832,1.2734063767480799,38.81413645135898,true,74,false
176,ok,0.0010632462520943002,0.1,1.25,0.09783402626162127,1.2873996614034426,35.396443416161766,true,74,false
177,ok,0.0011602820006307334,0.1,1.25,0.09758827391225008,1.3091172564861968,41.20394436126642,true,73,false
178,ok,0.0014316122311041149,0.1,1.25,0.09778339879039426,1.2711208062497865,48.89512928717495,true,68,false
179,ok,0.0011591967205944853,0.1,1.25,0.09739086555319167,1.295015044916553,38.872541291841145,true,66,false
180,ok,0.0011443403404646836,0.1,1.25,0.09745554771678744,1.3013350421623253,35.51639432111384,true,74,false
181,ok,0.0012055407065137624,0.1,1.25,0.0980473083448021,1.2601179800843174,37.87084278839715,true,72,false
182,ok,0.001334640100375667,0.1,1.25,0.09776379436950973,1.2872426440476978,51.49498949768555,true,70,false
183,ok,0.0012823314992910682,0.1,1.25,0.0980199488497272,1.2852140476536598,40.67170627547089,true,71,false
184,ok,0.001217915645075025,0.1,1.25,0.09722860487112443,1.3061336290634527,41.923897011262554,true,71,false
185,ok,0.0014034393379510903,0.1,1.25,0.09734130561577017,1.2986791921487235,46.432170641203825,true,66,false
186,ok,0.0011652901932857358,0.1,1.25,0.0976097383006205,1.2939268872259797,39.362232586045394,true,71,false
187,ok,0.0012214694651611004,0.1,1.25,0.09747390946617923,1.3012120985177802,43.31264367620423,true,69,false
188,ok,0.0011676736395050886,0.1,1.25,0.09770748766134411,1.2867893948318128,40.036143225244565,true,72,false
189,ok,0.0010625173927407327,0.1,1.25,0.09759514611426102,1.2827913260042094,40.26731967638092,true,70,false
190,ok,0.0013252281424832666,0.1,1.25,0.0978459587167978,1.2783229703505377,38.103717752057904,true,72,false
191,ok,0.0012266364730583595,0.1,1.25,0.09757118004981458,1.295397775464121,41.15866461462506,true,74,false
192,ok,0.0012075549216863399,0.1,1.25,0.09771922158449356,1.2822204234339516,37.093353663318865,true,72,false
193,ok,0.0012259020362447995,0.1,1.25,0.09727257568459075,1.3013530623417797,28.960863700992817,true,69,false
194,ok,0.001121501418678892,0.1,1.25,0.09785898716338078,1.2851095022084842,31.63286498380356,true,73,false
195,ok,0.0013684383277262169,0.1,1.25,0.0978003433101044,1.27756303406745,50.490198872452886,true,74,false
196,ok,0.001315434960688848,0.1,1.25,0.09777896730452887,1.2696290743640157,37.03412356780733,true,73,false
197,ok,0.0011553258318664022,0.1,1.25,0.09744781453566796,1.3089378743672389,35.320036098507046,true,68,false
198,ok,0.0010583524349398817,0.1,1.25,0.09754850781183455,1.3088253930913334,23.610046132650396,true,72,false
199,ok,0.0013800550176901723,0.1,1.25,0.09787480781261837,1.286254297784977,36.69989018927309,true,72,false
200,ok,0.0012690440652342043,0.1,1.25,0.09822186349477832,1.2622362879525117,34.50057214881697,true,74,false
201,ok,0.0012977977547929754,0.1,1.25,0.09768119480984176,1.3065899674832266,42.585071835684325,true,69,false
202,ok,0.0014086202863479956,0.1,1.25,0.09782449897692433,1.2861398762745164,36.60851093146952,true,75,false
203,ok,0.001155906463813744,0.1,1.25,0.09711978740824545,1.303681395770107,46.040344959834535,true,70,false
204,ok,0.0012473032638852328,0.1,1.25,0.09761115173314364,1.3038688700179975,36.039735860298634,true,69,false
205,ok,0.0012720654925293532,0.1,1.25,0.0976499978249433,1.2872587721112867,35.5433733530073,true,72,false
206,ok,0.0011933700594389937,0.1,1.25,0.09761173938608417,1.2998861282789296,42.535373553130476,true,71,false
207,ok,0.0011457360564768259,0.1,1.25,0.09770684221809182,1.305006616814142,36.97671380520035,true,72,false
208,ok,0.0011597913818367227,0.1,1.25,0.09735215196199151,1.3118429974042558,42.45613843609379,true,66,false
209,ok,0.001132367780415619,0.1,1.25,0.0972362979597706,1.2841691810246014,34.21192326582298,true,71,false
210,ok,0.001077617972115894,0.1,1.25,0.09784103081056952,1.2903097275771387,35.00736403728755,true,71,false
211,ok,0.0012115901193406615,0.1,1.25,0.09773055981200246,1.295221176771576,42.77394025534773,true,72,false
212,ok,0.0012761076041164993,0.1,1.25,0.09796177657750971,1.2716324724642238,36.6533017521923,true,70,false
213,ok,0.0013201557147212142,0.1,1.25,0.0978385277810781,1.2768743465781787,39.65440826037814,true,71,false
214,ok,0.0013372636516686077,0.1,1.25,0.09761037800907477,1.2980587539619262,40.988692488733605,true,72,false
215,ok,0.0011523245427620924,0.1,1.25,0.09782800489956983,1.2908479408970015,41.34936298561625,true,73,false
216,ok,0.0011365705400865202,0.1,1.25,0.09787356985199368,1.2918003459148804,27.532486546052183,true,72,false
217,ok,0.0012632976639154836,0.1,1.25,0.09771519448019905,1.2725626641834897,31.610137037038296,true,73,false
218,ok,0.0011350303199300295,0.1,1.25,0.09778996513739917,1.2805448694726966,35.63209202582757,true,73,false
219,ok,0.0012416958733825975,0.1,1.25,0.09806145932900776,1.2689884716531767,32.89766696778309,true,70,false
220,ok,0.0012406489739419599,0.1,1.25,0.09788376355322972,1.2752231921922967,38.53021690008196,true,69,false
221,ok,0.0013629520430319452,0.1,1.25,0.09788705604754744,1.2722112451083754,40.910527333846375,true,72,false
222,ok,0.001183186219337262,0.1,1.25,0.09787391097393505,1.2795897941385268,35.3456648527726,true,75,false
223,ok,0.0011510639200965898,0.1,1.25,0.09750018606185198,1.3063243987500284,38.7333339638506,true,71,false
224,ok,0.0013193456103334459,0.1,1.25,0.09774656634441711,1.2894379556767235,39.4295839154074,true,73,false
225,ok,0.0010851745038028338,0.1,1.25,0.09771455249498864,1.295338863513434,32.53757217394273,true,69,false
226,ok,0.001227976353976718,0.1,1.25,0.09740758521974144,1.2925864595098535,41.98151706477452,true,71,false
227,ok,0.0011441741859967048,0.1,1.25,0.09755805376984246,1.2854006858028377,40.02728736575748,true,72,false
228,ok,0.0015843158744781268,0.1,1.25,0.0978811717080966,1.2552184637766186,46.17017492125212,true,69,false
229,ok,0.0012645962611456923,0.1,1.25,0.09780790580298766,1.279773166155799,39.76412838510299,true,71,false
230,ok,0.0013103910452067465,0.1,1.25,0.0977288289066527,1.2876693971683117,37.714934649518774,true,73,false
231,ok,0.0011241194084457631,0.1,1.25,0.09775359862308505,1.277701079442998,32.385238068659675,true,71,false
232,ok,0.0013396991554675683,0.1,1.25,0.09794157270784903,1.2903217745917757,42.218375334677155,true,72,false
233,ok,0.0013989166884537984,0.1,1.25,0.09792752946295978,1.2698027849774105,41.980870843388196,true,72,false
234,ok,0.0010925849968348807,0.1,1.25,0.0976275620115727,1.2942030900616157,39.24561468668667,true,72,false
235,ok,0.0011738508959513966,0.1,1.25,0.09755686183926757,1.289820113618921,40.211614552314465,true,70,false
236,ok,0.0011609574592646528,0.1,1.25,0.09748234979578108,1.3012918050375395,31.482185240809873,true,79,false
237,ok,0.0012036995441523427,0.1,1.25,0.09784335927369389,1.2708150159589167,43.0572448654915,true,72,false
238,ok,0.001183362545283666,0.1,1.25,0.09762714639361456,1.2895306525607286,40.57225240047613,true,72,false
239,ok,0.0013504557986833714,0.1,1.25,0.0978149137380398,1.3016444405769358,30.865747423331367,true,72,false
240,ok,0.0011837912520352078,0.1,1.25,0.09775250469465813,1.2914786584242006,36.71281125070883,true,75,false
241,ok,0.0012696743044994514,0.1,1.25,0.09740545873146325,1.3148989397951287,42.2971774109928,true,66,false
242,ok,0.0013449021259537908,0.1,1.25,0.0975772758834471,1.2972242592243168,42.33963637996211,true,71,false
243,ok,0.0012202468885991072,0.1,1.25,0.09797349888026144,1.2843420923089877,37.49212383240232,true,75,false
244,ok,0.0011117264962521728,0.1,1.25,0.09773509734308695,1.2810258418034315,29.69506178909112,true,72,false
245,ok,0.001029405317958853,0.1,1.25,0.0975285696029269,1.2970126207614359,36.525344902724996,true,73,false
246,ok,0.00107958554004377,0.1,1.25,0.09732097430593287,1.2965141174808221,33.453954785067104,true,72,false
247,ok,0.001113013926238117,0.1,1.25,0.09741057130316665,1.2880796920719875,41.7754116098516,true,75,false
248,ok,0.0013565388055135812,0.1,1.25,0.09757476020096632,1.309587185696819,43.17572356502503,true,69,false
249,ok,0.0012630684760964444,0.1,1.25,0.09743109390489266,1.2984676307016565,37.29978500067657,true,71,false
250,ok,0.0010288930885443293,0.1,1.25,0.09766857659479153,1.2979586862717385,36.38286716651873,true,73,false
251,ok,0.0013188224264822853,0.1,1.25,0.09765049278782856,1.2924022343539396,39.165624958536846,true,70,false
252,ok,0.0013254768533961221,0.1,1.25,0.09778321241766363,1.2840369363951853,44.85429242281711,true,71,false
253,ok,0.0014083012268967998,0.1,1.25,0.09762361088205793,1.2784629275943886,36.679124619249784,true,71,false
254,ok,0.0011841337929077934,0.1,1.25,0.0978535329722275,1.2859986282649543,40.940640595775804,true,72,false
255,ok,0.0011369490254271358,0.1,1.25,0.09750656767008539,1.292943591474179,38.69127142147576,true,72,false
256,ok,0.001192270372849748,0.1,1.25,0.09766148124387039,1.3004550674732023,34.32311983717078,true,73,false
257,ok,0.0012005199490837956,0.1,1.25,0.09778460954135254,1.2743107712771335,37.35852630180544,true,69,false
258,ok,0.0012072727145957577,0.1,1.25,0.0975840384724163,1.296067435982577,38.97192287579109,true,73,false
259,ok,0.0011256098484218313,0.1,1.25,0.0977796460043569,1.2808428699565668,32.554587056671615,true,74,false
260,ok,0.001239391527332963,0.1,1.25,0.09795861855508947,1.2778097830714474,32.37459193996643,true,74,false
261,ok,0.0013326174003825849,0.1,1.25,0.09732026549885062,1.3053339310096446,37.48327063743521,true,68,false
262,ok,0.001262899857226512,0.1,1.25,0.0975757475354116,1.2961657682854686,34.68839839175191,true,72,false
263,ok,0.0012891833954719082,0.1,1.25,0.0977780133553943,1.2870839899584083,36.149015776475686,true,76,false
264,ok,0.0013084049284491877,0.1,1.25,0.09755692003177886,1.2841535314534902,34.22334518262135,true,68,false
265,ok,0.0014843246791340487,0.1,1.25,0.0977797830164445,1.2879197523122292,42.30438659267651,true,70,false
266,ok,0.0010932085520483391,0.1,1.25,0.09768866252069063,1.2821211657499103,31.41202907247113,true,72,false
267,ok,0.001191030262596127,0.1,1.25,0.09753900946363372,1.2886991086703503,33.15410290282448,true,69,false
268,ok,0.0013389465178929901,0.1,1.25,0.0977928317805542,1.2845462401273031,39.90590596437227,true,69,false
269,ok,0.0013588702642495787,0.1,1.25,0.09769424336159688,1.2960321925164562,42.77935087276852,true,73,false
270,ok,0.0013317930918525336,0.1,1.25,0.09783554992053478,1.2799064128264548,32.16908692809274,true,64,false
271,ok,0.001280944867309448,0.1,1.25,0.09762384187116148,1.2775210910214367,41.95788604290752,true,72,false
272,ok,0.0012845093216986953,0.1,1.25,0.09795438720914394,1.2752832176313464,37.773421878227396,true,70,false
273,ok,0.0011839633169158966,0.1,1.25,0.09781770359385095,1.2860327009394532,28.265386270922917,true,71,false
274,ok,0.0013386186910393889,0.1,1.25,0.09751858991460907,1.2712687602873074,37.77945034468194,true,69,false
275,ok,0.0012504206699554463,0.1,1.25,0.0975116346586505,1.291023695143813,45.388687450880724,true,69,false
276,ok,0.0010892731748201397,0.1,1.25,0.09773908126762991,1.2896735891696671,36.860552821497706,true,75,false
277,ok,0.0010674568832186476,0.1,1.25,0.09786788743440672,1.2706252024133262,31.49356494804092,true,70,false
278,ok,0.0012958185362975463,0.1,1.25,0.09764891568744356,1.2874174049021831,39.89782053258292,true,72,false
279,ok,0.001353456480439775,0.1,1.25,0.09790105981016747,1.2868281755148716,44.8646590260741,true,68,false
280,ok,0.0010328385912404471,0.1,1.25,0.09781630964917026,1.2913504230002473,30.334134481689773,true,76,false
281,ok,0.0012326424491341298,0.1,1.25,0.0973259768220971,1.2973241429145226,36.840716028430975,true,71,false
282,ok,0.0013322291724403967,0.1,1.25,0.09759628551156152,1.2913587178270287,41.37644470224054,true,72,false
283,ok,0.0013767769662566232,0.1,1.25,0.09754216601038039,1.288002525043628,41.51697778475407,true,73,false
284,ok,0.0012690854099617333,0.1,1.25,0.09757450562819563,1.293407347404715,31.637672376242286,true,71,false
285,ok,0.0012885334759013922,0.1,1.25,0.09787974674830154,1.290260580404883,37.458595739280376,true,78,false
286,ok,0.001129884731365472,0.1,1.25,0.09768484416858245,1.287479988288041,39.33647487770584,true,70,false
287,ok,0.0012420080316235056,0.1,1.25,0.0974734401714083,1.3087769746600926,35.201166615098195,true,73,false
288,ok,0.00121279088403363,0.1,1.25,0.09764474046506204,1.2865368465667162,31.023352845133974,true,74,false
289,ok,0.0011871747767777303,0.1,1.25,0.09760684993865477,1.3077288998721057,36.82307985535233,true,72,false
290,ok,0.0012431367136758963,0.1,1.25,0.09783433164912189,1.2909178809571038,39.74340821854216,true,70,false
291,ok,0.0012024645473586117,0.1,1.25,0.09778150017844398,1.2855877173086818,35.26906621269383,true,72,false
292,ok,0.0012315612895331487,0.1,1.25,0.09742833199711042,1.2985382754770336,40.63720058970499,true,64,false
293,ok,0.001203376935703336,0.1,1.25,0.09764710659560563,1.3005753688120925,33.08191020019277,true,71,false
294,ok,0.0013123558121857768,0.1,1.25,0.09809425192756506,1.2739432843197527,39.870111197644555,true,68,false
295,ok,0.0013363978671261118,0.1,1.25,0.09815050043985749,1.2760505220465137,45.025272889150344,true,73,false
296,ok,0.0012933729470832858,0.1,1.25,0.0976579876964826,1.2998532157938125,41.90833859191046,true,68,false
297,ok,0.0012505179173959873,0.1,1.25,0.09788164710697839,1.2844344738972011,34.17722797244845,true,76,false
298,ok,0.001266446862020265,0.1,1.25,0.09785598060290804,1.2804625757283619,42.69970171471611,true,70,false
299,ok,0.0010430049181375965,0.1,1.25,0.09753581574997755,1.292784120847488,37.49046567202204,true,66,false
300,ok,0.0012303688095069037,0.1,1.25,0.09772954978837538,1.2879386520295508,31.474864265653572,true,73,false
301,ok,0.0012704606921783706,0.1,1.25,0.09752843228274327,1.294391914182805,36.34360963616823,true,71,false
302,ok,0.0011414680822151929,0.1,1.25,0.0977298729706626,1.2868315326635966,34.4508794999741,true,71,false
303,ok,0.0011275714096901444,0.1,1.25,0.09750114604850957,1.3047761576204278,30.88072448199454,true,72,false
304,ok,0.001186053212222038,0.1,1.25,0.09765496632130868,1.2961634425477189,35.986170432624036,true,76,false
305,ok,0.0011543834867876056,0.1,1.25,0.09744546484579135,1.3160611676095109,37.15632373201352,true,72,false
306,ok,0.0010763736558061887,0.1,1.25,0.09819943273895437,1.2717627128710474,32.82493096401347,true,69,false
307,ok,0.001063432016783861,0.1,1.25,0.09764738003199651,1.2836175408794968,31.10454929374703,true,72,false
308,ok,0.0012943628968114045,0.1,1.25,0.09776097645209399,1.2902239789220629,36.59003735223967,true,77,false
309,ok,0.0012207435499787872,0.1,1.25,0.09739140534512272,1.293833774639938,39.50868937199918,true,72,false
310,ok,0.0012004834417130344,0.1,1.25,0.0979784257025414,1.281719163119777,30.692350077662766,true,79,false
311,ok,0.0012803013727002985,0.1,1.25,0.09792969834492404,1.274317753785868,40.77418655327814,true,72,false
312,ok,0.0012835829483072885,0.1,1.25,0.09738541488198296,1.2915979536272384,37.842362255833024,true,68,false
313,ok,0.0010391366311855318,0.1,1.25,0.09771669110313841,1.290730246435951,34.18462222734288,true,75,false
314,ok,0.0012661480419751624,0.1,1.25,0.09794990881283376,1.2746022669938488,40.55575866266483,true,68,false
315,ok,0.0013140372244196544,0.1,1.25,0.09764198594444956,1.300657278973722,40.29469385176456,true,72,false
316,ok,0.0013660956349943628,0.1,1.25,0.09763478978811546,1.2896276713609678,40.29952815113183,true,70,false
317,ok,0.0014226184343936073,0.1,1.25,0.09753985930110434,1.2870524100448413,48.94460770599565,true,70,false
318,ok,0.001176730142029385,0.1,1.25,0.0977591955846344,1.2739749349024585,32.81498368719908,true,73,false
319,ok,0.0014478741334013898,0.1,1.25,0.09764873557724571,1.285923017113208,40.16007663943714,true,70,false
320,ok,0.001498151947987675,0.1,1.25,0.09764699668834065,1.2865051030603565,46.18122028837186,true,73,false
321,ok,0.001295750414162577,0.1,1.25,0.09775286765043507,1.2950468833417026,42.93080867880517,true,72,false
322,ok,0.0013373439680534247,0.1,1.25,0.09792507759263458,1.27720653076779,48.56665114936675,true,73,false
323,ok,0.001036825044469662,0.1,1.25,0.09757699344650546,1.2907562091895686,32.16829480307375,true,70,false
324,ok,0.0014025576284896648,0.1,1.25,0.09761594606859941,1.2983785031798158,41.718543497530405,true,72,false
325,ok,0.0011621122743829932,0.1,1.25,0.09749642860030076,1.2906466876131806,42.83105938035905,true,65,false
326,ok,0.0011031000088974742,0.1,1.25,0.09773193571791669,1.2863397337086548,35.108331616573984,true,72,false
327,ok,0.0010513829810490018,0.1,1.25,0.09735508008432528,1.3127105715577982,36.10206152037671,true,71,false
328,ok,0.0012563802601221858,0.1,1.25,0.09779100984493165,1.2928909866769311,39.09168025803252,true,68,false
329,ok,0.0012798548335892304,0.1,1.25,0.09779274225346896,1.2804863638789254,45.635544921830316,true,71,false
330,ok,0.0010488830037499752,0.1,1.25,0.09776525532732683,1.2931687063493367,32.50686776228253,true,73,false
331,ok,0.0012457641811602091,0.1,1.25,0.09751282263669563,1.283933657272212,34.395550264166324,true,68,false
332,ok,0.0013574667765299888,0.1,1.25,0.09788608061824158,1.2797976977034329,41.39396620689628,true,68,false
333,ok,0.001324588918294709,0.1,1.25,0.09760284350044844,1.2981879513026189,36.79863142876112,true,69,false
334,ok,0.001190200211397161,0.1,1.25,0.09773794876279948,1.298306010120308,37.091576936689904,true,72,false
335,ok,0.0011368974458890908,0.1,1.25,0.09767056752953343,1.298318193667231,32.90242195627337,true,72,false
336,ok,0.001304605801112456,0.1,1.25,0.09765490154789369,1.29839310301717,38.085118680760885,true,71,false
337,ok,0.001165646644041586,0.1,1.25,0.09778247831459053,1.2963230587784946,32.846662207706096,true,73,false
338,ok,0.0012978044137297176,0.1,1.25,0.09743645067787948,1.3029499547582204,33.913352805812124,true,75,false
339,ok,0.001165663589951347,0.1,1.25,0.09755921261175463,1.2934169282385048,36.54344669313102,true,71,false
340,ok,0.0011231712159091994,0.1,1.25,0.09751225827635292,1.3035999290304492,34.88284816144119,true,69,false
341,ok,0.0013071989656523015,0.1,1.25,0.09758488097710129,1.2861516557257913,40.87948495365292,true,75,false
342,ok,0.0013249216142665295,0.1,1.25,0.09791993575418412,1.2791051632485484,31.99752668776383,true,72,false
343,ok,0.0012779608564495667,0.1,1.25,0.09756707519344475,1.2870163704167403,32.698156943131096,true,69,false
344,ok,0.0011479310427949816,0.1,1.25,0.09758525513155791,1.2885832143728946,35.48465731400908,true,73,false
345,ok,0.0014180442104236382,0.1,1.25,0.09795148389997571,1.269656206695859,46.787477509874456,true,73,false
346,ok,0.0013700720896595775,0.1,1.25,0.09800249569408072,1.2797813301379553,38.491654046370094,true,77,false
347,ok,0.001361265297389365,0.1,1.25,0.0977491819362906,1.2897185054786438,40.92230883361114,true,73,false
348,ok,0.0012911751753086407,0.1,1.25,0.09762298055518853,1.2956063082284102,39.50217553365665,true,66,false
349,ok,0.0011285262978496765,0.1,1.25,0.0976085854576958,1.2937001677572824,33.94530635743736,true,73,false
350,ok,0.0012547248972986996,0.1,1.25,0.0980484810654284,1.2665340555609783,39.24452481553851,true,76,false
351,ok,0.0010973430313238716,0.1,1.25,0.09756544967470522,1.2857107809555957,32.20175276026224,true,72,false
352,ok,0.0014682184551689523,0.1,1.25,0.09792720298922611,1.2717852587807104,39.37946754913325,true,62,false
353,ok,0.001396048656692117,0.1,1.25,0.09770643179029165,1.294583103370773,38.573506354473686,true,74,false
354,ok,0.001321834210108211,0.1,1.25,0.09773440761247112,1.2752136111514878,41.6285756376647,true,73,false
355,ok,0.001368875360683508,0.1,1.25,0.0978515697014353,1.2826381884694507,41.58265177090891,true,72,false
356,ok,0.001103392635756639,0.1,1.25,0.09795075991256467,1.2880468989904434,34.87330621187322,true,73,false
357,ok,0.0012876622515528126,0.1,1.25,0.0975221219770289,1.3028588878330398,32.62151314369045,true,70,false
358,ok,0.001289084276377977,0.1,1.25,0.09747019907991446,1.2884370208948583,34.09655823633393,true,70,false
359,ok,0.0013104414485674177,0.1,1.25,0.09757509314653337,1.2891858130440936,45.48203697315503,true,70,false
360,ok,0.001180757760461004,0.1,1.25,0.09760439619307422,1.2926384708875631,34.59962220410973,true,72,false
361,ok,0.0011235470727527798,0.1,1.25,0.09786461401184357,1.275244389268308,34.62962595557168,true,72,false
362,ok,0.0012319476700446293,0.1,1.25,0.09759657441822747,1.2930910821032064,39.05613694612166,true,68,false
363,ok,0.0012048236385463244,0.1,1.25,0.09770698628300395,1.289337599644295,34.819312304504,true,74,false
364,ok,0.0010723891637453731,0.1,1.25,0.0980077066696195,1.2679444960328472,34.34113329658821,true,74,false
365,ok,0.001189263180957124,0.1,1.25,0.0976276588635965,1.2973321597717,38.7515008139465,true,73,false
366,ok,0.0010959161002400697,0.1,1.25,0.09782981265742029,1.2813333941109228,30.252109930323087,true,68,false
367,ok,0.0012143768406516608,0.1,1.25,0.0973322172730843,1.3046019699654463,32.83358201492702,true,73,false
368,ok,0.0012210094993614473,0.1,1.25,0.09786095333994002,1.2820254788521503,32.53849846256819,true,70,false
369,ok,0.0011381542345958197,0.1,1.25,0.09766453449166004,1.2867341664176963,35.68741132218821,true,72,false
370,ok,0.0011113399764292957,0.1,1.25,0.0976544942642322,1.2942562068572818,38.42899461682736,true,74,false
371,ok,0.0012369386742885002,0.1,1.25,0.09792487292831598,1.2827944029853622,45.91087890335211,true,75,false
372,ok,0.001124542705412425,0.1,1.25,0.09770772453916021,1.2898238421427217,29.930555008447765,true,73,false
373,ok,0.0012441770546067264,0.1,1.25,0.09783981535130709,1.2853893015620264,39.44124460978711,true,73,false
374,ok,0.0012257565061404641,0.1,1.25,0.09782908739001345,1.2732940470270284,38.214091358268405,true,72,false
375,ok,0.001104000581499222,0.1,1.25,0.0975521906927445,1.2967447856154433,34.228183095912726,true,70,false
376,ok,0.0012923402067089639,0.1,1.25,0.09779942224954274,1.2807879404327775,44.055961836327185,true,70,false
377,ok,0.0012325923700142341,0.1,1.25,0.09781357325555944,1.2992185644596157,38.86511352193078,true,69,false
378,ok,0.0013917854240746593,0.1,1.25,0.09762788696139596,1.3046293969136398,36.58012440302913,true,72,false
379,ok,0.0013260914442520479,0.1,1.25,0.09794505077646701,1.2744984253088603,46.70754407771635,true,73,false
380,ok,0.0012038251790556487,0.1,1.25,0.09795969627524401,1.2788872994686373,38.51262885735754,true,70,false
381,ok,0.001160618183513099,0.1,1.25,0.09763583377252158,1.2924771402307627,37.92224146084733,true,73,false
382,ok,0.0010933384146223407,0.1,1.25,0.09777576808170049,1.2725575989810425,35.87716060695506,true,71,false
383,ok,0.0011641252743244564,0.1,1.25,0.09782856513351063,1.2837909259214535,32.33062608914048,true,68,false
384,ok,0.0015176114273569461,0.1,1.25,0.09758604487449699,1.2970627673745785,32.780451382571236,true,71,false
385,ok,0.0009963786280176724,0.1,1.25,0.09754516012346934,1.3040413650019271,36.4507525748757,true,72,false
386,ok,0.0012433730507011539,0.1,1.25,0.09777065897774348,1.2909245928066666,40.05848057576256,true,75,false
387,ok,0.0012362378212210177,0.1,1.25,0.09766621582564435,1.2833396182572423,34.778801256010865,true,74,false
388,ok,0.0011996805130255867,0.1,1.25,0.09755609264301063,1.2969036266918894,40.05421624773187,true,73,false
389,ok,0.001116801539671368,0.1,1.25,0.09781209478165262,1.292962334807525,38.80698327049417,true,71,false
390,ok,0.001348647699469327,0.1,1.25,0.09754804370520204,1.2826526187519651,49.22576880248492,true,68,false
391,ok,0.0012572152255905995,0.1,1.25,0.09736772951055228,1.295684165224734,39.2719236243942,true,73,false
392,ok,0.0011556223271307023,0.1,1.25,0.09792728587583069,1.278809443479156,42.556095680972724,true,71,false
393,ok,0.001302975227870605,0.1,1.25,0.0975303318736625,1.2980673703070458,30.70481634174376,true,72,false
394,ok,0.0012993497899115621,0.1,1.25,0.09760274678095227,1.2894845533861299,39.963982102154844,true,71,false
395,ok,0.0012192428332451985,0.1,1.25,0.09721449547758199,1.3011673968509596,32.58645953584842,true,72,false
396,ok,0.0013081317372402902,0.1,1.25,0.097605193254098,1.301054807815599,41.677227535723716,true,73,false
397,ok,0.001371844752401437,0.1,1.25,0.09753608778887124,1.3084866402933932,40.65180007083678,true,68,false
398,ok,0.001209566803385345,0.1,1.25,0.09772755880145999,1.3012311447971965,38.37009822098951,true,72,false
399,ok,0.001307848105349651,0.1,1.25,0.09743529268538696,1.29610246435972,41.89343758396241,true,70,false
400,ok,0.0011906145316444591,0.1,1.25,0.09779327481373107,1.2828005414131711,39.82580847038996,true,64,false
401,ok,0.0013136176605179728,0.1,1.25,0.09742007514021883,1.3096984508135847,37.843487190249476,true,67,false
402,ok,0.0013031699243965958,0.1,1.25,0.09766363767522024,1.29190663647102,46.401794720723956,true,73,false
403,ok,0.0012162393973247868,0.1,1.25,0.09765694740169187,1.2924668859895398,31.17380392329449,true,71,false
404,ok,0.0013772673785793135,0.1,1.25,0.09763694585649531,1.2931531027558636,38.864549062786686,true,71,false
405,ok,0.001272637001769021,0.1,1.25,0.09763796456139513,1.2817011125139537,40.210150985254046,true,73,false
406,ok,0.0010633832566940588,0.1,1.25,0.09779715658064034,1.2863677854961442,27.684659170895266,true,69,false
407,ok,0.0012338687526497394,0.1,1.25,0.09776435309178663,1.2844358986583628,42.41846842985178,true,72,false
408,ok,0.0012624676991345293,0.1,1.25,0.09810890551771477,1.2764143222837716,39.44697937007149,true,64,false
409,ok,0.0012925393706542786,0.1,1.25,0.09750025033046636,1.2877990517932814,33.944713333550155,true,73,false
410,ok,0.001584280028870045,0.1,1.25,0.09765361344578782,1.285578647460773,44.33826191846698,true,70,false
411,ok,0.0012753658395500966,0.1,1.25,0.09765875066990382,1.2914744412757997,37.96750684599311,true,73,false
412,ok,0.0012962376706319944,0.1,1.25,0.09792115871709145,1.2988598573773436,39.79442170428486,true,71,false
413,ok,0.0011090107926758814,0.1,1.25,0.09745660524870663,1.2962806875348296,36.70183782296634,true,68,false
414,ok,0.0012269403881401061,0.1,1.25,0.09800772582374348,1.285058789206583,41.135732447745916,true,72,false
415,ok,0.0013571234102384754,0.1,1.25,0.09783040384331573,1.2765708525891353,41.22016896188321,true,72,false
416,ok,0.0013970219648847182,0.1,1.25,0.09764763729779613,1.2864647807799419,36.53515689296603,true,70,false
417,ok,0.0012475056594542435,0.1,1.25,0.09784750485426189,1.291794308617705,37.48691567722942,true,73,false
418,ok,0.0010966801755331501,0.1,1.25,0.09757620690539215,1.2993834105832147,31.537570900872588,true,69,false
419,ok,0.0012544793814640793,0.1,1.25,0.09787880593848336,1.2810968106518483,41.08331855140828,true,68,false
420,ok,0.0012751567320757424,0.1,1.25,0.09761901818391076,1.2897466517281277,40.32545088610603,true,74,false
421,ok,0.00119534023257186,0.1,1.25,0.09767103582567246,1.2898629077890948,38.71453764978644,true,70,false
422,ok,0.0012136670277802571,0.1,1.25,0.09783740801260013,1.2883999298600382,32.80996006181827,true,73,false
423,ok,0.001192022350440877,0.1,1.25,0.0978940451983001,1.2771221679914588,36.880122515676405,true,73,false
424,ok,0.0011538454226018514,0.1,1.25,0.09766960907363521,1.2978068556996163,40.570266944413,true,73,false
425,ok,0.0013289395196597982,0.1,1.25,0.09762458362492574,1.3097382985381698,35.46115355788737,true,68,false
426,ok,0.0011464884659119314,0.1,1.25,0.09778977394248997,1.278708577359091,37.581222382803155,true,70,false
427,ok,0.001375370208299057,0.1,1.25,0.097550741948501,1.298419447572941,38.9949467261305,true,77,false
428,ok,0.0011900523901736504,0.1,1.25,0.09780617361586821,1.2892895071246566,42.41621722895829,true,73,false
429,ok,0.0012688217534292507,0.1,1.25,0.09765911216759623,1.2979751174862315,35.24580447395666,true,71,false
430,ok,0.0011248061561393075,0.1,1.25,0.09760496996258963,1.2913265934780174,40.767416653438914,true,73,false
431,ok,0.001285939633396818,0.1,1.25,0.09779553945638164,1.2789640255109453,42.614404467756025,true,72,false
432,ok,0.0012615500949131097,0.1,1.25,0.09792876404356665,1.2782273692425723,40.26503509572874,true,73,false
433,ok,0.0010290766567326547,0.1,1.25,0.09772470036807845,1.2882992489398832,27.728756698089754,true,74,false
434,ok,0.001296928946148561,0.1,1.25,0.09762754466842616,1.277531571996781,40.06314947483736,true,68,false
435,ok,0.001444784575338412,0.1,1.25,0.0976647676690727,1.2991815884987907,41.94521879058226,true,71,false
436,ok,0.0012528658505626825,0.1,1.25,0.09761370413357329,1.2728614519561887,32.93454037079027,true,75,false
437,ok,0.0011255429416864788,0.1,1.25,0.09820806057131651,1.2714313155877295,37.09849574564785,true,72,false
438,ok,0.0013005559115287354,0.1,1.25,0.09787398620010646,1.2864339316854259,45.52638046610144,true,75,false
439,ok,0.0010904472975077693,0.1,1.25,0.0978079463938242,1.2890121879195988,43.10426858108985,true,71,false
440,ok,0.0011865496196956872,0.1,1.25,0.0974119571039104,1.2995013632115044,30.900439654171013,true,71,false
441,ok,0.0011522307939250264,0.1,1.25,0.09736853878893717,1.3067053005125733,40.44676280838857,true,74,false
442,ok,0.0013759670000349504,0.1,1.25,0.0977184913727405,1.2968235711923002,46.283560647785876,true,67,false
443,ok,0.0013034124253732216,0.1,1.25,0.09750039225154429,1.3070131709824275,33.89043596185851,true,67,false
444,ok,0.001222948269198567,0.1,1.25,0.09729333916104685,1.2863700255129822,27.817675681586515,true,74,false
445,ok,0.0013023189194284316,0.1,1.25,0.0974815772044863,1.3048222545010097,47.213840050484215,true,71,false
446,ok,0.0014080715294681359,0.1,1.25,0.09800793562978741,1.2705559915167355,33.799374952079226,true,70,false
447,ok,0.001182647166735558,0.1,1.25,0.09769207081560924,1.2868488679797314,34.379608397904434,true,70,false
448,ok,0.00133438153242395,0.1,1.25,0.09806919105012613,1.2753712334457583,29.718681121012963,true,67,false
449,ok,0.0012635033600037345,0.1,1.25,0.09743532202085256,1.301593087541492,44.878838394109906,true,71,false
450,ok,0.0012583233995192842,0.1,1.25,0.097532468661505,1.3023622812497553,40.62789430878892,true,71,false
451,ok,0.00112808479674269,0.1,1.25,0.09732900784418391,1.2945420096965403,36.436147405510134,true,72,false
452,ok,0.0012901095752103388,0.1,1.25,0.09762557546185334,1.2886790244972666,43.44251656315723,true,69,false
453,ok,0.0012603918653819415,0.1,1.25,0.09783335263821566,1.2797884446183627,43.03586797017503,true,70,false
454,ok,0.0013257338987784665,0.1,1.25,0.09764663717845504,1.2969502503707404,38.95629185940186,true,71,false
455,ok,0.0011915541257399604,0.1,1.25,0.09739453106495134,1.3237407409474975,34.542315933212016,true,68,false
456,ok,0.0011231085608729863,0.1,1.25,0.09785707910461827,1.2876597216508807,37.680929676702334,true,75,false
457,ok,0.0012469265920357572,0.1,1.25,0.09761759244036752,1.2886466828286305,34.32751777675611,true,73,false
458,ok,0.0012137631513826344,0.1,1.25,0.09753388433002613,1.2933182914168304,36.64370070819142,true,75,false
459,ok,0.0012240032477968648,0.1,1.25,0.09734396238007662,1.3009107733033582,47.23058363953802,true,68,false
460,ok,0.0013926065799139853,0.1,1.25,0.0976124287955813,1.2825727403578957,44.15015259764771,true,71,false
461,ok,0.0013021937805009257,0.1,1.25,0.097391920055966,1.294218175241037,39.93273769173497,true,71,false
462,ok,0.0012475551399278937,0.1,1.25,0.0973725585768359,1.287034605518355,46.33269373691323,true,68,false
463,ok,0.0012339427923590497,0.1,1.25,0.0978370425788756,1.2701894339151043,36.68961216440691,true,73,false
464,ok,0.0011257760012268186,0.1,1.25,0.09722618051606102,1.303933713533038,32.381592160110685,true,70,false
465,ok,0.001092666915237348,0.1,1.25,0.09758231254490053,1.2824907515973467,36.462956943423826,true,73,false
466,ok,0.0013162076086756997,0.1,1.25,0.09807893957109136,1.2799267950595912,36.27435007243011,true,70,false
467,ok,0.0013257716132012755,0.1,1.25,0.09754747212023712,1.2996995500126143,37.268330357127915,true,68,false
468,ok,0.0012723207142855046,0.1,1.25,0.0977082529992834,1.2844523961672336,38.76843269926705,true,71,false
469,ok,0.0013681392247398083,0.1,1.25,0.09768919118663674,1.2917542344353659,41.8788179996787,true,74,false
470,ok,0.0013858286285303519,0.1,1.25,0.09780728034147225,1.2854918067316334,49.34291806099881,true,75,false
471,ok,0.0014043095047692254,0.1,1.25,0.0975750381355598,1.3062037025876176,40.187807520195506,true,67,false
472,ok,0.0011251836612771007,0.1,1.25,0.09774727539379022,1.2850582101755659,35.67718918071356,true,70,false
473,ok,0.0013691377840104211,0.1,1.25,0.09767590040715207,1.2998998186945923,46.97812366618333,true,70,false
474,ok,0.0011398657057568055,0.1,1.25,0.09774411202666423,1.2931564366998165,36.928099133525464,true,71,false
475,ok,0.0012784800002781133,0.1,1.25,0.09755098869014214,1.2820040398480959,42.540002852024095,true,68,false
476,ok,0.0011770894214854048,0.1,1.25,0.09772815620524314,1.291668285447741,33.88858093844072,true,71,false
477,ok,0.001169902918838205,0.1,1.25,0.0976081007438614,1.2903295262751189,35.54802728274674,true,73,false
478,ok,0.0012129501837042371,0.1,1.25,0.09802240285154151,1.2754578278738662,37.305046986171895,true,71,false
479,ok,0.0011608468598823755,0.1,1.25,0.09791928520132481,1.2881957180275763,35.528777279376094,true,72,false
480,ok,0.0013625579611638236,0.1,1.25,0.09726887525485478,1.3054443756067997,35.26948337553151,true,71,false
481,ok,0.0010316838687011857,0.1,1.25,0.09732595944335312,1.3035642653772292,29.40404082666622,true,70,false
482,ok,0.0013618519525780907,0.1,1.25,0.09756724647212525,1.300513688227257,44.87760151369377,true,72,false
483,ok,0.0011815260063594425,0.1,1.25,0.09775145990292174,1.2807761602412913,35.43089658949649,true,75,false
484,ok,0.0011166650082906396,0.1,1.25,0.09764062791191006,1.2790552892675409,34.08228455879024,true,73,false
485,ok,0.0013488298540989799,0.1,1.25,0.09763790742877855,1.2764086692851786,37.22347647962293,true,67,false
486,ok,0.001089518525443216,0.1,1.25,0.09765226464955487,1.2858717530812809,37.56971032752326,true,73,false
487,ok,0.0011672765601609735,0.1,1.25,0.09783941192754762,1.2690403000938002,33.178556944572605,true,71,false
488,ok,0.0011462746961406417,0.1,1.25,0.09771408710959079,1.2850490755455752,34.300972519236346,true,70,false
489,ok,0.0013566179807444176,0.1,1.25,0.09738194149365813,1.2967810105395485,36.0347449203242,true,72,false
490,ok,0.0014776177858254198,0.1,1.25,0.0977110118770913,1.3002440544512441,41.105815234708494,true,71,false
491,ok,0.0012655911613369867,0.1,1.25,0.09743393180442816,1.3010254367383913,40.98758254654778,true,68,false
492,ok,0.0013582205133787952,0.1,1.25,0.09766553044899554,1.2865941912609753,42.552127881800956,true,71,false
493,ok,0.0013708913924438241,0.1,1.25,0.09792784583185063,1.273280234354424,39.78702774519707,true,73,false
494,ok,0.0013486060475932026,0.1,1.25,0.0978109460258029,1.2786783388328034,45.42382486341732,true,71,false
495,ok,0.0011938018943539104,0.1,1.25,0.09744258709697758,1.2925734594958689,33.549574152113856,true,69,false
496,ok,0.0012915475452837336,0.1,1.25,0.09789461893093529,1.2662496316584007,36.61650980642763,true,75,false
497,ok,0.001324315336734832,0.1,1.25,0.0979273182116291,1.2886732594508754,39.431923674334094,true,72,false
498,ok,0.001327080244487364,0.1,1.25,0.09793130987907755,1.274339230492072,33.46948106124107,true,71,false
499,ok,0.0012089501618458706,0.1,1.25,0.09731015621852081,1.3026081331328385,32.253037415144775,true,74,false
500,ok,0.0013056997556298467,0.1,1.25,0.09770548526912129,1.2850765660891754,36.42501685346298,true,71,false
501,ok,0.0010769876829081174,0.1,1.25,0.09791099217467499,1.276706795632468,34.13212732428613,true,73,false
502,ok,0.0013156742626623317,0.1,1.25,0.0977326895795338,1.2866006185700676,33.264860151764125,true,75,false
503,ok,0.0011517860526639074,0.1,1.25,0.09776018919758211,1.29389336930217,42.018739035667934,true,73,false
504,ok,0.0011875319358928588,0.1,1.25,0.09753378618595579,1.2979488668149162,31.555506181159274,true,74,false
505,ok,0.0013530751441361412,0.1,1.25,0.09773544521802528,1.288170697670416,42.04747292884315,true,71,false
506,ok,0.0012842690191623657,0.1,1.25,0.09784003414122303,1.2823081744676585,40.72013827264982,true,70,false
507,ok,0.0014528605245183574,0.1,1.25,0.0979425908256991,1.2796640332414027,32.29764236324557,true,74,false
508,ok,0.0011537651728467473,0.1,1.25,0.09817313106655202,1.2656991766686998,34.31447132506054,true,67,false
509,ok,0.0011650660978441184,0.1,1.25,0.09796954457372098,1.2787210993621518,35.3078021592083,true,70,false
510,ok,0.001298956846430575,0.1,1.25,0.09754433371697192,1.2977138071536913,35.257288508501574,true,74,false
511,ok,0.0011201405335112267,0.1,1.25,0.09763303424866066,1.2976159858435048,33.030448478373,true,70,false
512,ok,0.00130877947099721,0.1,1.25,0.09716962227743417,1.3211113863909218,41.85776065421563,true,71,false
513,ok,0.0012462556264345392,0.1,1.25,0.0977485389251001,1.291306699026526,35.46699798927795,true,72,false
514,ok,0.0012366177488578015,0.1,1.25,0.09740490977263623,1.3114009026893998,35.34607497963851,true,68,false
515,ok,0.0012122588852791515,0.1,1.25,0.09776541079960459,1.2925782584463454,40.074939586105295,true,71,false
516,ok,0.0013389313040768796,0.1,1.25,0.09766105960998159,1.2881182939849676,40.66421711703457,true,71,false
517,ok,0.0011528702774133669,0.1,1.25,0.09784578173886427,1.2867770163107344,35.37315627554851,true,69,false
518,ok,0.001183814195464258,0.1,1.25,0.09764982985354227,1.2877431676892477,42.812260665719435,true,70,false
519,ok,0.0012272190785131546,0.1,1.25,0.09738667517285184,1.299190554588866,30.881263043935064,true,71,false
520,ok,0.0012706856319753624,0.1,1.25,0.09737841164970204,1.2987583578679438,29.286055508280615,true,71,false
521,ok,0.0011610217934811943,0.1,1.25,0.09746180258217127,1.2927823106727032,34.89915826756679,true,72,false
522,ok,0.0010727546173919526,0.1,1.25,0.0976467379820833,1.2805953536053558,35.19869300561189,true,73,false
523,ok,0.001314049438158969,0.1,1.25,0.09767045279261363,1.2788676850064864,43.10597493417588,true,75,false
524,ok,0.0014789339670899257,0.1,1.25,0.09760602311611737,1.2977368620968164,48.69481913179085,true,66,false
525,ok,0.0013721866842001705,0.1,1.25,0.09773716164253986,1.2746285256735768,49.34945906689533,true,71,false
526,ok,0.0011233992727102426,0.1,1.25,0.09777590429340986,1.288637872722731,38.505804901656084,true,68,false
527,ok,0.0012221363606204547,0.1,1.25,0.09769866565917493,1.2745089860785366,38.56370890937341,true,75,false
528,ok,0.0012309937769998467,0.1,1.25,0.09764288884808296,1.2869832967640866,33.6572130749033,true,73,false
529,ok,0.0012297876962215025,0.1,1.25,0.09801331404558737,1.2855991347991793,32.76633338835213,true,70,false
530,ok,0.0011914360046122615,0.1,1.25,0.09777360976544619,1.2868825399714294,37.814845535495145,true,73,false
531,ok,0.00123416188385299,0.1,1.25,0.09760762562080483,1.3044388890821303,35.84134882672075,true,69,false
532,ok,0.001247001341490455,0.1,1.25,0.09729119234702417,1.3013188589495959,41.03518577400755,true,77,false
533,ok,0.0010913605734286607,0.1,1.25,0.0974993444045613,1.298632423590849,42.64574727009352,true,68,false
534,ok,0.0014638390250836938,0.1,1.25,0.09723890323146919,1.299067320514075,41.58971091786801,true,66,false
535,ok,0.0011622705534883842,0.1,1.25,0.09756912780879058,1.2996638550824586,37.75501896140447,true,64,false
536,ok,0.0012474784443571674,0.1,1.25,0.09794042298569643,1.259689801532986,35.99269015275687,true,72,false
537,ok,0.0013027823975279363,0.1,1.25,0.09803612037133179,1.2824755948194297,42.272110937404236,true,78,false
538,ok,0.0011521000685275821,0.1,1.25,0.09783575611737785,1.292843755011642,31.719712431983744,true,74,false
539,ok,0.0012560539816975462,0.1,1.25,0.09767252612143612,1.279080721615355,39.406545414845475,true,72,false
540,ok,0.0012669955713331285,0.1,1.25,0.09764710674939517,1.3011230442469812,38.194790847124146,true,73,false
541,ok,0.0013051786690046149,0.1,1.25,0.09767224812066398,1.2995210998649354,32.967126236433145,true,69,false
542,ok,0.0011107271558824913,0.1,1.25,0.09724114225969134,1.2998120955055417,33.83104505018193,true,72,false
543,ok,0.0011497906411684416,0.1,1.25,0.09734185060919415,1.2988573311436884,40.78649744517957,true,67,false
544,ok,0.00137803447429507,0.1,1.25,0.09801588820306655,1.2691134692869022,40.376528993389286,true,71,false
545,ok,0.0012881300448113358,0.1,1.25,0.0977667530966669,1.2852275634872032,45.87732567119519,true,68,false
546,ok,0.0012087122011401952,0.1,1.25,0.09809814620419872,1.265551455592978,33.22916700625424,true,75,false
547,ok,0.0014313823931974084,0.1,1.25,0.09757986813221872,1.297253875837697,49.413028892557634,true,75,false
548,ok,0.0010990253819286797,0.1,1.25,0.09750115500221675,1.3161760765618302,28.74576701164122,true,70,false
549,ok,0.0011160462621501287,0.1,1.25,0.09782316841782203,1.2888915836523018,37.463901035432315,true,76,false
550,ok,0.0010687531676366216,0.1,1.25,0.09775798924882566,1.2719566334433456,29.974557593711317,true,73,false
551,ok,0.001177032258806709,0.1,1.25,0.09734720922744083,1.3057426274433837,34.435062597115454,true,73,false
552,ok,0.0013933271309449094,0.1,1.25,0.09760783082646558,1.2905110349902584,35.465634672893934,true,74,false
553,ok,0.0013260486183664627,0.1,1.25,0.09780059254834161,1.275074109484562,42.2245003093784,true,72,false
554,ok,0.0012080966562590004,0.1,1.25,0.0979302179937269,1.276707101270394,44.57814580293137,true,70,false
555,ok,0.0011615836359082671,0.1,1.25,0.09770859524138925,1.2955277811793628,32.19519085702795,true,70,false
556,ok,0.0012252301371125682,0.1,1.25,0.09742744057550584,1.3025808386717497,30.871643109133686,true,70,false
557,ok,0.0010559461265719032,0.1,1.25,0.09772904349837108,1.2760475415022599,34.32321809369246,true,70,false
558,ok,0.0010737530810257993,0.1,1.25,0.09754985551574505,1.290901283754871,31.81494923721,true,72,false
559,ok,0.0012716874179171881,0.1,1.25,0.09732796686373046,1.295439244184352,34.81228126534343,true,74,false
560,ok,0.0012365363812772505,0.1,1.25,0.09766860817502168,1.288612663272025,39.178086496999924,true,73,false
561,ok,0.0011988765317043995,0.1,1.25,0.09786941060351369,1.2816194066309405,35.32624961651324,true,68,false
562,ok,0.001440726839883439,0.1,1.25,0.09776501316049266,1.2851843599449106,37.18776000898062,true,69,false
563,ok,0.001039728715804808,0.1,1.25,0.09744343570013889,1.2998592503267803,32.43600396397389,true,71,false
564,ok,0.0013070794888312967,0.1,1.25,0.09770138696321089,1.2835777390466667,38.405934201955446,true,71,false
565,ok,0.0012141633302783473,0.1,1.25,0.09775030381520543,1.3004800540014143,37.250187945049255,true,72,false
566,ok,0.0011604112723459928,0.1,1.25,0.09766722661975143,1.284893067561376,36.654848294912284,true,72,false
567,ok,0.0015221609882249845,0.1,1.25,0.09756369040736726,1.296306823117288,41.00544070419278,true,66,false
568,ok,0.0011960258265513194,0.1,1.25,0.09767616105780412,1.2926918236458445,35.61399433537744,true,72,false
569,ok,0.0010000172838012615,0.1,1.25,0.09762223614794961,1.29087054221886,34.8303351174255,true,72,false
570,ok,0.001297194503629632,0.1,1.25,0.09774914484755556,1.2822747937125007,39.30593485949226,true,72,false
571,ok,0.0010832495694112155,0.1,1.25,0.0975851820723829,1.2841569699860418,30.40634637929262,true,73,false
572,ok,0.0012803862264523596,0.1,1.25,0.09764764411456148,1.2984257779575796,35.78653828397712,true,71,false
573,ok,0.0010607963465665187,0.1,1.25,0.09777998898291158,1.2963219852901222,36.86394761724547,true,73,false
574,ok,0.0013283202053350086,0.1,1.25,0.09774054033946021,1.301493839425736,41.00013378957155,true,72,false
575,ok,0.0012512038647283122,0.1,1.25,0.09790463729221757,1.2834201206902736,35.843521054201865,true,69,false
576,ok,0.0012662275067164878,0.1,1.25,0.09749567486836737,1.3034746942703161,39.014578182232995,true,72,false
577,ok,0.0012920870283726718,0.1,1.25,0.0974040860484566,1.2991817620624844,50.282594654592046,true,72,false
578,ok,0.0011712544715120842,0.1,1.25,0.09752038989398484,1.2857478758667564,35.19803903114826,true,67,false
579,ok,0.0012962414803224874,0.1,1.25,0.09790553979049828,1.2774570617440817,33.49484907991718,true,68,false
580,ok,0.0012530318786403121,0.1,1.25,0.09747691499557465,1.2980916692757458,33.17764624467175,true,71,false
581,ok,0.0013147576409061011,0.1,1.25,0.09734687670122316,1.2980559683010893,34.27898282954292,true,73,false
582,ok,0.0013641960504991652,0.1,1.25,0.09774205129483061,1.2855617055888842,31.23060264269587,true,66,false
583,ok,0.0013576477479108283,0.1,1.25,0.09759985998095838,1.310545567690482,34.253742346531695,true,70,false
584,ok,0.0012944754407352307,0.1,1.25,0.09762117389474548,1.299618451901313,36.880093444892005,true,73,false
585,ok,0.0011189495735501834,0.1,1.25,0.0977157526289529,1.2800822567452501,36.572725159782536,true,78,false
586,ok,0.0011867987858203523,0.1,1.25,0.0977611133088718,1.2863993566850116,40.68984781804109,true,75,false
587,ok,0.0013926814884944378,0.1,1.25,0.09763072878085322,1.2948228507280974,49.611988105126784,true,75,false
588,ok,0.0012996666239206707,0.1,1.25,0.09805295315600926,1.2714088931962912,40.336711915396464,true,70,false
589,ok,0.001061456023059316,0.1,1.25,0.09756346784355681,1.2868191262777098,34.94845652071176,true,71,false
590,ok,0.0012108414582582849,0.1,1.25,0.09776821787135076,1.2720349433080549,44.3976452898757,true,69,false
591,ok,0.0011788522352664042,0.1,1.25,0.09761362244155937,1.2840130107706067,41.79606203410634,true,75,false
592,ok,0.0012501530770467073,0.1,1.25,0.09775693490612829,1.2921837077690905,39.990023116480394,true,67,false
593,ok,0.0011427241655441128,0.1,1.25,0.09786112737287321,1.2770167469529166,36.731837550803775,true,71,false
594,ok,0.0013099415687656596,0.1,1.25,0.09752510923856206,1.2847351130234028,33.49030425021776,true,73,false
595,ok,0.0013195505220516808,0.1,1.25,0.09753716657829878,1.2983018426800101,47.50987823801411,true,68,false
596,ok,0.001347107097028377,0.1,1.25,0.09769854016890428,1.3175845228724974,39.16150673715706,true,67,false
597,ok,0.001514896810241222,0.1,1.25,0.09779015294332478,1.294458961165357,39.06055556064505,true,73,false
598,ok,0.001208161034969999,0.1,1.25,0.09751582511892273,1.289469044455144,40.148719191555564,true,71,false
599,ok,0.0013176231874847647,0.1,1.25,0.09807819768562566,1.273212149792674,40.60220130106171,true,73,false
600,ok,0.0014504911896864594,0.1,1.25,0.0978082738387605,1.2817999171436678,46.08185266376311,true,70,false
601,ok,0.0012170780633737922,0.1,1.25,0.09765595584678423,1.301569182770993,36.44407577164737,true,67,false
602,ok,0.0011468179271465315,0.1,1.25,0.09783565835067784,1.2805883807146168,38.12276569660345,true,71,false
603,ok,0.0010212277771582208,0.1,1.25,0.09759091141894591,1.2913372276182262,33.53675522467386,true,68,false
604,ok,0.0012676691939087063,0.1,1.25,0.09766363407618359,1.2990994713063033,36.65168965119649,true,71,false
605,ok,0.0014299188442826317,0.1,1.25,0.09766734682744442,1.2813612481490022,49.659165615261266,true,68,false
606,ok,0.0011840378705988842,0.1,1.25,0.09803067534158036,1.2767766466447856,32.4896831686639,true,66,false
607,ok,0.0012831515022700302,0.1,1.25,0.0976136600024593,1.303147097128938,46.73726073397944,true,72,false
608,ok,0.0012684738570131859,0.1,1.25,0.09753857853524503,1.3023816467885143,35.8162332013618,true,70,false
609,ok,0.0013432345336335198,0.1,1.25,0.09760726222650684,1.29586084848542,38.157608162708506,true,75,false
610,ok,0.001252561819277239,0.1,1.25,0.09752564505758035,1.3015311100614064,39.968637467535835,true,74,false
611,ok,0.001249063846977865,0.1,1.25,0.09760760687257977,1.2973795076102466,30.79646182385388,true,71,false
612,ok,0.0012555870202547192,0.1,1.25,0.09747311531389491,1.3017484748898722,37.840470365609335,true,70,false
613,ok,0.0013837201601051583,0.1,1.25,0.0978187729618027,1.293756649251686,51.23106145102235,true,72,false
614,ok,0.0013268867303058486,0.1,1.25,0.09747192985840751,1.2910925835656017,43.094336849679195,true,71,false
615,ok,0.0012286628283133577,0.1,1.25,0.09777895628247943,1.2979769382253699,36.79786485060439,true,69,false
616,ok,0.0011763445157576477,0.1,1.25,0.09768614635108583,1.2974367214646587,43.28834132221659,true,72,false
617,ok,0.0012753406710210844,0.1,1.25,0.09749070837671694,1.2959387916918867,43.08645177784488,true,73,false
618,ok,0.001184834207290377,0.1,1.25,0.09762132048832173,1.2885925378967407,33.52338127411746,true,74,false
619,ok,0.0011970900932503116,0.1,1.25,0.09750539048192358,1.2868235304974769,28.52288939819718,true,73,false
620,ok,0.00122191258704148,0.1,1.25,0.09773914741505309,1.2807992479873775,34.659731878051566,true,73,false
621,ok,0.001452891540053994,0.1,1.25,0.09746010519370926,1.3012784477221888,45.50781069467815,true,74,false
622,ok,0.001456649715979,0.1,1.25,0.09765602439977251,1.2853617971999844,40.57266055667172,true,74,false
623,ok,0.0013709053510295572,0.1,1.25,0.09793852830505245,1.270402145308037,41.86401843369227,true,70,false
624,ok,0.001168715132839635,0.1,1.25,0.09793249069250018,1.2809757302442706,42.9723981072308,true,74,false
625,ok,0.0014100433405474365,0.1,1.25,0.0975095902210309,1.2863685247607426,36.66726820741507,true,72,false
626,ok,0.0013017656575438072,0.1,1.25,0.09782887449562154,1.275099231884544,31.456536866608424,true,69,false
627,ok,0.0012928922501006784,0.1,1.25,0.09777140294161507,1.2973503168958234,44.11471858887,true,67,false
628,ok,0.0012781743345997906,0.1,1.25,0.09775112094913448,1.2792407885995614,44.66023203586269,true,75,false
629,ok,0.0012132264910223991,0.1,1.25,0.0979188681563612,1.2895822997136317,34.465359483612836,true,72,false
630,ok,0.0013670866563338041,0.1,1.25,0.09731232534677786,1.2772145176627212,46.48799044740155,true,73,false
631,ok,0.0012379189027866523,0.1,1.25,0.09761737898851788,1.291272923850847,40.152322206018844,true,71,false
632,ok,0.0012492096266672182,0.1,1.25,0.0976841871062649,1.285361579356253,43.116220355223135,true,69,false
633,ok,0.001122063245065061,0.1,1.25,0.09803629257150451,1.2778503481641257,37.89554490650863,true,71,false
634,ok,0.0011984279826629616,0.1,1.25,0.09777577196289028,1.2930904067226459,36.42833730580282,true,71,false
635,ok,0.0011957610314960352,0.1,1.25,0.09755656228066457,1.2985966916269278,37.540153491327025,true,73,false
636,ok,0.0012630631001900512,0.1,1.25,0.09772102060017206,1.2884921616770373,38.04712050922919,true,74,false
637,ok,0.0016121942719072111,0.1,1.25,0.0976874799718901,1.298372063977218,46.19126252870273,true,74,false
638,ok,0.001152625023346482,0.1,1.25,0.09754930106523962,1.2877080343411273,35.60073861695428,true,69,false
639,ok,0.001164394613013464,0.1,1.25,0.09731085154026642,1.3099960810241875,39.115988035289234,true,69,false
640,ok,0.0011016217002085516,0.1,1.25,0.09796178728142599,1.2849810313069732,33.857137452636685,true,72,false
641,ok,0.0014909579321884159,0.1,1.25,0.09756587216213897,1.2702635273012166,43.142906302225704,true,68,false
642,ok,0.0013704131124465616,0.1,1.25,0.09765313704385738,1.2737648435859699,34.534875060026685,true,71,false
643,ok,0.0014374900965842573,0.1,1.25,0.09747362875237847,1.2997921568052462,56.11306520803127,true,66,false
644,ok,0.0011430179891221254,0.1,1.25,0.09772316261724938,1.2955521584871024,41.74050816394142,true,70,false
645,ok,0.0011678390934320329,0.1,1.25,0.09770440383021728,1.2957835788125973,30.77933146838731,true,66,false
646,ok,0.0012089098241651458,0.1,1.25,0.09782882515917041,1.286728074231371,34.99309140024799,true,77,false
647,ok,0.0012176079565288862,0.1,1.25,0.0979795217015324,1.2797797179863768,39.232198182144025,true,73,false
648,ok,0.0013060594772156052,0.1,1.25,0.09785656368141193,1.282766359427679,45.76847117739477,true,72,false
649,ok,0.0014588871964109637,0.1,1.25,0.09776009661701063,1.3026639112057634,45.571687282366696,true,69,false
650,ok,0.001157012436310761,0.1,1.25,0.09794972706967565,1.2766557194213892,28.60226445192694,true,68,false
651,ok,0.0012288763310589928,0.1,1.25,0.09748448826238314,1.298048940593334,34.35560376809956,true,73,false
652,ok,0.0014434334068463266,0.1,1.25,0.09769869968547298,1.2987984804976593,40.97464364530687,true,70,false
653,ok,0.0014588414987648656,0.1,1.25,0.09795247216821562,1.265929115619042,47.03500330869963,true,78,false
654,ok,0.00130511813003012,0.1,1.25,0.09782630520033414,1.2770971225771959,36.718345847911664,true,72,false
655,ok,0.0011783751105800585,0.1,1.25,0.09792792701520184,1.2888697793201112,26.0528802859152,true,75,false
656,ok,0.0012684865094636792,0.1,1.25,0.09765198227675431,1.306754083312603,34.620740893496226,true,72,false
657,ok,0.0011878131166139021,0.1,1.25,0.09776495252385184,1.2790957767627786,32.767967633506586,true,73,false
658,ok,0.001363896922356962,0.1,1.25,0.09731949012317184,1.2916164570024713,39.88674289635042,true,73,false
659,ok,0.0011859168459179986,0.1,1.25,0.09738046699634732,1.29620840716644,32.60996056678865,true,71,false
660,ok,0.0014027591857953751,0.1,1.25,0.09772853349034012,1.2881670370332723,37.80475813265755,true,71,false
661,ok,0.001253111682528312,0.1,1.25,0.09791414424193201,1.2784008128750626,35.86187090004459,true,68,false
662,ok,0.0012109928586510029,0.1,1.25,0.09751718200227102,1.2961002471569518,31.693218732565075,true,69,false
663,ok,0.0011539395751987665,0.1,1.25,0.097935885388595,1.284806927443467,38.81323621410686,true,70,false
664,ok,0.0011950628889903516,0.1,1.25,0.09780903134862332,1.2876709256707273,35.45361551309848,true,75,false
665,ok,0.0012001789989953887,0.1,1.25,0.09763394381897217,1.2930454189145666,37.87324472590536,true,70,false
666,ok,0.0010484515331115375,0.1,1.25,0.09744415873006146,1.287122956920345,33.299950133887165,true,66,false
667,ok,0.0012652287159655047,0.1,1.25,0.09747201120893323,1.295024492865463,43.02708025033245,true,69,false
668,ok,0.0010714816095044155,0.1,1.25,0.09778030068300445,1.2920969225634111,36.2813235568244,true,70,false
669,ok,0.0011442578057089755,0.1,1.25,0.09733993079014386,1.305620679029007,31.123832840876847,true,67,false
670,ok,0.0012330465131955488,0.1,1.25,0.0976157978214364,1.3020118104862584,32.988069015732925,true,72,false
671,ok,0.0013146698407294,0.1,1.25,0.09813242928648869,1.2733303077879536,45.189658447590894,true,73,false
672,ok,0.0013822932279011061,0.1,1.25,0.09804289055182151,1.266707534905488,38.359122730353945,true,75,false
673,ok,0.0011346996121778439,0.1,1.25,0.09769318160742409,1.2848031076052617,34.22141465417774,true,74,false
674,ok,0.001310890282721371,0.1,1.25,0.0975996336246741,1.305624091539061,36.97945223858747,true,74,false
675,ok,0.0013322875528416526,0.1,1.25,0.09769208827324238,1.2902528681155416,43.9488536892191,true,68,false
676,ok,0.0012429127478489543,0.1,1.25,0.09769073891773719,1.2925166272448236,34.82879794050661,true,71,false
677,ok,0.0013031381875313476,0.1,1.25,0.09751089119597792,1.3158018591519325,40.03075687323845,true,71,false
678,ok,0.0011097903260982433,0.1,1.25,0.09778648557255525,1.291335532591015,35.183291975349434,true,66,false
679,ok,0.0012497718310274144,0.1,1.25,0.09768355342563474,1.305633251019565,40.757664913527165,true,72,false
680,ok,0.0011161059952319058,0.1,1.25,0.09752504761964509,1.2897335820769928,27.198127302432567,true,70,false
681,ok,0.0012880179049441865,0.1,1.25,0.09798844248721854,1.2770732882442406,36.55840095591171,true,69,false
682,ok,0.0012734225293560646,0.1,1.25,0.09756974671249855,1.277631863335351,41.11892002235683,true,77,false
683,ok,0.0012565939658703298,0.1,1.25,0.09737095504597212,1.297971813871788,41.2172581721102,true,80,false
684,ok,0.0012360340799968126,0.1,1.25,0.09756520048028733,1.2940669139968928,40.717656217096305,true,72,false
685,ok,0.0010731763170175727,0.1,1.25,0.09761493034277083,1.3069318105852414,39.36410376884355,true,72,false
686,ok,0.0012822650676454176,0.1,1.25,0.09761119099078007,1.2930330598881967,40.87247765996629,true,70,false
687,ok,0.0013022862138239912,0.1,1.25,0.09759230281487768,1.2951210004439995,37.45980728329462,true,70,false
688,ok,0.0012793150173355287,0.1,1.25,0.09793916779895856,1.283305610775351,35.62058859263893,true,76,false
689,ok,0.0014451677676114846,0.1,1.25,0.09770234216979143,1.2981235111371259,43.79280940210155,true,73,false
690,ok,0.0012982595186547799,0.1,1.25,0.09762082997058452,1.2729577923482673,39.63181087869461,true,75,false
691,ok,0.0013208536334460615,0.1,1.25,0.09751218531743576,1.2927838842321997,41.86721769045947,true,73,false
692,ok,0.0012693679772738686,0.1,1.25,0.09741023954527936,1.3043983701828528,42.627259344863596,true,69,false
693,ok,0.001195294787753048,0.1,1.25,0.09770770226249267,1.29817984079284,36.465857501740054,true,69,false
694,ok,0.0011901255250737627,0.1,1.25,0.09764428571309106,1.2832949680999477,39.24207524632392,true,72,false
695,ok,0.0013293296370541976,0.1,1.25,0.09788081433705131,1.3012586552016063,36.56655695002863,true,70,false
696,ok,0.001174105911473916,0.1,1.25,0.09769330918245908,1.30397983494172,35.47229502507482,true,72,false
697,ok,0.0012406673831271517,0.1,1.25,0.09733692602731242,1.2949457340897905,39.32797734380755,true,76,false
698,ok,0.0013090973235283722,0.1,1.25,0.09744886039481779,1.2841577358398442,38.736056421690336,true,71,false
699,ok,0.001379368705129749,0.1,1.25,0.09740311823769124,1.3029314584907672,37.08979459848577,true,70,false
700,ok,0.0012435209867326128,0.1,1.25,0.09792290711253387,1.2791620054259734,36.0851980426634,true,68,false
701,ok,0.0012633519005769568,0.1,1.25,0.09755876532050256,1.281409636353365,46.06218396381372,true,70,false
702,ok,0.0013047974158068756,0.1,1.25,0.09752341121111097,1.2793783849894447,37.65333679480602,true,71,false
703,ok,0.001086556458851346,0.1,1.25,0.09790188982626,1.2939708906046903,36.9379311751204,true,65,false
704,ok,0.0012466607248818606,0.1,1.25,0.09750834772787095,1.296938490103949,40.52141363455381,true,74,false
705,ok,0.0013015114670126607,0.1,1.25,0.09724627870783643,1.2998226232667625,47.91096425499913,true,75,false
706,ok,0.0012082335846440191,0.1,1.25,0.09754889020908294,1.2856971636068477,34.48598599125516,true,72,false
707,ok,0.001209648964486784,0.1,1.25,0.09761250511695879,1.2827877207285299,36.7209626631755,true,70,false
708,ok,0.0012730880120477544,0.1,1.25,0.09772109812734489,1.287826127326507,37.82513662152451,true,72,false
709,ok,0.001220756191469985,0.1,1.25,0.09774141828288027,1.2920315397177613,42.61090642776273,true,70,false
710,ok,0.0013702635594009603,0.1,1.25,0.09814761685184312,1.27950025066777,43.21913404867492,true,67,false
711,ok,0.0012643839079435834,0.1,1.25,0.09785399916052165,1.2924654953324577,37.2338089894219,true,73,false
712,ok,0.001158031002378229,0.1,1.25,0.09777495408813476,1.2715168463101678,37.04848662362967,true,77,false
713,ok,0.001269947019406226,0.1,1.25,0.09782018847985804,1.2758799135171772,31.88460961934712,true,73,false
714,ok,0.0012789337766038807,0.1,1.25,0.09785342300818023,1.281947254330704,40.71264196491337,true,71,false
715,ok,0.0013810395976837067,0.1,1.25,0.09747651945080776,1.281498955396868,43.451215633801645,true,72,false
716,ok,0.0013208022253609786,0.1,1.25,0.0976424872812501,1.294553743535335,40.33457998944878,true,72,false
717,ok,0.001358124614730114,0.1,1.25,0.09789705432894034,1.2780529166921455,37.73847603808164,true,74,false
718,ok,0.001012987879712518,0.1,1.25,0.09764760626463562,1.2951188022849838,29.795972255951142,true,70,false
719,ok,0.001163611343200407,0.1,1.25,0.09772399430856538,1.279328043287458,33.94204744406514,true,76,false
720,ok,0.0014519612109229045,0.1,1.25,0.09766474748275378,1.2791238649452603,47.83286532918766,true,75,false
721,ok,0.0014372663524556527,0.1,1.25,0.09773308195925717,1.281291663485103,41.14882032841045,true,70,false
722,ok,0.0013603748575618433,0.1,1.25,0.09742649326287582,1.2945731371893072,37.127066145238835,true,72,false
723,ok,0.0012452656020918178,0.1,1.25,0.09764292032422478,1.303311906600377,34.08753844563073,true,75,false
724,ok,0.0012100096928496708,0.1,1.25,0.09799848294723179,1.2741887188631005,35.68805347776174,true,71,false
725,ok,0.0012358777557511238,0.1,1.25,0.09742111091606148,1.3000080341111782,41.6427071947761,true,73,false
726,ok,0.0012020101476534,0.1,1.25,0.09778990629529127,1.303273220454798,36.79867524508475,true,70,false
727,ok,0.0011575490283726128,0.1,1.25,0.09764365394210353,1.3015982199744653,34.38269453794718,true,76,false
728,ok,0.001305186709125925,0.1,1.25,0.09743063793782517,1.2951659926280759,36.958961492391445,true,71,false
729,ok,0.001216958361786041,0.1,1.25,0.09773852550264038,1.312978392577791,29.59262938660773,true,70,false
730,ok,0.0010809980527843007,0.1,1.25,0.09781807419033332,1.289210654261879,41.75230678038199,true,72,false
731,ok,0.001203753902087177,0.1,1.25,0.09744302166733801,1.3114377950307612,37.78801990239944,true,71,false
732,ok,0.0012433040409616691,0.1,1.25,0.09775459751055343,1.2907849950504835,35.53528202747626,true,73,false
733,ok,0.0012320478786591975,0.1,1.25,0.09805686710006374,1.2732302462895706,33.827135599022206,true,71,false
734,ok,0.0011242808400961986,0.1,1.25,0.09757926022503617,1.2848527672845407,28.99560448571406,true,68,false
735,ok,0.0013936540477960382,0.1,1.25,0.09737898527995431,1.3013183595093112,39.091150990840276,true,75,false
736,ok,0.0011572722291430337,0.1,1.25,0.09756024416602382,1.2962502917433927,35.71080031793131,true,69,false
737,ok,0.0013899147322634403,0.1,1.25,0.09768457764516263,1.291268164097778,40.63158923455997,true,73,false
738,ok,0.001296363384507362,0.1,1.25,0.09754358224148446,1.2952167639052092,37.061498558823494,true,70,false
739,ok,0.0012073156634083422,0.1,1.25,0.09768934562109242,1.3006489250504312,40.365485055064305,true,72,false
740,ok,0.0012469691651221218,0.1,1.25,0.09764326694042703,1.2918362888651516,40.257128062069484,true,69,false
741,ok,0.001109791994747187,0.1,1.25,0.09792322098371552,1.2927619603241765,34.0974823014641,true,70,false
742,ok,0.0013233575891050718,0.1,1.25,0.09781789862947393,1.2748285103800887,36.76252607182228,true,73,false
743,ok,0.0012991279126141984,0.1,1.25,0.09765679695107185,1.2958981210098868,39.50479817304157,true,72,false
744,ok,0.0011891936265728438,0.1,1.25,0.09761858170694947,1.2908208730356512,29.7093946992613,true,72,false
745,ok,0.001083609081715033,0.1,1.25,0.09763548336110175,1.2861403093052792,35.47737307984519,true,73,false
746,ok,0.0013254572935545996,0.1,1.25,0.09763895799670634,1.2940656048101926,39.19813933533803,true,65,false
747,ok,0.0012155606337493003,0.1,1.25,0.09759170556165161,1.2868956358069,43.725758374617435,true,72,false
748,ok,0.0011915712212489246,0.1,1.25,0.09783060913270843,1.2900344013458576,41.41773843724436,true,69,false
749,ok,0.0012465552534885952,0.1,1.25,0.09746063013853473,1.288053077286486,39.200060554517236,true,71,false
750,ok,0.001332205541550657,0.1,1.25,0.09818723178126246,1.2766854314716654,41.20651422941237,true,78,false
751,ok,0.0012787706287632902,0.1,1.25,0.09754295582370442,1.2829100283009467,40.45880023388635,true,70,false
752,ok,0.0013271179206493467,0.1,1.25,0.09768748916457763,1.2947568030834067,35.13747400869888,true,70,false
753,ok,0.0011238579937534235,0.1,1.25,0.09799397246747518,1.2744910214736627,38.406031909499525,true,71,false
754,ok,0.0011871102999290247,0.1,1.25,0.09731982397035045,1.2963854159859922,38.85620623787934,true,70,false
755,ok,0.0013180475646637584,0.1,1.25,0.09794880304227856,1.284616052964321,27.77650416127361,true,72,false
756,ok,0.0011946563119591019,0.1,1.25,0.09748708197695782,1.298924500764681,40.436084053841626,true,72,false
757,ok,0.0012109734886129697,0.1,1.25,0.09771074827481431,1.3131833981454402,41.80655180338245,true,67,false
758,ok,0.0013381565539812245,0.1,1.25,0.09784508279014044,1.2910048288099556,36.3682963880786,true,71,false
759,ok,0.0013328851098460667,0.1,1.25,0.09770823963885626,1.2889503940745912,41.3803775685348,true,69,false
760,ok,0.0015010827367990213,0.1,1.25,0.09734436507527441,1.3274166855593612,45.10489732789486,true,68,false
761,ok,0.0011362158332610401,0.1,1.25,0.09777109564001753,1.281446724652088,33.9809738116156,true,73,false
762,ok,0.0010818947713600907,0.1,1.25,0.09751409530649,1.2906541008615737,35.9537540964076,true,72,false
763,ok,0.0012626192646270653,0.1,1.25,0.09789013364881377,1.290550424264005,38.38145222022281,true,74,false
764,ok,0.0012882484040810161,0.1,1.25,0.09761720154765524,1.2932956802396534,40.82749072417876,true,71,false
765,ok,0.0012475076387108586,0.1,1.25,0.09770024898597408,1.2800120060337106,39.285767448742426,true,69,false
766,ok,0.0013569291765318755,0.1,1.25,0.0978141837830339,1.2903428387323743,43.12322730783496,true,72,false
767,ok,0.00119045535431501,0.1,1.25,0.09790962068906911,1.2821422758385121,45.115209559335504,true,74,false
768,ok,0.0012421665660360443,0.1,1.25,0.09784917554627667,1.282099882012411,38.986287528899815,true,72,false
769,ok,0.0013568063446159795,0.1,1.25,0.09791810820453109,1.2766912503450145,44.65989126799016,true,73,false
770,ok,0.0011695857660716969,0.1,1.25,0.09770332913649288,1.293573389027982,40.464375667041566,true,74,false
771,ok,0.0013191729545251587,0.1,1.25,0.09775711856591887,1.2841141160218923,39.14172536209094,true,74,false
772,ok,0.001403704094595862,0.1,1.25,0.09770518951054102,1.2895212054424101,33.41269771323953,true,72,false
773,ok,0.0011654130831258872,0.1,1.25,0.09730707010817957,1.301764977347819,37.097267139563286,true,70,false
774,ok,0.0010742157633235583,0.1,1.25,0.09805692004353997,1.279595593371552,29.854202028127098,true,75,false
775,ok,0.0013644688741931705,0.1,1.25,0.09764002420931042,1.2803129404136704,41.45685873973319,true,74,false
776,ok,0.0012748052380900272,0.1,1.25,0.09772432013600897,1.2731493085502932,38.13015658680604,true,71,false
777,ok,0.001245953450173794,0.1,1.25,0.09781783784769443,1.288244110752088,35.99844272163627,true,74,false
778,ok,0.0014129834472569713,0.1,1.25,0.09755466613521654,1.2826716333767947,48.308831166219186,true,68,false
779,ok,0.0012257298153536557,0.1,1.25,0.0977450060535092,1.2869683414871396,38.73444462398755,true,70,false
780,ok,0.0012709756143788346,0.1,1.25,0.09754457922097345,1.2735575544083462,42.0949051455202,true,73,false
781,ok,0.0012970764847947082,0.1,1.25,0.09771412750962916,1.3087487647204994,38.65311513790366,true,65,false
782,ok,0.0013839182163804297,0.1,1.25,0.09757955206862193,1.2908114720111024,45.57695308664802,true,70,false
783,ok,0.0009619315701644341,0.1,1.25,0.09777797036966826,1.2742120578627836,36.06262927992667,true,76,false
784,ok,0.0013086563649336966,0.1,1.25,0.09783676614518166,1.2624562596246136,41.81899762021459,true,71,false
785,ok,0.0011750875985208744,0.1,1.25,0.09791310416618124,1.2643125624931242,40.69524678297983,true,75,false
786,ok,0.0012087979949489402,0.1,1.25,0.0974165116568307,1.2941377407926304,44.398615825922825,true,65,false
787,ok,0.001262422225938373,0.1,1.25,0.09748139530134331,1.2890246376062566,30.00551993009894,true,69,false
788,ok,0.001259563906504108,0.1,1.25,0.09733210054294492,1.3069022591459383,41.47040165583911,true,71,false
789,ok,0.0011179704936586498,0.1,1.25,0.09750670408780923,1.2988991515792057,35.972130086213355,true,73,false
790,ok,0.0012214067986961344,0.1,1.25,0.09780081038511534,1.2888521328981415,39.152161080130696,true,75,false
791,ok,0.0012735892703809996,0.1,1.25,0.09824401128247547,1.2789408312645745,39.661919562926656,true,72,false
792,ok,0.0014167106746977233,0.1,1.25,0.09770111412464172,1.3000956306537168,41.895810118605006,true,70,false
793,ok,0.0011342147988262746,0.1,1.25,0.09761316225215616,1.2911755315220574,36.3409327563742,true,65,false
794,ok,0.0012031973863906394,0.1,1.25,0.09792115222466555,1.285565786218157,38.03680137803184,true,75,false
795,ok,0.0012610127225447375,0.1,1.25,0.09772829457375096,1.2862911832828732,32.529381108523644,true,71,false
796,ok,0.001077182538951587,0.1,1.25,0.09738909859021748,1.3029789217575178,35.79617324915235,true,69,false
797,ok,0.0013516154029644721,0.1,1.25,0.09734219264669752,1.292143228434559,43.13125848868496,true,72,false
798,ok,0.0012884568241327778,0.1,1.25,0.09769255880590758,1.2782328529826739,39.41528282052752,true,72,false
799,ok,0.0014147403024784508,0.1,1.25,0.09783276366337824,1.2895821621197465,37.426936232296455,true,71,false
800,ok,0.0013181726033967122,0.1,1.25,0.0974752180642838,1.3064539051512112,42.62171840959831,true,73,false
801,ok,0.001144432038767708,0.1,1.25,0.09727472488321666,1.3179271709727711,42.7401524142023,true,69,false
802,ok,0.0012740951763971597,0.1,1.25,0.09799860264537988,1.274975684611786,34.24830503898316,true,68,false
803,ok,0.0011482837434865641,0.1,1.25,0.09790626265490382,1.2847644524562156,27.816079578804523,true,70,false
804,ok,0.0012459455232527658,0.1,1.25,0.0978933865805763,1.273085052625624,37.80119688525612,true,73,false
805,ok,0.0013036752416926735,0.1,1.25,0.09770366267684419,1.287295415469556,44.63300887344659,true,73,false
806,ok,0.0010799068318295185,0.1,1.25,0.09767621200094039,1.2985364763224825,35.788560055298525,true,72,false
807,ok,0.0012606298641238704,0.1,1.25,0.09740348956558689,1.2959028151227938,35.26447070459872,true,70,false
808,ok,0.001372658050446944,0.1,1.25,0.09767618444684095,1.288884706881774,45.48020611743186,true,73,false
809,ok,0.0013282049522049329,0.1,1.25,0.09775914388991935,1.2746365503526174,41.14672677228349,true,71,false
810,ok,0.0011435179637125643,0.1,1.25,0.09759587457589541,1.2934007349902816,39.40811283960231,true,69,false
811,ok,0.0011749053021992053,0.1,1.25,0.0980932089084593,1.2726075741911422,32.83039875897538,true,73,false
812,ok,0.0013383262995064578,0.1,1.25,0.09762782678728232,1.2939539502044886,35.95979305684146,true,72,false
813,ok,0.0012843742772068534,0.1,1.25,0.0976170737338265,1.3052681864702307,37.24017332750851,true,70,false
814,ok,0.0012603321137846985,0.1,1.25,0.09748689868514482,1.2934265509387803,46.3525832650881,true,72,false
815,ok,0.0012329709177229585,0.1,1.25,0.09759027299889038,1.2834635265526266,38.708136950450665,true,69,false
816,ok,0.0012212005831138298,0.1,1.25,0.09775133427171086,1.2802471361418504,36.034542333827986,true,71,false
817,ok,0.0012972116345035477,0.1,1.25,0.09794323156499044,1.2652910503785992,39.90760620990516,true,69,false
818,ok,0.001382492381601154,0.1,1.25,0.09800594691187514,1.2847500762909907,44.68473037170942,true,78,false
819,ok,0.0012853452243187509,0.1,1.25,0.09695061139785369,1.324824916516551,41.392587753896684,true,68,false
820,ok,0.0012665774822404258,0.1,1.25,0.09801480065224558,1.2702109800883004,35.95556967116805,true,71,false
821,ok,0.001126741724433895,0.1,1.25,0.09759566876437875,1.2788975790339163,35.84630790250357,true,69,false
822,ok,0.0013718699502845812,0.1,1.25,0.09768949791782419,1.296879531802312,42.59837903180326,true,71,false
823,ok,0.0011760574437973427,0.1,1.25,0.0973941841454001,1.2978576759392004,40.21195927909038,true,74,false
824,ok,0.0011687288652608237,0.1,1.25,0.09745676113274276,1.2867253364673585,37.77103745451263,true,74,false
825,ok,0.0013863621460498497,0.1,1.25,0.09794424845204318,1.276577208495082,42.471244882005884,true,72,false
826,ok,0.0009666915705604421,0.1,1.25,0.09748773837161294,1.2998036572541065,30.673631656794193,true,69,false
827,ok,0.001147946637035664,0.1,1.25,0.09773456934784355,1.302386006510538,34.23764851135507,true,72,false
828,ok,0.0013215642620642493,0.1,1.25,0.09777689993710559,1.3137409486050189,32.8775132589342,true,69,false
829,ok,0.0013933076375443735,0.1,1.25,0.09790566601765602,1.2843426205909072,42.43004147454332,true,77,false
830,ok,0.001266706139735832,0.1,1.25,0.09760098080470944,1.3060017438536968,39.9982426713228,true,68,false
831,ok,0.0013374556644319031,0.1,1.25,0.0974077624973087,1.3051075392907796,32.63617603506756,true,66,false
832,ok,0.001225432652243766,0.1,1.25,0.09789063888200533,1.290773590889935,42.455732786841196,true,73,false
833,ok,0.0012986935505621,0.1,1.25,0.09753954059591045,1.2925915762688378,34.67507330288714,true,74,false
834,ok,0.0012965443148977962,0.1,1.25,0.09720921462667674,1.31249961783938,43.557204571608715,true,77,false
835,ok,0.001352341362413294,0.1,1.25,0.09734381754643706,1.3070529372419368,33.44118610591841,true,73,false
836,ok,0.0011910561761792908,0.1,1.25,0.09763185827571241,1.284675558406631,39.21203823983193,true,74,false
837,ok,0.001152644838385529,0.1,1.25,0.09781488149461949,1.2895121427067016,40.93394710291474,true,71,false
838,ok,0.0013018069113996506,0.1,1.25,0.09739440942600303,1.2972084929229861,43.355031385845386,true,71,false
839,ok,0.0012201300274768266,0.1,1.25,0.09774062545549421,1.2709046752704853,39.766047014537534,true,80,false
840,ok,0.0011816984010783412,0.1,1.25,0.0973878048831899,1.2914586741128935,34.60514766117347,true,68,false
841,ok,0.001307272629712355,0.1,1.25,0.0974133124925829,1.2879983110562219,47.71638740081975,true,75,false
842,ok,0.0011379193705298972,0.1,1.25,0.09770638882405416,1.2920770057415984,38.147953496030105,true,72,false
843,ok,0.0013776429145464456,0.1,1.25,0.09758068805359485,1.2896272639537705,40.34609180599005,true,66,false
844,ok,0.0013091105264149364,0.1,1.25,0.0977274733645366,1.279581546120276,37.06035926967198,true,73,false
845,ok,0.001319016187809568,0.1,1.25,0.09781186395930716,1.2797242822578403,35.147792479167755,true,71,false
846,ok,0.0013470713546683037,0.1,1.25,0.09797739018741489,1.2724798241254225,41.56565024241969,true,72,false
847,ok,0.0011229370660553388,0.1,1.25,0.09798785069365974,1.2794661991682352,44.493171380454285,true,71,false
848,ok,0.0012681161297446453,0.1,1.25,0.09737445821821303,1.2954808102155413,41.68616686763282,true,72,false
849,ok,0.0011393142836974488,0.1,1.25,0.09807775411854468,1.2707642239156223,40.84237858698762,true,70,false
850,ok,0.0012518499890409307,0.1,1.25,0.09762277905980601,1.2818912812491017,33.619539236007796,true,66,false
851,ok,0.0014174620860651376,0.1,1.25,0.09764351737147126,1.2781908137136,37.24120784740805,true,70,false
852,ok,0.0011506777390995406,0.1,1.25,0.09780814080622825,1.28032334130455,34.35745476450303,true,68,false
853,ok,0.0012134091347913447,0.1,1.25,0.09748400710250593,1.3014420408426102,36.80737038805129,true,71,false
854,ok,0.0011650321883965177,0.1,1.25,0.0978720972711679,1.273323912808657,31.127876430935366,true,71,false
855,ok,0.00139701843002417,0.1,1.25,0.09773817865615367,1.2909590059307314,41.307485585386544,true,80,false
856,ok,0.0014155978538944898,0.1,1.25,0.09798389385636969,1.2917093307435195,47.69543575538203,true,75,false
857,ok,0.0011836989523846594,0.1,1.25,0.09767411043213564,1.2989088114601492,35.49478199082545,true,71,false
858,ok,0.0013864418443101892,0.1,1.25,0.09730608328053457,1.2937828766791541,31.941485005491696,true,75,false
859,ok,0.0011330113921822703,0.1,1.25,0.09769963467536298,1.295404731827246,44.790343999503165,true,69,false
860,ok,0.0012325317715585202,0.1,1.25,0.09797121932418537,1.277735604535933,36.848057214116096,true,71,false
861,ok,0.0011600707726388303,0.1,1.25,0.09746694163400627,1.2920044971767364,36.73625219004256,true,75,false
862,ok,0.001344700618385524,0.1,1.25,0.09759121242226285,1.296098280708842,44.66647021513782,true,72,false
863,ok,0.001325183891269051,0.1,1.25,0.09783817312237952,1.2840721194676745,42.3028441491798,true,73,false
864,ok,0.0012162256938050779,0.1,1.25,0.09795072306691656,1.281771713103404,40.97057438358634,true,75,false
865,ok,0.0011563213274629505,0.1,1.25,0.09742546150709963,1.3051713627646255,38.34987926363247,true,71,false
866,ok,0.0013053125069272446,0.1,1.25,0.09759289769291986,1.286948880306153,34.01438048222803,true,71,false
867,ok,0.0012729003529899814,0.1,1.25,0.09731479261422885,1.2995155765458508,35.49165868821309,true,69,false
868,ok,0.0012255741914569802,0.1,1.25,0.09774759624288218,1.2778002379400584,32.23076874240797,true,67,false
869,ok,0.0013328619537125122,0.1,1.25,0.09769509324169363,1.28442669896065,35.844969876739505,true,75,false
870,ok,0.0012344954484912807,0.1,1.25,0.09771760300700458,1.296415181220796,34.726787561843445,true,72,false
871,ok,0.0013091171278083013,0.1,1.25,0.09782450182646621,1.2771192962831677,37.49673750649949,true,70,false
872,ok,0.0012619062593582074,0.1,1.25,0.09767393843154543,1.2948050716074708,31.02794580375101,true,72,false
873,ok,0.0012650286680009164,0.1,1.25,0.09799281007510763,1.2767464525098957,42.92926694949617,true,72,false
874,ok,0.0012469810457240652,0.1,1.25,0.09793559837183316,1.284189239578917,38.091950103189504,true,76,false
875,ok,0.001181100135832764,0.1,1.25,0.09764827767135623,1.3039843671117817,35.933402888726114,true,70,false
876,ok,0.0013541773503852122,0.1,1.25,0.09746730169614365,1.3067584773965297,45.07665470391097,true,70,false
877,ok,0.0013453022974799932,0.1,1.25,0.09786318912765626,1.2878491803371208,42.98278973241693,true,70,false
878,ok,0.0012491518109955912,0.1,1.25,0.09754909052683697,1.3023886266807814,35.92816575938694,true,74,false
879,ok,0.001381868925909797,0.1,1.25,0.0978275215949765,1.2880492609175571,30.740003682496003,true,73,false
880,ok,0.001273684748870829,0.1,1.25,0.09758256240833091,1.2995169763768413,33.23159369477671,true,67,false
881,ok,0.001201063314908799,0.1,1.25,0.09800597302834706,1.2794018231368507,33.298490386587936,true,73,false
882,ok,0.0013175458855363546,0.1,1.25,0.09801471602393003,1.2785236997495122,43.79814788172179,true,67,false
883,ok,0.0012935399796729747,0.1,1.25,0.0976848388048803,1.2816826857764854,36.55980716579802,true,71,false
884,ok,0.0014386679367035119,0.1,1.25,0.0976710157617264,1.281514937527952,46.20744995469075,true,70,false
885,ok,0.0011513271997949273,0.1,1.25,0.0979666819607124,1.2726559582598425,39.62859733739947,true,75,false
886,ok,0.0012734002309361162,0.1,1.25,0.0973996110376946,1.2922805762141565,38.349941952322524,true,70,false
887,ok,0.0011410748668916782,0.1,1.25,0.09745771503771662,1.3134098875886362,37.939922632633134,true,72,false
888,ok,0.0011958431087482808,0.1,1.25,0.09795393714190034,1.2776968236447876,42.68226259530273,true,74,false
889,ok,0.0012603482763814894,0.1,1.25,0.09768000535130877,1.294042359346448,30.569657998457064,true,69,false
890,ok,0.0013487946150471581,0.1,1.25,0.09748280669192302,1.299598768755276,36.30497886225067,true,76,false
891,ok,0.0011845835857401102,0.1,1.25,0.09809141903867143,1.2785007655643235,36.86766985025779,true,69,false
892,ok,0.001385122448569372,0.1,1.25,0.09786803482235075,1.2701778926779823,37.522624196781734,true,72,false
893,ok,0.001220407744046393,0.1,1.25,0.09788523416479755,1.2851863197425895,39.5918485594263,true,70,false
894,ok,0.0012606411263253086,0.1,1.25,0.09763734946161118,1.285161874864522,38.13312471161904,true,73,false
895,ok,0.0011864975951133756,0.1,1.25,0.09731395231709893,1.296725148791999,37.354783254028824,true,70,false
896,ok,0.001256077079493793,0.1,1.25,0.09763919158082761,1.2836028116425697,34.25148334184085,true,73,false
897,ok,0.0012646792400632283,0.1,1.25,0.09772284375291199,1.2981299314146422,36.80676775090083,true,69,false
898,ok,0.0011012798390738854,0.1,1.25,0.09735136132676372,1.2971951832082809,41.16855040675039,true,66,false
899,ok,0.0012671349037089625,0.1,1.25,0.09786589670928328,1.2862021900619414,33.73321645853826,true,70,false
900,ok,0.001350226318478175,0.1,1.25,0.09787554308330701,1.270996607625769,39.65982543189046,true,70,false
901,ok,0.00123592320669187,0.1,1.25,0.09733920400005083,1.2942824411390044,40.75911429698564,true,74,false
902,ok,0.0009981544698487391,0.1,1.25,0.09745688606353942,1.304343188304414,36.866362372187666,true,72,false
903,ok,0.0012232879192296993,0.1,1.25,0.09794131873513533,1.2807329884132015,38.226050811409465,true,74,false
904,ok,0.0011620081595939639,0.1,1.25,0.09722536842212573,1.3098962116335178,36.603678696819856,true,70,false
905,ok,0.0012944339532240715,0.1,1.25,0.09764474916005085,1.289808404727866,35.82231125506859,true,71,false
906,ok,0.0013229409811122163,0.1,1.25,0.09768916650336594,1.2850705649135992,37.79149639298799,true,75,false
907,ok,0.0011711638191807619,0.1,1.25,0.0978667347659248,1.275501349263623,38.51606271478263,true,68,false
908,ok,0.0013118726601858985,0.1,1.25,0.09754352446508761,1.296788586045142,46.77497010605737,true,71,false
909,ok,0.0011875594851897752,0.1,1.25,0.09767465095401204,1.2724502665629491,38.33125876817171,true,73,false
910,ok,0.0014689367953189647,0.1,1.25,0.09771850653966241,1.283971858078183,37.808263550334686,true,70,false
911,ok,0.0011427614377916894,0.1,1.25,0.0976627860435687,1.2947443013840194,36.951361128382715,true,68,false
912,ok,0.0010403080028245026,0.1,1.25,0.09762273562670784,1.2828746837500822,35.838703825395434,true,65,false
913,ok,0.0012527190180849,0.1,1.25,0.09774233573973233,1.2765663380557222,35.574482835847746,true,74,false
914,ok,0.0012368273829878793,0.1,1.25,0.09750878273056057,1.3069596626091402,34.17947948772291,true,63,false
915,ok,0.0013614212798522716,0.1,1.25,0.0977573117066061,1.2854962495239122,37.98906080162337,true,70,false
916,ok,0.0013457454678346618,0.1,1.25,0.09737751674368805,1.2972503404631246,36.947424580327414,true,69,false
917,ok,0.0010736334984010713,0.1,1.25,0.09771131272028147,1.2885578699294606,32.23256209367651,true,69,false
918,ok,0.0012837526972335142,0.1,1.25,0.09734244756014954,1.2908684342919223,42.04536579909259,true,71,false
919,ok,0.001140714525913313,0.1,1.25,0.0977206866731952,1.2921978015008277,43.01180778263048,true,74,false
920,ok,0.0012662684559243927,0.1,1.25,0.09765513165432908,1.2915653835522782,35.28764323004053,true,70,false
921,ok,0.0012650784389871335,0.1,1.25,0.0978303457542351,1.2876743190474098,38.34413361514184,true,73,false
922,ok,0.001188775176285688,0.1,1.25,0.09779274160053841,1.278921683949591,36.73465217014493,true,70,false
923,ok,0.0012155332112510637,0.1,1.25,0.09746515081660416,1.2964858206430578,39.67170485797501,true,71,false
924,ok,0.0013546344775994927,0.1,1.25,0.09750664973105452,1.3066422427182927,42.86249985356075,true,69,false
925,ok,0.0011953422982043872,0.1,1.25,0.09777659035529394,1.2890250584117822,40.60842986651124,true,75,false
926,ok,0.0010917439893453021,0.1,1.25,0.09779585858829057,1.276752376806318,32.233913143981766,true,76,false
927,ok,0.0012405370203123383,0.1,1.25,0.09777214386205528,1.284823644540739,39.74151989922447,true,71,false
928,ok,0.0011782294731324775,0.1,1.25,0.09757289989358857,1.2967850982251956,42.19209956137686,true,75,false
929,ok,0.0012199934223663946,0.1,1.25,0.09724734945004654,1.3012280864457273,42.52728353327371,true,71,false
930,ok,0.0010839297503545502,0.1,1.25,0.09765996455245511,1.2763514799932942,34.234684963066854,true,74,false
931,ok,0.0013102256897285721,0.1,1.25,0.09777054115556147,1.2817119511587127,38.51613230221748,true,71,false
932,ok,0.001022868153409449,0.1,1.25,0.09732320503609,1.3023923485270574,32.02692968034832,true,72,false
933,ok,0.00114333333333332,0.1,1.25,0.09777241906660497,1.2882854392560321,35.03113738122808,true,71,false
934,ok,0.00121351240029882,0.1,1.25,0.09786342913175189,1.2842801888838196,34.433867515608505,true,72,false
935,ok,0.0011756327426875371,0.1,1.25,0.09746013110899839,1.2847052721152705,39.793455296808126,true,70,false
936,ok,0.0013387994437619437,0.1,1.25,0.09786748496979056,1.2727214118840795,42.09059432841216,true,64,false
937,ok,0.0011999722219007275,0.1,1.25,0.0977473219828629,1.283090234493993,35.91787097806371,true,73,false
938,ok,0.0012732654626084838,0.1,1.25,0.09799155047228036,1.288050481742813,31.371792587469514,true,74,false
939,ok,0.001131135668801329,0.1,1.25,0.09744107686178799,1.2841434326146486,37.78617351873426,true,66,false
940,ok,0.0012574891698721104,0.1,1.25,0.09792758022163006,1.2752035900457885,38.53602161511508,true,74,false
941,ok,0.0013195542644355881,0.1,1.25,0.09797325951247149,1.277565137293814,45.824139625373725,true,67,false
942,ok,0.001289105824655414,0.1,1.25,0.09748353435955519,1.2973836372647771,39.75480953955679,true,70,false
943,ok,0.0012960119264807065,0.1,1.25,0.09740080765435567,1.2886646064909089,42.080556946167945,true,70,false
944,ok,0.0013584627295786763,0.1,1.25,0.09737977790238243,1.3012595957453779,46.06394981503949,true,74,false
945,ok,0.0012116782566056338,0.1,1.25,0.09765315260623547,1.2949707722304962,37.554615477011346,true,75,false
946,ok,0.0010987383336927507,0.1,1.25,0.09779910923950332,1.2818761939240055,36.320046862202396,true,72,false
947,ok,0.001115621954641892,0.1,1.25,0.09779067588748822,1.2863304612487036,38.709847395231215,true,76,false
948,ok,0.0012580020412552816,0.1,1.25,0.09759744047222985,1.297350657097724,42.19467058970751,true,72,false
949,ok,0.001231964205027536,0.1,1.25,0.0975675130101848,1.2927175013025103,39.5555544558628,true,71,false
950,ok,0.001258396000401766,0.1,1.25,0.09754974314290822,1.2881651033299566,44.60980033334587,true,73,false
951,ok,0.001278718011559412,0.1,1.25,0.09756227249771714,1.3036378125316659,44.38578359939456,true,72,false
952,ok,0.0013281547581996736,0.1,1.25,0.0978205810835264,1.2707301691865442,43.38508168018726,true,71,false
953,ok,0.0013148736032762122,0.1,1.25,0.0978885531327424,1.2875132973922625,37.67284566200796,true,65,false
954,ok,0.0013771616005662068,0.1,1.25,0.09795321656795537,1.2551578159867043,40.51117592423743,true,70,false
955,ok,0.0012698084817195526,0.1,1.25,0.09768073303748767,1.2956435079975517,34.6251818511348,true,74,false
956,ok,0.0013417774281402558,0.1,1.25,0.0975151119734282,1.292256304971346,41.93610212538795,true,71,false
957,ok,0.0014366245589773057,0.1,1.25,0.09792635035011688,1.2878119735018385,45.127286738417155,true,75,false
958,ok,0.0011774302422260991,0.1,1.25,0.09782408305257878,1.287850191399707,39.31080505190564,true,72,false
959,ok,0.0012903889737996498,0.1,1.25,0.09749584609704633,1.2908452663768721,40.452109851477246,true,65,false
960,ok,0.0010297668440411296,0.1,1.25,0.09743743149734618,1.3003467766868642,31.661319027410936,true,70,false
961,ok,0.001171259214754833,0.1,1.25,0.0975965198967195,1.2892733808026642,45.225097126496735,true,74,false
962,ok,0.0013609006640030656,0.1,1.25,0.09771603622424907,1.2892530085329443,44.697516616103194,true,72,false
963,ok,0.0012602047648627233,0.1,1.25,0.09776650069991182,1.2726054345117133,40.551722089642254,true,72,false
964,ok,0.0013304672900438196,0.1,1.25,0.09831485497525912,1.2777902129997294,38.56101684452981,true,72,false
965,ok,0.001142120618049086,0.1,1.25,0.09754573759300442,1.283997410628394,31.79984468991365,true,73,false
966,ok,0.0012262328137756795,0.1,1.25,0.09787119133335895,1.2831331379478645,37.42016549683899,true,71,false
967,ok,0.0012680401909742262,0.1,1.25,0.0975058167935299,1.3028417856051917,38.88815553886336,true,70,false
968,ok,0.0014700323335656205,0.1,1.25,0.0973261544529346,1.2892698331163124,49.609962170866126,true,75,false
969,ok,0.0013199008567331765,0.1,1.25,0.09760640965261874,1.2736415638209095,40.06692882169574,true,76,false
970,ok,0.0013658701382517828,0.1,1.25,0.09773652110743816,1.2729626303111208,44.34695807110741,true,70,false
971,ok,0.0011280087338773992,0.1,1.25,0.09784067012993594,1.2772114431094854,36.840309212581865,true,75,false
972,ok,0.0011548149335993997,0.1,1.25,0.09755208418349987,1.302672239308571,38.95302685189061,true,70,false
973,ok,0.0012385898991480635,0.1,1.25,0.0978328717176953,1.2808365060149398,32.77487535285965,true,69,false
974,ok,0.0011928739028699356,0.1,1.25,0.09787019970757721,1.270911732629315,34.35403828211434,true,71,false
975,ok,0.0011597040916746367,0.1,1.25,0.09779524440618204,1.2795352908438826,37.33781686270144,true,74,false
976,ok,0.001242821362172218,0.1,1.25,0.09764240550061035,1.2931792435418759,38.928604836709596,true,68,false
977,ok,0.0011950060695129908,0.1,1.25,0.097504646619255,1.3048153449472624,38.00730495864865,true,72,false
978,ok,0.0013297154619979906,0.1,1.25,0.09769045537669963,1.288195989443946,47.02250305217442,true,72,false
979,ok,0.001372254160671963,0.1,1.25,0.09751315245095052,1.287461318082284,44.8313819679486,true,72,false
980,ok,0.0013098793649101031,0.1,1.25,0.09772984604083357,1.2844115630821389,36.286441458618214,true,65,false
981,ok,0.0014975040963277834,0.1,1.25,0.0972238756227475,1.299014674546046,38.66825852606847,true,70,false
982,ok,0.0014146992875074544,0.1,1.25,0.09743824254310604,1.2985582475282837,33.26513506344416,true,72,false
983,ok,0.0010954456785107606,0.1,1.25,0.0973353258225359,1.3014686285448789,36.769396346540084,true,70,false
984,ok,0.0010337311062360512,0.1,1.25,0.09761080475431291,1.2932861820706414,29.454447916637818,true,70,false
985,ok,0.0013702631089153373,0.1,1.25,0.09787153472078398,1.2753707251342532,38.2870636163651,true,69,false
986,ok,0.0011326054307341062,0.1,1.25,0.09747013611336122,1.2940258126278945,26.316670052941937,true,68,false
987,ok,0.0012953349345218024,0.1,1.25,0.09793924698762659,1.2924673801091084,33.32945302305997,true,70,false
988,ok,0.0013381187273164878,0.1,1.25,0.09754298774538932,1.2917267443460028,42.49289321398952,true,69,false
989,ok,0.0013580218911306658,0.1,1.25,0.09757415808814149,1.297844683073162,47.7091807791297,true,72,false
990,ok,0.0014214342435167227,0.1,1.25,0.09772161876659541,1.3010032471747193,34.61445095481707,true,68,false
991,ok,0.0013825178319123283,0.1,1.25,0.09745017209725187,1.2812052835572905,46.616059230423616,true,70,false
992,ok,0.0011575255643391758,0.1,1.25,0.097676231706253,1.2878638847899737,37.323381499420776,true,70,false
993,ok,0.0012442226984976492,0.1,1.25,0.09776512595868252,1.2872514166158402,35.856432700345145,true,73,false
994,ok,0.0010182392209648506,0.1,1.25,0.09760103360699302,1.2890383329957893,32.07984856392614,true,74,false
995,ok,0.0013228023937230805,0.1,1.25,0.0975859200816353,1.285318874224805,28.70639777401256,true,72,false
996,ok,0.0011277416524044423,0.1,1.25,0.0978935227934411,1.2899145980174906,31.005040340044616,true,76,false
997,ok,0.0011436712598545387,0.1,1.25,0.09780693434529082,1.2811055814396324,43.027965969887504,true,70,false
998,ok,0.001236363644616092,0.1,1.25,0.09771835053910916,1.2800739571077975,42.36308422354625,true,73,false
999,ok,0.0011438498995028116,0.1,1.25,0.09762431097218253,1.2765023789046,41.79960473942456,true,68,false
1000,ok,0.0012389621303711517,0.1,1.25,0.0971703872697442,1.313305793722656,32.28640331215172,true,73,false
1001,ok,0.0012060019654796283,0.1,1.25,0.09778728167959927,1.3019198124947482,29.90137572899337,true,70,false
1002,ok,0.0014229815681202364,0.1,1.25,0.09777473303697895,1.2965905520281982,35.47185343530463,true,67,false
1003,ok,0.0012206621356389753,0.1,1.25,0.09760736456756956,1.2902190480764675,39.03766661053648,true,74,false
1004,ok,0.0012003348298302845,0.1,1.25,0.09748720661974011,1.281884464672045,39.22438718507694,true,73,false
1005,ok,0.0012755502322769165,0.1,1.25,0.09751814560660402,1.2944965277803078,46.51971319201797,true,68,false
1006,ok,0.0010736582209011627,0.1,1.25,0.09777690766453734,1.2894155186633096,32.322428182107146,true,72,false
1007,ok,0.0011420427874624728,0.1,1.25,0.09770717543816976,1.2994436601971955,29.881315408276606,true,73,false
1008,ok,0.0011915608603636522,0.1,1.25,0.09779221407234559,1.2795367070626777,41.32929169408957,true,69,false
1009,ok,0.0010184677428420803,0.1,1.25,0.09752513376694563,1.2881522202017965,31.490030439265787,true,71,false
1010,ok,0.0014032963837838138,0.1,1.25,0.09806562843375277,1.2696434262380112,52.533322057158,true,71,false
1011,ok,0.001403393594201886,0.1,1.25,0.09779280207301262,1.2903577740024705,28.55466317897757,true,75,false
1012,ok,0.001266781671192455,0.1,1.25,0.0976849272372272,1.2860259416913504,37.39028090928934,true,75,false
1013,ok,0.0014794372470305218,0.1,1.25,0.09734194386060092,1.3243318350990527,43.22780368197327,true,73,false
1014,ok,0.0012704781835257144,0.1,1.25,0.09805492512239311,1.2717616507334752,41.472759644386024,true,71,false
1015,ok,0.0009958630477513199,0.1,1.25,0.09779363956074671,1.2786058377640326,33.87747174252975,true,67,false
1016,ok,0.0012390627680669915,0.1,1.25,0.09795561335728896,1.282784714639271,36.77919442003689,true,75,false
1017,ok,0.0012535391871924767,0.1,1.25,0.09759801997019285,1.2818928745323053,39.49957856277285,true,73,false
1018,ok,0.001142558856576208,0.1,1.25,0.0974927413971926,1.293727093545475,34.18691248695861,true,72,false
1019,ok,0.0013158872517276177,0.1,1.25,0.09738102444611195,1.2968635484650672,42.324599249996034,true,74,false
1020,ok,0.001288250320740859,0.1,1.25,0.09745679675117613,1.3095835760742782,46.83643673184774,true,69,false
1021,ok,0.0012606215398233789,0.1,1.25,0.09740477998777083,1.2977288795871502,37.73415535609436,true,69,false
1022,ok,0.0011308862470220866,0.1,1.25,0.09764211710319107,1.2982395598250496,38.23321119500219,true,69,false
1023,ok,0.0012569849287525818,0.1,1.25,0.09768072468004672,1.2957919344176427,39.620184626355254,true,67,false
1024,ok,0.0012853653945594165,0.1,1.25,0.09796953192594002,1.2922623545331275,41.751462682959406,true,68,false
1025,ok,0.0013102930592942,0.1,1.25,0.09744606514572386,1.2909532230872434,43.203926557726945,true,73,false
1026,ok,0.001228877838005375,0.1,1.25,0.09804062116838058,1.292103074446908,30.673854090572586,true,69,false
1027,ok,0.0011593617869700616,0.1,1.25,0.09779054342456342,1.2971014767448197,42.728489207740665,true,73,false
1028,ok,0.001082914448931073,0.1,1.25,0.09798904759022625,1.2899463697939086,35.76207759342584,true,70,false
1029,ok,0.0012711708416424572,0.1,1.25,0.0975254433543051,1.2954748187174854,48.82927991586468,true,72,false
1030,ok,0.0013916199814746394,0.1,1.25,0.09789704541147262,1.3068846657251572,32.19501728643841,true,65,false
1031,ok,0.0012190651143751086,0.1,1.25,0.09764549974617201,1.2912241236339663,30.90547992347262,true,72,false
1032,ok,0.0012334499444371732,0.1,1.25,0.09732528269307952,1.3041928051324485,38.271610261330025,true,74,false
1033,ok,0.0011361658503520262,0.1,1.25,0.09808643106965384,1.2801719208521627,34.90023278688007,true,72,false
1034,ok,0.0011457780794758667,0.1,1.25,0.09749418677981432,1.2885384658394414,37.83624628261051,true,72,false
1035,ok,0.001234634448823713,0.1,1.25,0.09790881983256444,1.2677557926285412,37.76661503571324,true,74,false
1036,ok,0.0011677275599732216,0.1,1.25,0.09762798964659211,1.2882944037222734,34.759325057852735,true,69,false
1037,ok,0.0012407027080959306,0.1,1.25,0.09748568288518386,1.2967452404786566,31.818275584400403,true,72,false
1038,ok,0.001386483249977832,0.1,1.25,0.09769807428615465,1.2859067789103606,42.84124720540929,true,72,false
1039,ok,0.0012597099411382228,0.1,1.25,0.09764769766943446,1.2786860354825407,29.4289291315777,true,73,false
1040,ok,0.0011383820010202768,0.1,1.25,0.09765583000289987,1.2813012864717475,35.71602079076437,true,72,false
1041,ok,0.0012455644761302177,0.1,1.25,0.09775496210153652,1.2944457536199905,47.53782893175682,true,73,false
1042,ok,0.0011422470814415504,0.1,1.25,0.09782968498971395,1.2845498662064578,36.88827585316797,true,69,false
1043,ok,0.0013413223620786822,0.1,1.25,0.09801288116653036,1.2981765789806532,40.44185870536355,true,70,false
1044,ok,0.0011218151076725906,0.1,1.25,0.0978465271011122,1.3025968940329051,31.128753007298965,true,75,false
1045,ok,0.0012566995771307024,0.1,1.25,0.0975925813352517,1.2870974369442685,32.082550117669136,true,76,false
1046,ok,0.0013124950323245197,0.1,1.25,0.09798384011687397,1.2747642875972611,38.1588053083114,true,73,false
1047,ok,0.0013404527519636346,0.1,1.25,0.09774617096153455,1.2867290967462564,42.51257220293421,true,76,false
1048,ok,0.0012700665871529866,0.1,1.25,0.09815451417293752,1.2701349112656581,39.04132123253431,true,70,false
1049,ok,0.0012045064559682358,0.1,1.25,0.09766461227291945,1.2859290060148938,34.7310575220211,true,70,false
1050,ok,0.0012454182697658998,0.1,1.25,0.09750500787202629,1.2916878446586673,44.048564556753334,true,68,false
1051,ok,0.0012160023554233026,0.1,1.25,0.09749345138705237,1.2939789191160767,34.96124606158664,true,72,false
1052,ok,0.00113102433633529,0.1,1.25,0.09757204210772963,1.296518604373969,35.51174981410966,true,72,false
1053,ok,0.0011599744569345987,0.1,1.25,0.0978552219313836,1.2836005687570733,36.01980095220078,true,73,false
1054,ok,0.001277158787270103,0.1,1.25,0.09755899757116157,1.3135603461037688,36.05507941733449,true,72,false
1055,ok,0.0010610709707358328,0.1,1.25,0.09748546748982764,1.308180294356263,33.12264304294002,true,73,false
1056,ok,0.0014531689509482155,0.1,1.25,0.09724444626428642,1.301328155224791,43.90282303321236,true,72,false
1057,ok,0.0012839637701130648,0.1,1.25,0.09734084111647964,1.318443460943323,43.69058060789561,true,73,false
1058,ok,0.0013116590192256714,0.1,1.25,0.09714109593487442,1.3053820556237372,30.46443798802991,true,72,false
1059,ok,0.0012921223807803842,0.1,1.25,0.09803473047622824,1.2626873112400518,38.33860889352663,true,74,false
1060,ok,0.00136672493100735,0.1,1.25,0.09743974900120513,1.3088447752419115,45.16623107848105,true,72,false
1061,ok,0.001167112613183441,0.1,1.25,0.09781271333917116,1.2849943051711044,36.67862739808941,true,75,false
1062,ok,0.0012998779619831165,0.1,1.25,0.09770563025449357,1.3017761626295616,40.987114439816,true,70,false
1063,ok,0.0011497294367710017,0.1,1.25,0.09778526119121131,1.289542444444477,37.755373730128184,true,71,false
1064,ok,0.0012059471970095998,0.1,1.25,0.09738950564317722,1.3006197291278625,36.19514776512488,true,71,false
1065,ok,0.0014656751699144398,0.1,1.25,0.0975328983634419,1.291786143754499,39.08794280912057,true,72,false
1066,ok,0.0012679613266680905,0.1,1.25,0.09756232586298835,1.3036752280660213,33.826598685647454,true,72,false
1067,ok,0.0011513073620781457,0.1,1.25,0.09765929836432104,1.2889383072877751,38.04052726070312,true,71,false
1068,ok,0.0013226399900236904,0.1,1.25,0.09752682211879334,1.2830692734726281,42.9576879826929,true,73,false
1069,ok,0.0013764590463115395,0.1,1.25,0.09770064489192423,1.290204648446247,45.894222256683776,true,72,false
1070,ok,0.0012605662063112164,0.1,1.25,0.09765553276713329,1.2988620379945046,36.54236699437832,true,70,false
1071,ok,0.0011901732418765762,0.1,1.25,0.09775786205806924,1.2907424416248847,36.82757957921878,true,72,false
1072,ok,0.001250053332195598,0.1,1.25,0.09772696317779664,1.271843369339741,38.57279692963016,true,73,false
1073,ok,0.0013841947340343381,0.1,1.25,0.09766769895108632,1.276796974626967,46.81184406577387,true,70,false
1074,ok,0.0012117760661805072,0.1,1.25,0.0976079333463876,1.298917063400489,40.718660080187085,true,71,false
1075,ok,0.0012458533690944188,0.1,1.25,0.09795648210801368,1.2770696582043328,39.74203085686804,true,73,false
1076,ok,0.0014025589488282821,0.1,1.25,0.09762070670581392,1.2890748979719242,44.09694043748196,true,68,false
1077,ok,0.0012467988640544058,0.1,1.25,0.09739945231020337,1.3122690409989128,39.80005820855639,true,71,false
1078,ok,0.0014532161012860447,0.1,1.25,0.09756171038512391,1.2943336980922533,43.80373763027556,true,65,false
1079,ok,0.0013690070295340284,0.1,1.25,0.09755902271550326,1.3022739278080302,40.3185757590014,true,71,false
1080,ok,0.0012111029561397016,0.1,1.25,0.09735034518792743,1.295400352377174,37.66842725922826,true,73,false
1081,ok,0.001066776036059634,0.1,1.25,0.09781776498944328,1.2868397573361845,33.48034960715325,true,72,false
1082,ok,0.0013490870255358294,0.1,1.25,0.09739257969004492,1.305575490986519,30.640281373610467,true,69,false
1083,ok,0.0014385816917890338,0.1,1.25,0.09810706288893026,1.274999596922684,37.9206883845826,true,70,false
1084,ok,0.0014227976266566326,0.1,1.25,0.09747549677610313,1.2899972993489568,37.277708866017264,true,75,false
1085,ok,0.001175851149561852,0.1,1.25,0.09790507738905582,1.2881686283046045,43.44908323939059,true,74,false
1086,ok,0.0010747816315678066,0.1,1.25,0.09769620377951735,1.2799549410683553,34.687307950059676,true,70,false
1087,ok,0.0014795882810706062,0.1,1.25,0.09739115469138572,1.2889221912313868,41.522300098140754,true,70,false
1088,ok,0.0013652874702945106,0.1,1.25,0.09737529060850895,1.3039880004553732,44.19877496518909,true,68,false
1089,ok,0.001068611075007936,0.1,1.25,0.09761550597459724,1.2845089033097012,33.428918033573794,true,72,false
1090,ok,0.0011192728018397902,0.1,1.25,0.09779450012630114,1.2917024148952805,34.856888198264464,true,70,false
1091,ok,0.0012133552094079926,0.1,1.25,0.09803359205465953,1.279212212870042,40.01904744350527,true,69,false
1092,ok,0.0012158657942510083,0.1,1.25,0.0975120440836682,1.293253427706904,39.991078713030035,true,74,false
1093,ok,0.0013985658439104962,0.1,1.25,0.09777498293603482,1.2761447543983169,47.9560200658021,true,71,false
1094,ok,0.001317144310925135,0.1,1.25,0.0977165442689656,1.2989905864817615,30.94109669729542,true,68,false
1095,ok,0.001094966034762698,0.1,1.25,0.09782333628459378,1.2935102929187046,36.47331555965689,true,71,false
1096,ok,0.0012291244499969293,0.1,1.25,0.09749772531165896,1.3032723339341687,36.45115164541008,true,72,false
1097,ok,0.0012976303188675898,0.1,1.25,0.09776503274433607,1.27863490450252,29.61874489034943,true,73,false
1098,ok,0.0009677280252551238,0.1,1.25,0.09751637511558932,1.2926562559143384,33.800696140492384,true,75,false
1099,ok,0.0013714032643902501,0.1,1.25,0.09763216207358272,1.3096927796722075,44.41843355549724,true,65,false
1100,ok,0.0010865661166840873,0.1,1.25,0.09782626369092187,1.2948257313534073,35.29667274135843,true,71,false
1101,ok,0.0013091619220980924,0.1,1.25,0.09785800255421478,1.2839014133816198,41.649102886315895,true,73,false
1102,ok,0.0013189726641932098,0.1,1.25,0.09786733900239286,1.275089458103766,41.89545368445057,true,71,false
1103,ok,0.001407229131009036,0.1,1.25,0.09767089358883083,1.2875610033896288,41.97247149492587,true,71,false
1104,ok,0.0014276459083071619,0.1,1.25,0.09781780145488553,1.2910665017609393,45.689043466186455,true,76,false
1105,ok,0.0012984915274708443,0.1,1.25,0.09791118600755844,1.2757094821316268,34.11192401813419,true,72,false
1106,ok,0.0012611884459890542,0.1,1.25,0.09727375517472847,1.3063976759395717,36.00165402088132,true,71,false
1107,ok,0.001152728914627069,0.1,1.25,0.09784582277472714,1.2805424325863202,39.564445496757244,true,69,false
1108,ok,0.0011984115000519607,0.1,1.25,0.09810662560743458,1.2838834307792706,40.602415727334744,true,72,false
1109,ok,0.0013743591098991973,0.1,1.25,0.09791753354609029,1.283154971175759,33.12879888832222,true,71,false
1110,ok,0.0012486011926438377,0.1,1.25,0.09803690578446583,1.267446771934753,31.41171629579577,true,71,false
1111,ok,0.0012794375693355124,0.1,1.25,0.09768091266204257,1.2879358050095677,31.299173606829747,true,75,false
1112,ok,0.0012462194682169526,0.1,1.25,0.09758463707289677,1.2992800248819285,39.00510439451114,true,72,false
1113,ok,0.0012741644563118131,0.1,1.25,0.09769271407491793,1.285333080901621,46.962520348501926,true,71,false
1114,ok,0.0011180290196988855,0.1,1.25,0.0979140936025368,1.2765654270483753,33.86607398833438,true,72,false
1115,ok,0.0012383157618014579,0.1,1.25,0.09768159690425057,1.2894452349702108,40.553378740227046,true,74,false
1116,ok,0.001206960778562287,0.1,1.25,0.09745263352942579,1.303062232175404,35.64675689662091,true,72,false
1117,ok,0.0013797714070825228,0.1,1.25,0.09729217820284053,1.3038246728177716,34.0230089406564,true,72,false
1118,ok,0.0012566853324087793,0.1,1.25,0.09770932483444966,1.2848407137397577,42.18461383728537,true,70,false
1119,ok,0.0013017945827981034,0.1,1.25,0.09757568210289427,1.2972326441388664,26.947100419516733,true,72,false
1120,ok,0.0013250837383275936,0.1,1.25,0.09757580489969009,1.293281167655952,38.53815071952152,true,69,false
1121,ok,0.0011924003180637224,0.1,1.25,0.09747636979655341,1.2906863802071238,38.614654836790734,true,71,false
1122,ok,0.0011811173826529445,0.1,1.25,0.09792962287409203,1.2710093807322274,33.420292360786924,true,71,false
1123,ok,0.0011814946591625322,0.1,1.25,0.0979727691472882,1.2746896841938398,37.94565008301432,true,70,false
1124,ok,0.0011092334134130933,0.1,1.25,0.09750054156408688,1.2956770348844737,33.22202582976186,true,72,false
1125,ok,0.0013596922309710197,0.1,1.25,0.09765824899953027,1.2850340586492064,47.11981451274902,true,73,false
1126,ok,0.0015447201992034487,0.1,1.25,0.09783052078870366,1.278701141653375,47.94083029636396,true,69,false
1127,ok,0.0013917801018307025,0.1,1.25,0.09743605880969805,1.299642357153884,37.034875351116035,true,69,false
1128,ok,0.001275202719299422,0.1,1.25,0.09768372460316581,1.2993083430752694,41.12410583132511,true,74,false
1129,ok,0.0011085832355414032,0.1,1.25,0.0974885240647536,1.2897470111977614,37.68760750380276,true,71,false
1130,ok,0.0014007639009386444,0.1,1.25,0.09764862388113041,1.2950870511175334,49.022590384232856,true,70,false
1131,ok,0.0012021056628646787,0.1,1.25,0.0982453634005481,1.2789040095506312,30.90031859016437,true,72,false
1132,ok,0.0013516619856520438,0.1,1.25,0.09756425785231843,1.3044580037629154,36.65430659344561,true,70,false
1133,ok,0.0011221848178584813,0.1,1.25,0.09758880232690065,1.292288037417418,38.92421516148281,true,73,false
1134,ok,0.001299733116004774,0.1,1.25,0.0977075307666169,1.2987078238986307,39.124109092378205,true,74,false
1135,ok,0.0013610716547569144,0.1,1.25,0.09792439358396654,1.2805874301971814,38.35307485068475,true,71,false
1136,ok,0.0013386546590873614,0.1,1.25,0.09777846686339367,1.3050890209674637,32.90485517777272,true,68,false
1137,ok,0.0011655746211765485,0.1,1.25,0.09778247017718089,1.2881486813159753,36.16887975996345,true,73,false
1138,ok,0.0012458994470256313,0.1,1.25,0.09777630344607087,1.2900937069016933,37.298839288517726,true,76,false
1139,ok,0.0012730099453608565,0.1,1.25,0.097739150587169,1.2941509057039986,37.611178401125,true,70,false
1140,ok,0.0013893181558849502,0.1,1.25,0.09776820685531874,1.3033417010729116,44.5462155084732,true,72,false
1141,ok,0.0012191238505430513,0.1,1.25,0.09751009866468298,1.294120089573087,41.2332963165285,true,74,false
1142,ok,0.0010293795326419815,0.1,1.25,0.09756112540366443,1.2930460769049108,32.652022942856384,true,73,false
1143,ok,0.0014251770520288234,0.1,1.25,0.09760155421877577,1.2701019980065884,48.994204421370156,true,73,false
1144,ok,0.0011546845007604004,0.1,1.25,0.09766363739308515,1.2826259353756342,33.82245122474695,true,72,false
1145,ok,0.0011105198426807235,0.1,1.25,0.0980182955984801,1.2943442999244001,36.92462796680273,true,67,false
1146,ok,0.0012605147880386657,0.1,1.25,0.09784992920596992,1.269481962016013,39.65448814138224,true,71,false
1147,ok,0.0013217104518458305,0.1,1.25,0.09799717008802292,1.2765876715134805,44.266392716165115,true,71,false
1148,ok,0.0011635174427167703,0.1,1.25,0.09757256344368154,1.2924279234338332,36.74422960778488,true,71,false
1149,ok,0.0013436306076732873,0.1,1.25,0.09756494666893592,1.281257025479566,42.82612632592082,true,72,false
1150,ok,0.0013559457544049859,0.1,1.25,0.09748132148825703,1.308598150183632,46.99355241407325,true,72,false
1151,ok,0.0012727121812477142,0.1,1.25,0.09798203776092738,1.2859132613278605,43.232709957836526,true,72,false
1152,ok,0.0010822427559083149,0.1,1.25,0.09788720963234694,1.2847230361058553,36.72782155033707,true,72,false
1153,ok,0.0013039441592224716,0.1,1.25,0.09789449691989319,1.2749692799696037,32.220592459706374,true,73,false
1154,ok,0.001284543441013914,0.1,1.25,0.09776381026377313,1.2843847377216717,35.717503640179046,true,71,false
1155,ok,0.0012100948845564074,0.1,1.25,0.09775418856934402,1.284000823168601,39.03850796753071,true,67,false
1156,ok,0.0011225846499468477,0.1,1.25,0.09775955809902542,1.289245625607755,37.02028597193416,true,74,false
1157,ok,0.0012999401695633658,0.1,1.25,0.09775187466742047,1.2872579377712356,36.19133812449267,true,72,false
1158,ok,0.001402442314123646,0.1,1.25,0.09755116662908486,1.2836774995028053,37.720015562512124,true,71,false
1159,ok,0.001310613370680857,0.1,1.25,0.09768103950790621,1.2723927026874888,38.3297132198657,true,73,false
1160,ok,0.0011594570887880002,0.1,1.25,0.09750497682715645,1.2964620017957211,41.69902807266633,true,71,false
1161,ok,0.0010047688758252637,0.1,1.25,0.09737048711511101,1.3046013109676593,30.93889296250514,true,67,false
1162,ok,0.0013453486399305338,0.1,1.25,0.09775852730036089,1.2983307692486141,35.154449041598745,true,75,false
1163,ok,0.0011105965475176158,0.1,1.25,0.0980866281447898,1.2799788523940148,32.897054945812876,true,72,false
1164,ok,0.0010757391946074964,0.1,1.25,0.09778592877884651,1.2817033682629015,32.74259882315485,true,72,false
1165,ok,0.0013244383855193435,0.1,1.25,0.09769433939833888,1.2984284576828862,41.39858567582941,true,74,false
1166,ok,0.0013058524485116733,0.1,1.25,0.09783851860833442,1.2873448116173543,44.73380086101938,true,74,false
1167,ok,0.0010521465419222773,0.1,1.25,0.09747703480212973,1.2911914224873935,35.52493177746909,true,69,false
1168,ok,0.0012646109048797375,0.1,1.25,0.0980673592117863,1.2741634143849407,37.80784656574229,true,69,false
1169,ok,0.0011423902816268953,0.1,1.25,0.09778739144865531,1.2783754759095616,32.774123054223715,true,72,false
1170,ok,0.0013501554551555938,0.1,1.25,0.09788140908000297,1.2924200259016225,41.713225894313375,true,69,false
1171,ok,0.0013696074953642899,0.1,1.25,0.09801241456044318,1.2964187295716083,39.660707086392314,true,69,false
1172,ok,0.0013408745073437837,0.1,1.25,0.09781165108641598,1.2918473178902332,44.54359800246946,true,74,false
1173,ok,0.0013611945552653344,0.1,1.25,0.09740770651537284,1.2801127251845412,32.994506292873275,true,71,false
1174,ok,0.001148685238774205,0.1,1.25,0.097899553038161,1.2902725433161109,40.736808783517546,true,70,false
1175,ok,0.001213325193297889,0.1,1.25,0.09790832435694882,1.263729033266686,34.29173118824694,true,70,false
1176,ok,0.0010990972726809955,0.1,1.25,0.09775640277496758,1.2910466417509048,38.76425909610547,true,71,false
1177,ok,0.0012777768115938303,0.1,1.25,0.09797531263983317,1.272294477917837,28.514121074189752,true,67,false
1178,ok,0.0010905135272367993,0.1,1.25,0.09779969214598011,1.2935279483786217,32.99767658296412,true,73,false
1179,ok,0.0011873629875474275,0.1,1.25,0.09764286025564722,1.2975767847128001,38.185411965571916,true,67,false
1180,ok,0.0012145943792776404,0.1,1.25,0.09747782595242706,1.2957379654879269,38.64686201837687,true,69,false
1181,ok,0.0010874593791193063,0.1,1.25,0.09768225758951354,1.2831790328903063,32.306917981144274,true,74,false
1182,ok,0.0010931786250072961,0.1,1.25,0.0974422281012817,1.286218913686498,30.714770547226962,true,67,false
1183,ok,0.001265046722408515,0.1,1.25,0.09771750756763689,1.304989862068172,36.75515308001589,true,71,false
1184,ok,0.0010804183003372604,0.1,1.25,0.09774027528039674,1.2809439325492742,33.646087528362656,true,74,false
1185,ok,0.001152812449277802,0.1,1.25,0.0976222835812226,1.283874481036803,33.368081040443535,true,73,false
1186,ok,0.001319324088077937,0.1,1.25,0.09804625978693268,1.2778013526963714,44.12380264865174,true,69,false
1187,ok,0.0010542395304931021,0.1,1.25,0.0975997173985022,1.288820343171458,38.06786175713164,true,72,false
1188,ok,0.0012753348628284466,0.1,1.25,0.09796894762113967,1.2907305455484894,37.019140715865404,true,72,false
1189,ok,0.0012920583635481714,0.1,1.25,0.0977828067892431,1.2864026258744414,31.35188252735992,true,69,false
1190,ok,0.001279332870129047,0.1,1.25,0.09739458945307958,1.3054177241392497,34.95517552444137,true,69,false
1191,ok,0.0010405927797814617,0.1,1.25,0.09782952049712348,1.279774317873209,40.92058408278198,true,69,false
1192,ok,0.0014071392044644289,0.1,1.25,0.09755261396848453,1.292863962693252,46.83528476595794,true,69,false
1193,ok,0.0011902401459110148,0.1,1.25,0.09744425332925077,1.2992491848194192,29.497015738413463,true,72,false
1194,ok,0.0012265952072583299,0.1,1.25,0.09742178393017402,1.3169861304928863,33.43428382520179,true,71,false
1195,ok,0.0014505865139893864,0.1,1.25,0.09776782419555538,1.2885505918183082,46.22153226473781,true,75,false
1196,ok,0.0012018951085065038,0.1,1.25,0.09739776136787985,1.303084771970826,41.61990647014699,true,73,false
1197,ok,0.0010431729849565746,0.1,1.25,0.09791143422001533,1.2881390366457668,35.00866048990608,true,75,false
1198,ok,0.0013027506512219675,0.1,1.25,0.0978052381759543,1.2897807184885814,39.52862639609698,true,75,false
1199,ok,0.0012107379649424987,0.1,1.25,0.09785136861670579,1.2838154415707912,32.840276423420384,true,72,false
1200,ok,0.001268772615805247,0.1,1.25,0.09788833667269325,1.2755731800898797,39.025349605203424,true,69,false
1201,ok,0.0010974043449414226,0.1,1.25,0.0978317018459689,1.2833370718903536,32.44019355400816,true,69,false
1202,ok,0.001321106905889938,0.1,1.25,0.09757105209483144,1.289405493309864,40.61415851668589,true,70,false
1203,ok,0.0012854441515159861,0.1,1.25,0.09764965193480812,1.292651996210245,35.145014192905734,true,71,false
1204,ok,0.00111014624773406,0.1,1.25,0.09738337012670137,1.2962701169592088,32.35727942572141,true,71,false
1205,ok,0.0011489431536722563,0.1,1.25,0.0976076809338087,1.2864179826905484,30.981259133336394,true,76,false
1206,ok,0.0012694365426449796,0.1,1.25,0.0979533907671131,1.2701461749638296,41.72305081793085,true,74,false
1207,ok,0.0011939094409068153,0.1,1.25,0.0979376257917702,1.2803444496733891,33.27611159312762,true,78,false
1208,ok,0.001151489641751822,0.1,1.25,0.09771305339737005,1.2855899124117836,37.63325407559799,true,68,false
1209,ok,0.0012377458603505015,0.1,1.25,0.09745857965152885,1.3016094321069065,43.22770564414018,true,75,false
1210,ok,0.0011186527390648342,0.1,1.25,0.09790677119369089,1.2787444374416728,33.63408420213244,true,74,false
1211,ok,0.0010307865868618637,0.1,1.25,0.09748594670103451,1.2977461317513508,37.50224535706827,true,77,false
1212,ok,0.0010794906206169617,0.1,1.25,0.09769886730391242,1.2887795358181302,41.978913779940655,true,70,false
1213,ok,0.0012333673668977808,0.1,1.25,0.09796391085497595,1.2843076626618661,43.22715780073967,true,73,false
1214,ok,0.0012754960303571275,0.1,1.25,0.09783828987798432,1.2925702831333015,36.67122692891,true,71,false
1215,ok,0.001153239131241719,0.1,1.25,0.09769519303798022,1.2818900313641297,35.33156975159064,true,74,false
1216,ok,0.0012916020294460428,0.1,1.25,0.09750530541215671,1.285385651734541,38.46817753149862,true,68,false
1217,ok,0.0012264437196752567,0.1,1.25,0.09736745754928139,1.2935983364949832,40.652123452141765,true,71,false
1218,ok,0.0010138838660454003,0.1,1.25,0.09763602961372359,1.28175495999012,36.1630408023715,true,71,false
1219,ok,0.001011879439459076,0.1,1.25,0.09758589629685058,1.2935238054931508,33.42406899168621,true,73,false
1220,ok,0.0012351008355895915,0.1,1.25,0.09771963644806433,1.291715692004634,40.26666463313145,true,71,false
1221,ok,0.0015064753238054037,0.1,1.25,0.0979977052085774,1.2841166092858178,49.674504662857736,true,74,false
1222,ok,0.0011605804209878132,0.1,1.25,0.097628832625737,1.3008398789384799,31.915285086571707,true,73,false
1223,ok,0.0013906158152699798,0.1,1.25,0.09759326403041765,1.2890413796646436,41.82793938759954,true,70,false
1224,ok,0.0012797713916222662,0.1,1.25,0.09765415337886765,1.3032601939148605,41.97768398183053,true,72,false
1225,ok,0.001421417741222368,0.1,1.25,0.09802952530267756,1.293429192457894,44.7641615157517,true,81,false
1226,ok,0.0011033260601751962,0.1,1.25,0.0975230229573488,1.2845877989834995,35.79429320641945,true,73,false
1227,ok,0.001452506985597614,0.1,1.25,0.09811445729536555,1.2846928722596058,47.59400556601558,true,72,false
1228,ok,0.0011609627762771914,0.1,1.25,0.09771927331933902,1.2906699732388225,34.036051006545755,true,72,false
1229,ok,0.00123047015003349,0.1,1.25,0.09769544795163504,1.291186797462552,36.622559053541586,true,72,false
1230,ok,0.00136211119721566,0.1,1.25,0.0976215570391626,1.2888269253281581,35.91625091602476,true,69,false
1231,ok,0.0015322157763138801,0.1,1.25,0.09757481277232434,1.3058322475883464,36.90351441166043,true,69,false
1232,ok,0.0011923350883719579,0.1,1.25,0.09772374437179171,1.2811693726750988,34.823270880135944,true,72,false
1233,ok,0.0013097196005629336,0.1,1.25,0.09790425140142973,1.2859509499871775,34.26446007417311,true,70,false
1234,ok,0.0011141297883034897,0.1,1.25,0.09745791278895564,1.2808917386036183,32.74079685749061,true,71,false
1235,ok,0.0011987797293523865,0.1,1.25,0.0980724503033889,1.2790598767501113,35.81110858296459,true,72,false
1236,ok,0.0013299322362761172,0.1,1.25,0.0977886788120033,1.2708346518832874,34.63454220563234,true,76,false
1237,ok,0.0013415386412347276,0.1,1.25,0.09752807678709927,1.2915532607944558,40.20773161135973,true,69,false
1238,ok,0.0013823602110471843,0.1,1.25,0.09746842911296069,1.3072918844386128,36.99042106087776,true,73,false
1239,ok,0.0012683614393148095,0.1,1.25,0.09750754067177872,1.3132363932939277,35.44798160835495,true,67,false
1240,ok,0.001429854089076693,0.1,1.25,0.09782374884857947,1.2601010802044565,38.286520848159626,true,74,false
1241,ok,0.0013393498514919085,0.1,1.25,0.09752208443783851,1.2971891671008606,44.31148226494411,true,72,false
1242,ok,0.0014205797807867852,0.1,1.25,0.09791814415304215,1.288312636158998,35.474244660886335,true,72,false
1243,ok,0.001145583036635557,0.1,1.25,0.09778648951156982,1.2810622381115009,34.48523397795295,true,70,false
1244,ok,0.0012723537049960773,0.1,1.25,0.09726480954191209,1.3065518409077352,35.2821823462598,true,65,false
1245,ok,0.0012710941141054843,0.1,1.25,0.09756685097124072,1.3035191232280106,37.92816890092671,true,67,false
1246,ok,0.001243733924147009,0.1,1.25,0.0976159218371385,1.28978583198079,42.788984470223156,true,72,false
1247,ok,0.0013041770500118951,0.1,1.25,0.09776488957297869,1.3023185924256862,35.72140215272849,true,72,false
1248,ok,0.001239043836847453,0.1,1.25,0.09769633196367669,1.2861162902596466,35.31389715722649,true,71,false
1249,ok,0.0012043757667996708,0.1,1.25,0.09779894954801072,1.291348109279257,42.72609330689911,true,72,false
1250,ok,0.0011257420049586755,0.1,1.25,0.09757286751259335,1.2903485515024011,34.62022201369637,true,73,false
1251,ok,0.0011804126710917924,0.1,1.25,0.09718505764206871,1.317269434621655,35.72387124840512,true,73,false
1252,ok,0.0011384053173921374,0.1,1.25,0.09779640313607325,1.2708195029020932,38.32021012281288,true,67,false
1253,ok,0.0014224570118697212,0.1,1.25,0.09784339070081666,1.27261519026206,48.27069926637658,true,74,false
1254,ok,0.0012582959278227461,0.1,1.25,0.09739238827670815,1.2990088347380924,36.75299892923373,true,70,false
1255,ok,0.0011611802212287492,0.1,1.25,0.0978565960118485,1.2910050789844238,38.014539645289716,true,74,false
1256,ok,0.001297627940360772,0.1,1.25,0.09752986567797794,1.2801830083386587,37.09862916115836,true,71,false
1257,ok,0.0012447836839198489,0.1,1.25,0.09748652293218069,1.2964069723978604,37.74950845926761,true,71,false
1258,ok,0.0012901033550327355,0.1,1.25,0.09766398304684992,1.2824132509125183,42.93436029525242,true,77,false
1259,ok,0.0011840983442640612,0.1,1.25,0.09783785351538404,1.2748095542426414,34.120768022536176,true,70,false
1260,ok,0.0012251686706755683,0.1,1.25,0.09790207331705594,1.2778779722743898,42.54105682689763,true,75,false
1261,ok,0.0014189493591917311,0.1,1.25,0.09746221387669202,1.2932432010516872,43.68814051187354,true,72,false
1262,ok,0.001325272392219883,0.1,1.25,0.09771362027031183,1.2755578162359011,35.25266640617004,true,69,false
1263,ok,0.0012544926671176012,0.1,1.25,0.0978500256086438,1.2785101873183502,37.08898987701239,true,73,false
1264,ok,0.0012239003630873772,0.1,1.25,0.09728938321302896,1.3039463963957736,32.739349244124725,true,75,false
1265,ok,0.001215678441889142,0.1,1.25,0.09722561812046576,1.3035267575266216,41.83285502864191,true,66,false
1266,ok,0.00127941248090532,0.1,1.25,0.0974498378674857,1.2959896109650773,39.62019442994532,true,68,false
1267,ok,0.001194485270620122,0.1,1.25,0.09775250125812886,1.293078421149624,27.877287915881602,true,70,false
1268,ok,0.001112181151422841,0.1,1.25,0.09762745282102975,1.2790736810354737,35.231785108841656,true,72,false
1269,ok,0.0011813833698959227,0.1,1.25,0.09773674219446496,1.2884496986368803,34.67081614796612,true,72,false
1270,ok,0.0014615512645013394,0.1,1.25,0.09759582273558041,1.29234239364749,40.997230148009876,true,71,false
1271,ok,0.0010222813992532892,0.1,1.25,0.09786589979939408,1.272608019576071,30.232517130989578,true,69,false
1272,ok,0.0012348344218488295,0.1,1.25,0.0978247968251342,1.2824588456223316,36.720470242260944,true,69,false
1273,ok,0.0012317938339603545,0.1,1.25,0.09792376010114334,1.287356112542034,35.33199532660883,true,73,false
1274,ok,0.0011201278586630775,0.1,1.25,0.09770490025386061,1.2847031165102243,37.736006165962586,true,72,false
1275,ok,0.0012361119850184126,0.1,1.25,0.09759030214108647,1.2983193215295565,35.562280504500464,true,70,false
1276,ok,0.0012238993543709606,0.1,1.25,0.09763887179614245,1.283173645522739,44.97488783468245,true,72,false
1277,ok,0.001173478000340848,0.1,1.25,0.09765143790589434,1.2963744845875285,37.44880145194759,true,69,false
1278,ok,0.0013265922182721292,0.1,1.25,0.09730612833533854,1.2976492866777374,43.85559070286031,true,74,false
1279,ok,0.0010925025072717662,0.1,1.25,0.09745642055513623,1.2949796447928001,34.373451550900434,true,66,false
1280,ok,0.0012018237170706746,0.1,1.25,0.0978590111601104,1.2772060584790028,35.155965323731465,true,71,false
1281,ok,0.0013240766640741383,0.1,1.25,0.09796292688584204,1.2838749462382175,36.987795851810674,true,73,false
1282,ok,0.0012670477009738986,0.1,1.25,0.09759492424241711,1.3019874469154504,41.4299994698149,true,70,false
1283,ok,0.0013004999038831139,0.1,1.25,0.09789706186545566,1.2762264943237196,35.52198689547935,true,70,false
1284,ok,0.0013203595656926417,0.1,1.25,0.09731123803735905,1.308920256869001,44.85041184569566,true,71,false
1285,ok,0.0009988406860202365,0.1,1.25,0.09782602926256066,1.2823783740970913,33.45289093837722,true,72,false
1286,ok,0.0014225468379539716,0.1,1.25,0.09757154242779525,1.279737765052149,45.135805421610414,true,72,false
1287,ok,0.0013015750192994083,0.1,1.25,0.09755055884585973,1.2838599085893816,38.33464371193727,true,73,false
1288,ok,0.0012936258737496385,0.1,1.25,0.09744019231741352,1.2970383966610115,43.482006190916294,true,75,false
1289,ok,0.0011961827144795982,0.1,1.25,0.09757359617660302,1.2946725922272508,34.77159523881408,true,72,false
1290,ok,0.0012304841965765764,0.1,1.25,0.09725054299848117,1.3018844360019957,42.87193157183361,true,72,false
1291,ok,0.0013205428176826764,0.1,1.25,0.09754634735844832,1.297912003041861,35.42107309094712,true,71,false
1292,ok,0.0011790700457731578,0.1,1.25,0.0976444528567825,1.2985196695798118,42.333300195848594,true,69,false
1293,ok,0.001267532355249717,0.1,1.25,0.09791805405293556,1.2859992205320032,31.933053460506017,true,71,false
1294,ok,0.001357468140726121,0.1,1.25,0.09744404633285558,1.290535314645749,42.23073596852936,true,77,false
1295,ok,0.0014015150532350623,0.1,1.25,0.09744136297310671,1.3029292763388693,40.00841165455793,true,73,false
1296,ok,0.0011157790834044757,0.1,1.25,0.09795142408557472,1.283471890602446,38.09231820637081,true,73,false
1297,ok,0.0012035415845241856,0.1,1.25,0.09763088303063991,1.2911371865416448,40.91972005710333,true,66,false
1298,ok,0.0013943594484941578,0.1,1.25,0.09753855541197898,1.290846035314956,36.61583574793472,true,73,false
1299,ok,0.0011663660988485724,0.1,1.25,0.09741481718757597,1.3039882550412947,33.93420275510448,true,74,false
1300,ok,0.0013305823472134566,0.1,1.25,0.09744706523674734,1.3069822468738965,45.8439188363489,true,73,false
1301,ok,0.0013884946107027428,0.1,1.25,0.0974957109457728,1.3075118900152773,36.34508278135337,true,67,false
1302,ok,0.0012720703451314975,0.1,1.25,0.09776232656561741,1.2818417151965544,35.59068524854965,true,67,false
1303,ok,0.0012792344354107877,0.1,1.25,0.09742130829814438,1.3038873202180041,37.09067452498775,true,77,false
1304,ok,0.0011963834390918834,0.1,1.25,0.09785221963437199,1.290308186644147,41.27881531669235,true,76,false
1305,ok,0.0013189384994881585,0.1,1.25,0.09774454027499513,1.2768862903490725,36.85754870569506,true,71,false
1306,ok,0.0012740728897496529,0.1,1.25,0.0975139337379403,1.3027636821381037,38.35233093618515,true,72,false
1307,ok,0.0013108714470219105,0.1,1.25,0.09772325478123356,1.2829040246805448,32.369205679831964,true,72,false
1308,ok,0.001126464478899446,0.1,1.25,0.09762669540269553,1.2977328831291848,37.51759812135953,true,75,false
1309,ok,0.0013211783928292911,0.1,1.25,0.0977147465421362,1.2878821080446716,46.36386282386595,true,73,false
1310,ok,0.0014003231549437425,0.1,1.25,0.09773400586168904,1.2726897363163245,41.057988093829636,true,64,false
1311,ok,0.001396089777437917,0.1,1.25,0.09730761935275263,1.2955358502266674,42.974080242970636,true,75,false
1312,ok,0.0012203763839564036,0.1,1.25,0.09772721539139596,1.2771492676846854,34.94198782131833,true,72,false
1313,ok,0.0012375383770081264,0.1,1.25,0.09767079691749492,1.2908181551409792,39.43807959082296,true,71,false
1314,ok,0.001213804853434952,0.1,1.25,0.09761587943343333,1.3001536570682313,40.661150192135715,true,69,false
1315,ok,0.0011189997738280206,0.1,1.25,0.0976463329802982,1.2983653359445029,38.10919593053883,true,72,false
1316,ok,0.0011629066393532422,0.1,1.25,0.09783405800587155,1.2785006795706266,40.40760951233968,true,69,false
1317,ok,0.0013333268518360818,0.1,1.25,0.09771224179705784,1.2984236959888715,38.38913271016977,true,69,false
1318,ok,0.001339618980287185,0.1,1.25,0.09764265272833839,1.2815071450391802,43.47566885082495,true,75,false
1319,ok,0.0013051805608023147,0.1,1.25,0.0975052405221082,1.2963968636920344,35.53820928390375,true,74,false
1320,ok,0.0013571952742128567,0.1,1.25,0.09815929788116605,1.280370021509165,46.76070675328438,true,69,false
1321,ok,0.0011763340207590048,0.1,1.25,0.09772122901831506,1.2857893353472718,39.62893398131506,true,72,false
1322,ok,0.001138766931139455,0.1,1.25,0.09756930364376146,1.3024740657818,32.0649699196628,true,68,false
1323,ok,0.0013107395895466747,0.1,1.25,0.09785026210471583,1.2830604348095178,47.086018332175996,true,73,false
1324,ok,0.0011327127930790297,0.1,1.25,0.09793715888828307,1.295495404824282,32.38067519888581,true,75,false
1325,ok,0.001338669876047506,0.1,1.25,0.09762742863514429,1.296725309839103,34.88500051394636,true,69,false
1326,ok,0.0012113057947500511,0.1,1.25,0.09768828621407027,1.283976756369504,34.161299387916415,true,71,false
1327,ok,0.0011619970038847015,0.1,1.25,0.09783227915401821,1.277809545558587,29.9522686000469,true,69,false
1328,ok,0.001258375397874291,0.1,1.25,0.09756456293505042,1.2950054240879914,41.96403700003187,true,69,false
1329,ok,0.001318962368073867,0.1,1.25,0.09744033500419796,1.3171958219444615,35.54932348501255,true,69,false
1330,ok,0.0012295823841883078,0.1,1.25,0.09776293714874296,1.2888019203043948,32.30563090933885,true,72,false
1331,ok,0.0011467770188071378,0.1,1.25,0.09735029127635145,1.2942071331400224,32.54232265625939,true,74,false
1332,ok,0.0012835738110428593,0.1,1.25,0.09776572170719658,1.2947877443091802,40.68136411454028,true,69,false
1333,ok,0.0012686908777199638,0.1,1.25,0.09773989081453364,1.2949671715230315,32.1347092655591,true,72,false
1334,ok,0.0011358006910882508,0.1,1.25,0.09736922725157744,1.3048767084215886,35.670718805576385,true,67,false
1335,ok,0.0012560751137404215,0.1,1.25,0.0976509557057354,1.2822955549789952,38.34467834922361,true,69,false
1336,ok,0.0013095032514018837,0.1,1.25,0.09785406325204918,1.2739522282189948,40.249194265103085,true,72,false
1337,ok,0.0011677270313532391,0.1,1.25,0.0978415647714724,1.2860053850528248,43.10680441409931,true,68,false
1338,ok,0.0012073805950215334,0.1,1.25,0.09756420854996528,1.29183702307079,39.77540400871091,true,71,false
1339,ok,0.0014173789059256274,0.1,1.25,0.09746258853368964,1.2866840547574698,49.23283279092258,true,70,false
1340,ok,0.0012508357699781397,0.1,1.25,0.09784948198207809,1.2759097055284656,43.24769411880354,true,73,false
1341,ok,0.0011758317255940942,0.1,1.25,0.09767886095010332,1.2997524512986995,36.14636503525303,true,73,false
1342,ok,0.0010307949706924889,0.1,1.25,0.09787011713485907,1.2861095409888064,33.828124972024625,true,72,false
1343,ok,0.001339916618006457,0.1,1.25,0.09730109346072455,1.291457124087513,43.831329341977764,true,71,false
1344,ok,0.001296903720119302,0.1,1.25,0.0977143357933226,1.2783184564340577,33.60168711793781,true,71,false
1345,ok,0.0012810624448692323,0.1,1.25,0.09751766395683953,1.2924172542736148,42.34060418279537,true,71,false
1346,ok,0.0014881710541533011,0.1,1.25,0.0975560892221945,1.299385870349054,39.398700630039585,true,70,false
1347,ok,0.0014143990566166283,0.1,1.25,0.09778536778855357,1.2892972265494274,40.874300291761706,true,74,false
1348,ok,0.0013499213511612349,0.1,1.25,0.09758564920397861,1.2975147097190012,45.15991004007443,true,68,false
1349,ok,0.0012875841096822215,0.1,1.25,0.09780395940300901,1.2839985363142754,32.04296186897038,true,71,false
1350,ok,0.001281148211855569,0.1,1.25,0.09731642353488712,1.3046819229176438,33.86189642760492,true,71,false
1351,ok,0.0012790018291669342,0.1,1.25,0.09721432662826496,1.3021208342275823,36.69500041205892,true,72,false
1352,ok,0.001117984297246116,0.1,1.25,0.09778274590396077,1.284435297838843,39.32365404655388,true,70,false
1353,ok,0.00138744814161793,0.1,1.25,0.09780064162870573,1.2988906583982218,45.7912423164171,true,68,false
1354,ok,0.0011754830895538903,0.1,1.25,0.0977220131209586,1.289825613347055,38.288290878802435,true,72,false
1355,ok,0.0011532953322791098,0.1,1.25,0.0977407131539677,1.285920773771139,32.495455093661384,true,67,false
1356,ok,0.0012642232768886753,0.1,1.25,0.09774201202459783,1.2802228555036157,41.01856610862567,true,70,false
1357,ok,0.0011186240445683411,0.1,1.25,0.09756620185270232,1.2928063373243652,35.97806290432765,true,71,false
1358,ok,0.0013152453650822637,0.1,1.25,0.0977262692896767,1.2936992510071663,37.65406080884434,true,71,false
1359,ok,0.0013337980671565847,0.1,1.25,0.09797441344692123,1.2767187924445855,33.10603125088163,true,71,false
1360,ok,0.001485198577569617,0.1,1.25,0.09786847217585361,1.292744219160001,40.90444450809722,true,72,false
1361,ok,0.0011738498442263126,0.1,1.25,0.09755578387639542,1.3012050378900046,37.37333258945073,true,71,false
1362,ok,0.0012516191981924677,0.1,1.25,0.09783217846313863,1.2806148271232167,32.241731804830614,true,70,false
1363,ok,0.001130507369980527,0.1,1.25,0.09772741812287669,1.283580983038938,35.18244223663563,true,72,false
1364,ok,0.0011986370861096817,0.1,1.25,0.09757357305613858,1.292592910598429,38.71541806361454,true,72,false
1365,ok,0.0011076936332692295,0.1,1.25,0.09733318221697966,1.2891659284386376,38.70203976383395,true,73,false
1366,ok,0.001350853868055126,0.1,1.25,0.09811497128128716,1.2831368646612304,42.066355235209016,true,75,false
1367,ok,0.0011601516503681106,0.1,1.25,0.09765735329301985,1.2834891875017724,28.90913595776645,true,70,false
1368,ok,0.001279987943616061,0.1,1.25,0.09754881956850645,1.297128236229414,34.86846424872542,true,72,false
1369,ok,0.0014055669740423338,0.1,1.25,0.09767950485981958,1.2911182918189077,39.547281558372816,true,71,false
1370,ok,0.001312416957984356,0.1,1.25,0.09770796342971656,1.2883726635127033,44.83021167120413,true,75,false
1371,ok,0.0011880724091496684,0.1,1.25,0.09795367555570038,1.2862980330707507,36.40625331197496,true,70,false
1372,ok,0.0012665224089394047,0.1,1.25,0.09809444801458599,1.2819600568638665,39.47225474494947,true,74,false
1373,ok,0.001240043308682167,0.1,1.25,0.0974565333756327,1.2907005226569546,35.507900816752255,true,74,false
1374,ok,0.0012642296243997313,0.1,1.25,0.09787149420651266,1.293659864918032,35.43309346638632,true,70,false
1375,ok,0.0011795463660363914,0.1,1.25,0.09728302398058783,1.3094909852191177,40.77564085583714,true,71,false
1376,ok,0.0011685741020999924,0.1,1.25,0.09753376614276815,1.3141855427901046,37.24357659365891,true,72,false
1377,ok,0.0013858139293980102,0.1,1.25,0.09793034971728064,1.2813894499236078,32.54133964361561,true,72,false
1378,ok,0.001201421996974764,0.1,1.25,0.09752976913841833,1.2994041053258107,33.05848854529744,true,67,false
1379,ok,0.001330753986595388,0.1,1.25,0.09763018301774194,1.304313689596342,43.31397692822578,true,72,false
1380,ok,0.0012200414888715494,0.1,1.25,0.09748328345820781,1.2885548159567743,37.394763077440004,true,72,false
1381,ok,0.00118403317854746,0.1,1.25,0.09772710405577203,1.28835912599053,38.36076862311894,true,69,false
1382,ok,0.0011547058842026991,0.1,1.25,0.09784198559808116,1.2754398645842193,35.378745378136955,true,71,false
1383,ok,0.0012672776304316863,0.1,1.25,0.09770717862115436,1.2750974568809157,35.735896046655895,true,70,false
1384,ok,0.0011889880540159232,0.1,1.25,0.09797641906140384,1.2697405207933345,32.645314789855156,true,72,false
1385,ok,0.0013473339014421542,0.1,1.25,0.09791519980463669,1.2869497425877339,39.568522056140196,true,72,false
1386,ok,0.0012160099699071417,0.1,1.25,0.09769894214840077,1.286062462622592,43.09617061209009,true,69,false
1387,ok,0.00114507156496391,0.1,1.25,0.09754732033465013,1.2837798859700131,34.611827409368296,true,72,false
1388,ok,0.0012346279491569372,0.1,1.25,0.09764457744069822,1.3033169434218126,39.5964935796885,true,71,false
1389,ok,0.0013813779129085593,0.1,1.25,0.09768600425082492,1.2835376333324922,41.938482676773134,true,72,false
1390,ok,0.0012574366439627286,0.1,1.25,0.09771837704361633,1.2889870431824446,39.17299991876097,true,74,false
1391,ok,0.0012193531983072923,0.1,1.25,0.09778922006317634,1.29515764474393,41.07682906100861,true,73,false
1392,ok,0.0012257726210510998,0.1,1.25,0.09782140977768487,1.285222954685498,44.8390218159627,true,72,false
1393,ok,0.0012717495482917364,0.1,1.25,0.09755016224809931,1.2928372420309526,43.769092457722586,true,70,false
1394,ok,0.0010988355228025834,0.1,1.25,0.09777701661342306,1.2867262132323907,38.234591954728906,true,75,false
1395,ok,0.001547597500867522,0.1,1.25,0.09762807181513578,1.2921163764014327,45.7063721240829,true,69,false
1396,ok,0.001112286600423425,0.1,1.25,0.09763267699088055,1.3047096600283261,38.59430837156867,true,72,false
1397,ok,0.0013185570115063835,0.1,1.25,0.09749681923364978,1.2954377411289864,41.84292369121266,true,70,false
1398,ok,0.001274900141332789,0.1,1.25,0.09721996851619517,1.289462318819002,31.19912151955122,true,71,false
1399,ok,0.0011552921708381856,0.1,1.25,0.09794264725153362,1.2815651324518513,37.887177796178385,true,73,false
1400,ok,0.0012836613337454297,0.1,1.25,0.09800815425482447,1.2776789226807892,40.29578816395915,true,73,false
1401,ok,0.0013339021934641242,0.1,1.25,0.09778208471007896,1.293741875830303,34.099053065156056,true,75,false
1402,ok,0.0013084077591475314,0.1,1.25,0.09762151157690165,1.279005324449825,37.7065388884958,true,73,false
1403,ok,0.0014189597998464367,0.1,1.25,0.09722444534414218,1.3088641881561218,41.766292952469136,true,66,false
1404,ok,0.0013358776649837693,0.1,1.25,0.09771158212986236,1.2883267288839568,41.31128182255914,true,70,false
1405,ok,0.0011209789592853496,0.1,1.25,0.09749967854875814,1.2903330373025172,32.453849926210175,true,69,false
1406,ok,0.0012827439724143919,0.1,1.25,0.09741620163769903,1.2956678680417117,41.570422041991336,true,69,false
1407,ok,0.0012501264133609402,0.1,1.25,0.09798150056253521,1.2787348960178493,36.086618811601866,true,69,false
1408,ok,0.0012296255577799787,0.1,1.25,0.09808809671519052,1.2768598855917497,42.60502830743629,true,68,false
1409,ok,0.0010527881852314715,0.1,1.25,0.09769598713051045,1.2882141282719701,37.41825533984884,true,73,false
1410,ok,0.001266139266421864,0.1,1.25,0.09794656287324263,1.2863983794389562,33.42277251957401,true,72,false
1411,ok,0.0012729129614421385,0.1,1.25,0.09808799586994718,1.2855809063367705,35.40628902898554,true,69,false
1412,ok,0.0011951543110245186,0.1,1.25,0.09807183463711697,1.2624529940539269,32.36887798477179,true,70,false
1413,ok,0.0011067837956757367,0.1,1.25,0.09740182512842854,1.297851910817949,33.35463365272752,true,71,false
1414,ok,0.0013316526444355195,0.1,1.25,0.09774014835759029,1.290955847087172,33.08042034412658,true,70,false
1415,ok,0.0012789791453815676,0.1,1.25,0.0979475674934649,1.2891550013893383,35.929599059439994,true,74,false
1416,ok,0.001126501741161325,0.1,1.25,0.09787335915637782,1.2875276742073014,38.36227535029218,true,71,false
1417,ok,0.0013763922244605944,0.1,1.25,0.09745626793475282,1.2845225283582111,44.46041285670316,true,72,false
1418,ok,0.0012014250797374685,0.1,1.25,0.09717110666632958,1.300718682815541,40.600539168994565,true,74,false
1419,ok,0.001151920028945765,0.1,1.25,0.09762335315380015,1.280909556512826,38.09669104758442,true,70,false
1420,ok,0.0011881986573728874,0.1,1.25,0.09751603891541075,1.2935309472882377,32.102749648509565,true,70,false
1421,ok,0.0013474406466692022,0.1,1.25,0.09769274582030855,1.3089578269187356,39.48623272397955,true,69,false
1422,ok,0.0011644311916124556,0.1,1.25,0.0978132381087055,1.285000331807439,34.09359387885811,true,77,false
1423,ok,0.001449147045849315,0.1,1.25,0.09761979057537859,1.291732859000044,44.871720740299445,true,70,false
1424,ok,0.0015339539806704767,0.1,1.25,0.09789117311167893,1.285748743398034,42.40261888091391,true,71,false
1425,ok,0.0012992224645324052,0.1,1.25,0.0977493203433763,1.2873276242165468,43.91353043681759,true,70,false
1426,ok,0.0014435398877091646,0.1,1.25,0.09761747908697341,1.29794969115233,41.92897569450511,true,74,false
1427,ok,0.0012555363813678277,0.1,1.25,0.09761988129425853,1.2976458548571779,31.974867715013453,true,68,false
1428,ok,0.0011715163751667942,0.1,1.25,0.09785205275021011,1.294338254245289,40.13413025576646,true,74,false
1429,ok,0.0012001923714118105,0.1,1.25,0.09767324527869516,1.2845771056851178,43.930681251796685,true,71,false
1430,ok,0.0010924228367811574,0.1,1.25,0.09757592384258415,1.2904200495322231,35.28902335872337,true,69,false
1431,ok,0.0012548173837920401,0.1,1.25,0.09773055637323712,1.2743676457551114,34.60475245584135,true,68,false
1432,ok,0.001330646830550612,0.1,1.25,0.09757826889156003,1.2913321805291131,38.6473064640749,true,71,false
1433,ok,0.0013402418245033662,0.1,1.25,0.09746164888461248,1.2984443121774545,43.02690687310763,true,70,false
1434,ok,0.0010983185802414988,0.1,1.25,0.09729716081646442,1.3013831850961657,33.880480093942616,true,69,false
1435,ok,0.0012300366350059416,0.1,1.25,0.09754182616155721,1.3129861340298354,40.36210798444441,true,66,false
1436,ok,0.0011291633524619913,0.1,1.25,0.09765278032089805,1.2818917199610433,35.77365333186065,true,68,false
1437,ok,0.0013223912123568023,0.1,1.25,0.09770139760886451,1.3007862034229007,27.53121671917449,true,73,false
1438,ok,0.001122515913164999,0.1,1.25,0.09778948036692064,1.2835717985008657,37.355684105230615,true,68,false
1439,ok,0.0011375466345073769,0.1,1.25,0.0976546113164718,1.2816677153021772,29.139431773441245,true,72,false
1440,ok,0.001161224343229454,0.1,1.25,0.09779469869434856,1.280981107657717,37.149479143132695,true,71,false
1441,ok,0.0012301957086096101,0.1,1.25,0.09748836149825532,1.2939811251183364,39.244245676610895,true,72,false
1442,ok,0.0012385420540914672,0.1,1.25,0.09762771070096932,1.2966411397792563,38.51318100795113,true,72,false
1443,ok,0.0012648051623730088,0.1,1.25,0.09784556926471685,1.2872286938896,38.69431238631265,true,71,false
1444,ok,0.0012711587015177964,0.1,1.25,0.09755582666250845,1.2858800049569883,32.981769659459495,true,69,false
1445,ok,0.0012365753185789206,0.1,1.25,0.09747880107653872,1.2897068494317159,33.23208763892875,true,70,false
1446,ok,0.001198251297866807,0.1,1.25,0.09767457728091863,1.2951108152337512,37.975856933219944,true,72,false
1447,ok,0.0012459663313129385,0.1,1.25,0.09755326998796747,1.2921202068786302,42.73252764287202,true,70,false
1448,ok,0.001291509309411382,0.1,1.25,0.09764168816325822,1.2857695385845849,33.70900582083293,true,73,false
1449,ok,0.0011745506101494664,0.1,1.25,0.09771771803799226,1.290490757890742,30.40502502951359,true,70,false
1450,ok,0.0012921037492265861,0.1,1.25,0.09771825633950915,1.2936442821741496,32.077720491953706,true,72,false
1451,ok,0.0011825218918444242,0.1,1.25,0.09762240037162118,1.3008909593254965,32.06901541480403,true,69,false
1452,ok,0.0011568246236472227,0.1,1.25,0.09781108962015057,1.2911845466505998,40.84162455640912,true,72,false
1453,ok,0.001125154584715421,0.1,1.25,0.09758052229556387,1.2924244265158162,33.802721228663444,true,66,false
1454,ok,0.0014082315325906847,0.1,1.25,0.09729617338456323,1.3018018924717047,25.421936857857446,true,71,false
1455,ok,0.001300297211988914,0.1,1.25,0.09781206628782052,1.290872875326862,39.82270963261177,true,72,false
1456,ok,0.0013227491947072744,0.1,1.25,0.09757419166078649,1.284136742292514,36.00455410086561,true,70,false
1457,ok,0.0011657181329258399,0.1,1.25,0.09770732974796831,1.2972045626480861,38.56809915054367,true,72,false
1458,ok,0.0013275201981676904,0.1,1.25,0.0977081588293191,1.2764176152087356,42.96115935749196,true,70,false
1459,ok,0.0013210410223441376,0.1,1.25,0.09771744230570384,1.2962370517067672,39.997549266235914,true,70,false
1460,ok,0.0013681464436813909,0.1,1.25,0.09791998013006148,1.2720573401210562,41.68187173238862,true,70,false
1461,ok,0.00105937379593143,0.1,1.25,0.09782734838331617,1.2883137265440459,34.53598497930016,true,70,false
1462,ok,0.0011054377379991105,0.1,1.25,0.09756588569828187,1.2937938278976218,35.03748266840581,true,66,false
1463,ok,0.0011967130910215007,0.1,1.25,0.09759581893979305,1.2743699110591562,39.33010724707096,true,73,false
1464,ok,0.0013105926470188057,0.1,1.25,0.097613050520071,1.2952813656105244,50.63891409370907,true,72,false
1465,ok,0.0013113535557385569,0.1,1.25,0.09744876885680027,1.2994207203523542,43.2851107790815,true,71,false
1466,ok,0.0011927326234789923,0.1,1.25,0.09750958945792612,1.298402168759433,33.038371652195174,true,73,false
1467,ok,0.0012825351052880645,0.1,1.25,0.09756826738074204,1.2961276815279186,40.35179736752468,true,67,false
1468,ok,0.0011348263586106752,0.1,1.25,0.09734729965674496,1.3083616896543457,39.76443949196884,true,70,false
1469,ok,0.0013783753184523114,0.1,1.25,0.09813207478722805,1.2659865796189753,37.65897328254701,true,63,false
1470,ok,0.001195002970191057,0.1,1.25,0.09781388216470482,1.2839341622029272,29.024884024746406,true,74,false
1471,ok,0.0013442819001833351,0.1,1.25,0.09792408388493008,1.3037409601995171,44.101060507191896,true,70,false
1472,ok,0.001403195647331954,0.1,1.25,0.0974802986596969,1.2986396009068437,33.55632240222884,true,72,false
1473,ok,0.001139488730923315,0.1,1.25,0.09758089646126925,1.2957211649922384,34.2958680030659,true,73,false
1474,ok,0.001216384543647576,0.1,1.25,0.09734138239984075,1.3066153276693324,33.84930428187822,true,70,false
1475,ok,0.0013440408025846362,0.1,1.25,0.09745339937083072,1.300915629206243,43.898949384912605,true,75,false
1476,ok,0.0012001856852222358,0.1,1.25,0.0975691483201395,1.2919896861029607,38.596757209228976,true,75,false
1477,ok,0.0012388276018722455,0.1,1.25,0.09772286219343929,1.2924281480938462,35.64963916464066,true,70,false
1478,ok,0.0013763545516515072,0.1,1.25,0.09755920634672952,1.301949616931308,42.84673175640922,true,74,false
1479,ok,0.0012910972460529312,0.1,1.25,0.09764071809942382,1.3079741459155343,31.076832898528963,true,73,false
1480,ok,0.0012521827855369312,0.1,1.25,0.09753412836330226,1.2942764394033088,41.15978555180782,true,69,false
1481,ok,0.0009714816226825186,0.1,1.25,0.09766445598667045,1.2917512102215862,30.465249536662384,true,67,false
1482,ok,0.0011025749883514816,0.1,1.25,0.09752438628491752,1.289464523032636,38.61112055819189,true,71,false
1483,ok,0.0011254239256145648,0.1,1.25,0.0977400193446455,1.2902793318733814,33.44002309899121,true,70,false
1484,ok,0.0011876551230715331,0.1,1.25,0.09766060407610765,1.2905007631218917,33.66450248249175,true,72,false
1485,ok,0.0013684947123674843,0.1,1.25,0.09818903356983177,1.2716251234302518,42.74542416653248,true,69,false
1486,ok,0.0012043281001618627,0.1,1.25,0.09752316931446978,1.2970389556755393,39.26227499083632,true,71,false
1487,ok,0.0013015513061224791,0.1,1.25,0.09761856197000005,1.287150868713865,27.531275510988735,true,73,false
1488,ok,0.0010477088465602003,0.1,1.25,0.09788078705610953,1.2797453446360902,29.904500911274035,true,65,false
1489,ok,0.0013181571498136833,0.1,1.25,0.09756374903706304,1.2894221703537136,36.4969294991164,true,72,false
1490,ok,0.0012916498206786817,0.1,1.25,0.0977042521653299,1.2978821086867354,40.14206662722038,true,75,false
1491,ok,0.0014118401441355203,0.1,1.25,0.09743967523321888,1.3005955941204974,41.19988534012558,true,73,false
1492,ok,0.0011711437903937142,0.1,1.25,0.097759226565084,1.2897739099836516,34.88516706975111,true,73,false
1493,ok,0.001187903018030888,0.1,1.25,0.09769363059490896,1.2798302683889602,38.74095916361799,true,72,false
1494,ok,0.001283268396625502,0.1,1.25,0.09767824528360787,1.2861021967014925,43.81235414569379,true,68,false
1495,ok,0.001235146315119416,0.1,1.25,0.09748583458305883,1.3001710202036774,41.48633950468816,true,70,false
1496,ok,0.0013876180852876194,0.1,1.25,0.0978661826046797,1.2870406690026543,50.367517898886334,true,75,false
1497,ok,0.0011350760022413554,0.1,1.25,0.09779410972302188,1.2830399287493657,36.12304651402191,true,71,false
1498,ok,0.0011798461921102485,0.1,1.25,0.09767429903473021,1.2847561413465867,32.701814526602796,true,72,false
1499,ok,0.0012811024380548763,0.1,1.25,0.09762646972753666,1.2974036784710317,39.23563311550294,true,68,false
1500,ok,0.0011884100801148188,0.1,1.25,0.09761642204290827,1.2909098530468346,39.07864796377601,true,73,false
1501,ok,0.0010035757059289896,0.1,1.25,0.09737485268838189,1.2958508208242578,32.96454093537197,true,66,false
1502,ok,0.001140906072674978,0.1,1.25,0.09766248780373392,1.2857513952264277,32.342678436816385,true,70,false
1503,ok,0.0013008985498635288,0.1,1.25,0.09781918603437878,1.2856112611662942,37.88514979317252,true,69,false
1504,ok,0.0011751564119693125,0.1,1.25,0.0978517581462314,1.2790074209089457,31.59658857686743,true,73,false
1505,ok,0.001280218442008725,0.1,1.25,0.0977278296495776,1.2830026296669526,34.64301120830521,true,72,false
1506,ok,0.0012342294042123015,0.1,1.25,0.09763217541083294,1.2914233157155686,33.48046304056281,true,70,false
1507,ok,0.0012594056015183496,0.1,1.25,0.09753400470273232,1.2957962332633552,33.37235894810299,true,70,false
1508,ok,0.0012086141436157872,0.1,1.25,0.09808116825125338,1.2698480989449044,40.71803282094321,true,73,false
1509,ok,0.0013266345613088936,0.1,1.25,0.0980219254262755,1.2690651178900771,36.1159040265171,true,66,false
1510,ok,0.0011890633309198698,0.1,1.25,0.09750836376448195,1.291613031009207,47.73588976642987,true,71,false
1511,ok,0.0015110290010371594,0.1,1.25,0.09739154541874351,1.3069057899759764,38.04989920158055,true,73,false
1512,ok,0.0011752808962903964,0.1,1.25,0.0978141072886155,1.2809183565132816,36.84305121690189,true,71,false
1513,ok,0.0012484558363468972,0.1,1.25,0.09758265202289938,1.274363315857075,34.499212913970524,true,72,false
1514,ok,0.001058075938370223,0.1,1.25,0.09735549209883752,1.2899758253056592,28.346176245956737,true,75,false
1515,ok,0.0012044449569494626,0.1,1.25,0.09746598095979186,1.290668585959463,43.38762941317963,true,70,false
1516,ok,0.0011424767334260123,0.1,1.25,0.09811489828473266,1.269863543044334,38.59601800094576,true,73,false
1517,ok,0.0011035436747022325,0.1,1.25,0.09747484024935155,1.3089694265334861,32.645086728808394,true,67,false
1518,ok,0.0011478557572736081,0.1,1.25,0.09767857759184148,1.2920362582750302,38.959172452451895,true,73,false
1519,ok,0.001218130017995086,0.1,1.25,0.09782955398984258,1.2847077278961316,36.00369955611553,true,71,false
1520,ok,0.0011652721824789492,0.1,1.25,0.09772264366444477,1.3023953321714927,39.85718467097457,true,72,false
1521,ok,0.0012803457287721808,0.1,1.25,0.09779018271581236,1.2783294542405759,36.13578660037103,true,75,false
1522,ok,0.0012899019007584429,0.1,1.25,0.0975031999918948,1.302971178185314,35.33966088999954,true,71,false
1523,ok,0.0010717183617506877,0.1,1.25,0.09764803573080486,1.289293445655127,41.23485402490326,true,72,false
1524,ok,0.001267636081281963,0.1,1.25,0.09733523785087474,1.3158291507652995,41.279954444598246,true,69,false
1525,ok,0.0012915757435143325,0.1,1.25,0.09765543942452493,1.2875126875119638,44.59770114875994,true,72,false
1526,ok,0.0012291827054822842,0.1,1.25,0.09767090105856568,1.2724999905748395,35.05182471295789,true,73,false
1527,ok,0.0012460297442102913,0.1,1.25,0.09754977167260576,1.2952711341246985,35.57371221662746,true,71,false
1528,ok,0.0012378206655246967,0.1,1.25,0.09741852839610673,1.3057652527818167,34.34483423475793,true,71,false
1529,ok,0.0012373742609769988,0.1,1.25,0.09783725420838602,1.284036805131695,25.797504370768408,true,69,false
1530,ok,0.0015567788840510346,0.1,1.25,0.09734309930462592,1.3041829021060825,47.89731151728251,true,70,false
1531,ok,0.0013870841607976803,0.1,1.25,0.09759835107511483,1.3052811980906651,37.25857279830233,true,68,false
1532,ok,0.0013216016284030231,0.1,1.25,0.09755837937621833,1.2897403308257922,37.45745318017682,true,67,false
1533,ok,0.0012229942006464288,0.1,1.25,0.09785862246022813,1.29707366590941,41.93254558280442,true,67,false
1534,ok,0.0013404094638819139,0.1,1.25,0.09755684798753249,1.3229255890537754,38.26863527314078,true,69,false
1535,ok,0.0013372110279732746,0.1,1.25,0.09774670890420963,1.2916001888683868,37.58304482234433,true,70,false
1536,ok,0.0013279437367227727,0.1,1.25,0.09786319671263811,1.271043773237227,42.7439839811719,true,71,false
1537,ok,0.0012383042965540343,0.1,1.25,0.09771963728455024,1.2762329888024555,45.84969709766942,true,70,false
1538,ok,0.001157239158141403,0.1,1.25,0.09736134818701338,1.3097527324082776,34.92199338092565,true,71,false
1539,ok,0.001146690891216978,0.1,1.25,0.0977351810548937,1.2853908552435613,38.58701193900133,true,69,false
1540,ok,0.001154683966169279,0.1,1.25,0.0973443290133979,1.3047915164368362,40.219203528000534,true,66,false
1541,ok,0.0011666010563561857,0.1,1.25,0.09779846637165594,1.2818358379536972,31.86905001828577,true,72,false
1542,ok,0.001177270855269376,0.1,1.25,0.09741012383796069,1.3094414101194942,30.47569266341453,true,70,false
1543,ok,0.0014017709257917422,0.1,1.25,0.09781862229278046,1.302521681770758,29.188713296263018,true,65,false
1544,ok,0.0014599057131739813,0.1,1.25,0.0974490368613408,1.288450043910006,46.177954670266566,true,68,false
1545,ok,0.001149928607553165,0.1,1.25,0.0977363936690496,1.2844892906251726,38.78901224746109,true,73,false
1546,ok,0.0012551572622928314,0.1,1.25,0.0979469052281916,1.273772422143602,46.441214566146854,true,71,false
1547,ok,0.001161773335875213,0.1,1.25,0.09745321090467671,1.294716212875281,35.02223557149418,true,69,false
1548,ok,0.0012788941982706692,0.1,1.25,0.09752896187651311,1.29600649586952,39.31723769894065,true,69,false
1549,ok,0.0011490710150077184,0.1,1.25,0.097687530519809,1.2722508756980426,32.66863041833146,true,71,false
1550,ok,0.001081199037191908,0.1,1.25,0.0975862582095424,1.292593893527161,32.09429183181161,true,73,false
1551,ok,0.0012927232237928425,0.1,1.25,0.09755378069863788,1.2871380054538881,33.31774379100593,true,74,false
1552,ok,0.0014163899511882966,0.1,1.25,0.09814128351564626,1.2742080221630876,44.591893896214216,true,69,false
1553,ok,0.00135044619969534,0.1,1.25,0.09769801484764323,1.2811305869867313,41.71752504825806,true,75,false
1554,ok,0.0013433190882435756,0.1,1.25,0.09754167986361757,1.3117144149971234,42.60678438383879,true,70,false
1555,ok,0.0012768972811728694,0.1,1.25,0.09761823317335472,1.2874898584695724,45.97146768636904,true,70,false
1556,ok,0.001078701208072134,0.1,1.25,0.09765285169257357,1.28155396840189,36.259918423508644,true,73,false
1557,ok,0.0010378848386365374,0.1,1.25,0.09789615536780466,1.2800844987344533,30.37675320514221,true,71,false
1558,ok,0.0012717378990777261,0.1,1.25,0.09786977800628387,1.2886431996394314,39.006480670563526,true,72,false
1559,ok,0.0012097928605476532,0.1,1.25,0.09782013540386551,1.2813135692397568,38.3871774711545,true,70,false
1560,ok,0.001163930654249329,0.1,1.25,0.0974760546530221,1.2914894889153807,34.956134836467044,true,71,false
1561,ok,0.001216568235490701,0.1,1.25,0.0974511666346727,1.2921102824889912,32.37442249684073,true,73,false
1562,ok,0.0012930536161818791,0.1,1.25,0.09792000365018247,1.2902740549894378,38.810015334698114,true,72,false
1563,ok,0.0011005918721923406,0.1,1.25,0.09757856847828766,1.2986250385934994,32.63095057098397,true,69,false
1564,ok,0.0013146416683071384,0.1,1.25,0.09804267063699076,1.264943997646695,47.5186344199902,true,75,false
1565,ok,0.0013196922574301064,0.1,1.25,0.09744663982982195,1.300710037175985,41.62403588288915,true,72,false
1566,ok,0.001341610879907595,0.1,1.25,0.09752630817936897,1.299842966833418,44.224984591343876,true,71,false
1567,ok,0.001194500257093959,0.1,1.25,0.09825535107057423,1.2635722573791628,32.29167118352423,true,73,false
1568,ok,0.00131870587516141,0.1,1.25,0.09765308243088885,1.2814192936013167,45.0099898761086,true,63,false
1569,ok,0.0009538803144634884,0.1,1.25,0.09794650518670281,1.2726853100168445,31.89116152025847,true,62,false
1570,ok,0.0013270714067142348,0.1,1.25,0.0974383365123443,1.2884012076223907,42.77781453125103,true,72,false
1571,ok,0.0012301746337937654,0.1,1.25,0.09754054294555352,1.2955152498000775,42.01795933986161,true,74,false
1572,ok,0.0012930760530658568,0.1,1.25,0.09802885502538665,1.2872350357185391,33.87391175952396,true,77,false
1573,ok,0.001188875389331441,0.1,1.25,0.09766090897976007,1.2996117647875096,37.33686312696706,true,70,false
1574,ok,0.0012451010172712296,0.1,1.25,0.09769017396250045,1.2847154164603718,32.28954917333041,true,73,false
1575,ok,0.0012747757004350807,0.1,1.25,0.09759303510867215,1.2990126960665973,33.389951305072124,true,71,false
1576,ok,0.0010301078692167215,0.1,1.25,0.09740800166868255,1.2939323842696493,35.47016801676121,true,75,false
1577,ok,0.0012206317935023003,0.1,1.25,0.09796945120195692,1.2801472293106495,45.872273863696705,true,69,false
1578,ok,0.0012597334619123689,0.1,1.25,0.09739336989793444,1.3143948692136698,38.835928995899906,true,72,false
1579,ok,0.001118072636170414,0.1,1.25,0.09775540415351264,1.2857437560153162,38.30980385552978,true,69,false
1580,ok,0.001240457900321148,0.1,1.25,0.09751562992526058,1.3005294350394214,31.122409349663585,true,69,false
1581,ok,0.0012244484775089926,0.1,1.25,0.09787018081557303,1.2905442861021996,34.50425676478848,true,74,false
1582,ok,0.0012733721149804948,0.1,1.25,0.09798250280999687,1.2776682334788765,41.74040753239641,true,70,false
1583,ok,0.0011615815102429448,0.1,1.25,0.09769496362047907,1.2959824375377815,39.715759638823016,true,68,false
1584,ok,0.0013456606069643959,0.1,1.25,0.09757324669977621,1.303090244940014,36.98066464163714,true,70,false
1585,ok,0.0011342545275789357,0.1,1.25,0.09775826703552107,1.2858036392654162,41.695257379102706,true,72,false
1586,ok,0.0010805765493533317,0.1,1.25,0.09778239936515412,1.280354923357168,30.59185173468354,true,73,false
1587,ok,0.0011099065693077883,0.1,1.25,0.09801493064840254,1.2786049221270206,36.300072088602676,true,72,false
1588,ok,0.0012510227914356096,0.1,1.25,0.09791481645078316,1.2680832916151146,31.697276518982946,true,72,false
1589,ok,0.001104262225075379,0.1,1.25,0.09738645673684813,1.279881543187633,40.245228969128036,true,76,false
1590,ok,0.0010675407298443192,0.1,1.25,0.0977677930049862,1.2871399312377503,33.87300827431078,true,73,false
1591,ok,0.001317432501140646,0.1,1.25,0.09758814417566677,1.2921985765589414,31.713016942400298,true,71,false
1592,ok,0.0010967381491957032,0.1,1.25,0.09771808329077442,1.2785437195724931,42.39915191228274,true,73,false
1593,ok,0.0011522538300604073,0.1,1.25,0.09770258318480167,1.277013963037368,35.22470783294359,true,70,false
1594,ok,0.0013377630121001215,0.1,1.25,0.09785075090409204,1.2728071069323297,34.487793752212426,true,71,false
1595,ok,0.0012929017989500937,0.1,1.25,0.09812178665946111,1.2824565231005889,31.687767391184167,true,71,false
1596,ok,0.001116112078977492,0.1,1.25,0.09756254601447374,1.290476017516394,35.82821990342752,true,69,false
1597,ok,0.001376556806664841,0.1,1.25,0.0975860880054874,1.2931941805601272,41.60055140896018,true,69,false
1598,ok,0.001274732119038592,0.1,1.25,0.09785005791026002,1.2971728322070433,43.451910915900285,true,71,false
1599,ok,0.0012087642909645953,0.1,1.25,0.09769091057450066,1.3044384887733078,26.37789836006592,true,74,false
1600,ok,0.001259423246402985,0.1,1.25,0.09732216883554284,1.2973300131479002,32.29151908033964,true,69,false
1601,ok,0.0012411832267917333,0.1,1.25,0.09757623354265235,1.2803810423846624,36.785278987618526,true,69,false
1602,ok,0.0013335402617205105,0.1,1.25,0.09773858517711381,1.2875952088866158,35.95740842868534,true,76,false
1603,ok,0.0012122548116609297,0.1,1.25,0.09740586326869367,1.299442497897043,41.2646496662682,true,72,false
1604,ok,0.0013683106643134965,0.1,1.25,0.09792691558760482,1.2838106392190274,44.75401542354434,true,71,false
1605,ok,0.001087374797674314,0.1,1.25,0.09750902762122288,1.3015930815147,37.880466727266025,true,72,false
1606,ok,0.0013118444276929739,0.1,1.25,0.09787485641444993,1.2772188087228589,34.560913802392605,true,73,false
1607,ok,0.0012299929739837579,0.1,1.25,0.09759309383183484,1.3007017617650507,39.29203649424027,true,71,false
1608,ok,0.001330615749044371,0.1,1.25,0.09807532500048352,1.271144267128297,43.85173881022345,true,68,false
1609,ok,0.000987777152855692,0.1,1.25,0.09768011257187972,1.2901443203628302,31.746022835284474,true,73,false
1610,ok,0.0013273193071788912,0.1,1.25,0.09753880694385995,1.2996081915384015,33.738779408967645,true,68,false
1611,ok,0.0011810881151728164,0.1,1.25,0.0978840760058102,1.2933880476133381,33.462579814567135,true,69,false
1612,ok,0.0013050273163027282,0.1,1.25,0.09760174261008253,1.2993334716950384,31.29586199308142,true,71,false
1613,ok,0.0011709983078711332,0.1,1.25,0.097584145078695,1.2908505857748258,37.31440741933638,true,72,false
1614,ok,0.0013947949979906445,0.1,1.25,0.09763524110644661,1.295556948473072,40.62777566066951,true,73,false
1615,ok,0.001225327872474021,0.1,1.25,0.09737956643762717,1.3136901191557588,37.87155824528155,true,74,false
1616,ok,0.0012865846260545857,0.1,1.25,0.09793973509523732,1.2703874240223483,43.337490910247716,true,68,false
1617,ok,0.001333270831868408,0.1,1.25,0.09738769134331704,1.2974623493256419,45.3538955975345,true,70,false
1618,ok,0.0011817192956989208,0.1,1.25,0.09739053423149102,1.2993394713886153,38.68483952279199,true,72,false
1619,ok,0.0011427500941928344,0.1,1.25,0.09778768066530877,1.2968293930894963,46.28358680909376,true,75,false
1620,ok,0.0012346739460628374,0.1,1.25,0.09747629715184905,1.2944821502469073,30.18853937941604,true,74,false
1621,ok,0.0012441403398271223,0.1,1.25,0.09737285461705397,1.3061841300845864,33.8684083619241,true,69,false
1622,ok,0.001308306793786007,0.1,1.25,0.09731581414946337,1.305377303109927,41.44342786526582,true,69,false
1623,ok,0.001299566879415646,0.1,1.25,0.09766351226929572,1.293544798401992,40.3653004640564,true,72,false
1624,ok,0.0013304389881668938,0.1,1.25,0.09753085155159953,1.2915217116178879,37.21633616703293,true,70,false
1625,ok,0.001181125222033395,0.1,1.25,0.09733250494356893,1.2890232961239427,37.47435183149271,true,71,false
1626,ok,0.001310503625743346,0.1,1.25,0.09730832526988431,1.308328903636914,46.35056923809973,true,70,false
1627,ok,0.0012808465564752708,0.1,1.25,0.09801090044870278,1.269132217289642,39.310872789209405,true,70,false
1628,ok,0.0011158985749742775,0.1,1.25,0.09762744677493679,1.2893739497947994,37.168481997177366,true,71,false
1629,ok,0.0013515848036588416,0.1,1.25,0.09764905340086963,1.2938172107127586,43.109019516037776,true,72,false
1630,ok,0.001151786052663913,0.1,1.25,0.09730741127364254,1.293929373641947,33.461202394277066,true,71,false
1631,ok,0.001409087350200051,0.1,1.25,0.09727027482799336,1.3161835264480406,40.664558903834966,true,71,false
1632,ok,0.0011692252367790403,0.1,1.25,0.09759590622760336,1.2892487393309884,40.74577917400575,true,71,false
1633,ok,0.0011864174727949284,0.1,1.25,0.0974458251090599,1.2962013115318785,36.879536603983304,true,71,false
1634,ok,0.001233342842806178,0.1,1.25,0.09743076089445427,1.3086173490920339,39.30268934516368,true,71,false
1635,ok,0.0014243244012513367,0.1,1.25,0.09759794541378969,1.297268433183711,44.11630677582565,true,64,false
1636,ok,0.0011758784475687802,0.1,1.25,0.09760649913960756,1.2860544789787012,38.32624698294425,true,71,false
1637,ok,0.0010371643440377394,0.1,1.25,0.09803529218426169,1.2754616188906733,31.866108779044445,true,73,false
1638,ok,0.0012865711920056271,0.1,1.25,0.09775374549833936,1.2845246337982044,34.297678083971775,true,69,false
1639,ok,0.0011676847409814648,0.1,1.25,0.09746236539139347,1.2909105419908942,36.867224041795964,true,70,false
1640,ok,0.0011862535693789114,0.1,1.25,0.09740416447803545,1.302427625432154,35.62076009102223,true,72,false
1641,ok,0.0012305840227457192,0.1,1.25,0.09787079403440754,1.2772127337276193,39.063245998676436,true,71,false
1642,ok,0.0012196108466572255,0.1,1.25,0.09801726388493741,1.2882254221807325,34.155103697411576,true,75,false
1643,ok,0.0013067932667316924,0.1,1.25,0.09746625500827585,1.299592329768404,39.50655296515582,true,74,false
1644,ok,0.0011830244771686635,0.1,1.25,0.0974424156689406,1.3130293437654985,37.24592857283623,true,72,false
1645,ok,0.0013893572543614845,0.1,1.25,0.09750474214753563,1.2951081952304324,41.953672231654664,true,71,false
1646,ok,0.00125492019322268,0.1,1.25,0.09770573259233825,1.2879542336212542,38.012225890745135,true,73,false
1647,ok,0.0010843488118124115,0.1,1.25,0.09767148612186999,1.2909178810453137,33.09841472480905,true,74,false
1648,ok,0.0013314291959032882,0.1,1.25,0.09740537292969705,1.299594181301789,39.50773127497322,true,71,false
1649,ok,0.0010459823193274696,0.1,1.25,0.09775424592502203,1.287355643212745,35.84290021129297,true,70,false
1650,ok,0.001220881587973155,0.1,1.25,0.09755176823479778,1.2880306259310859,41.74646963055562,true,73,false
1651,ok,0.001227534918162672,0.1,1.25,0.09747443988450273,1.2990519159398506,40.826298380158015,true,72,false
1652,ok,0.0011659701624626006,0.1,1.25,0.09772999084162193,1.2952493045785078,34.3015370761382,true,71,false
1653,ok,0.0010886303547957411,0.1,1.25,0.0978328650122143,1.2843636655219743,38.177038560337365,true,72,false
1654,ok,0.0011812971526939991,0.1,1.25,0.09753166544138961,1.2946675930925662,43.994242567619224,true,72,false
1655,ok,0.0013320067474711585,0.1,1.25,0.09751661268933343,1.2914968508866294,42.03175010340684,true,69,false
1656,ok,0.001271962127707031,0.1,1.25,0.09763128046657511,1.3053443404498237,33.1744739447094,true,68,false
1657,ok,0.0011181306047965446,0.1,1.25,0.0977975471536007,1.2856113012308432,28.738559878404516,true,73,false
1658,ok,0.0011740664797043913,0.1,1.25,0.0976683675221599,1.295249470536258,30.281784929758093,true,70,false
1659,ok,0.0012031937951310866,0.1,1.25,0.09761328667946914,1.3000676068083417,36.26531126852111,true,71,false
1660,ok,0.0011320286608071575,0.1,1.25,0.09779328097241122,1.2858867359833275,40.42363933609889,true,73,false
1661,ok,0.0010279255149073354,0.1,1.25,0.09745110177315147,1.3134615567017136,31.82377717018757,true,69,false
1662,ok,0.0011776760962396771,0.1,1.25,0.09786829447613547,1.2874302274706317,33.37911157298712,true,72,false
1663,ok,0.0010421505542760078,0.1,1.25,0.09777983796903553,1.2815373049918766,32.696377118368105,true,75,false
1664,ok,0.0011395266506994514,0.1,1.25,0.09753495184600822,1.3022353865251945,33.78568382686946,true,67,false
1665,ok,0.0010435380227563679,0.1,1.25,0.09781411742524046,1.2835408551755376,34.31529550611227,true,71,false
1666,ok,0.001109066452049529,0.1,1.25,0.0972948551874573,1.3116477476443797,33.13735110201227,true,69,false
1667,ok,0.0012874043174322576,0.1,1.25,0.0980963175263888,1.2867243481117094,34.426809876709456,true,69,false
1668,ok,0.0011481670846706,0.1,1.25,0.0976004427970783,1.293740607122359,35.453931127856045,true,65,false
1669,ok,0.001219684739675614,0.1,1.25,0.0974408436185352,1.3043280903728127,36.80182869172765,true,72,false
1670,ok,0.001424031401373851,0.1,1.25,0.09780536108048435,1.2803647759591668,41.07179524416124,true,67,false
1671,ok,0.001278380534161668,0.1,1.25,0.09791596649646207,1.2743647020911744,46.22255727153425,true,71,false
1672,ok,0.001301580236140335,0.1,1.25,0.09787742249919881,1.2867334032627074,41.220040904787346,true,73,false
1673,ok,0.0010476581762774366,0.1,1.25,0.0977459155263598,1.2805857359539126,39.51664917379146,true,72,false
1674,ok,0.0012926988707237191,0.1,1.25,0.09777703400998046,1.2788672650445945,33.16657065420216,true,71,false
1675,ok,0.001230811736564231,0.1,1.25,0.09753075392106889,1.3053694465989496,42.31240464492009,true,69,false
1676,ok,0.0012033005022709052,0.1,1.25,0.09778183490798639,1.285299720706375,27.740474895238183,true,73,false
1677,ok,0.0011243450768566668,0.1,1.25,0.09755871533409319,1.2953026357566864,35.87294809463325,true,67,false
1678,ok,0.0012636079052742576,0.1,1.25,0.09809896052254234,1.2632511923305978,34.02842282573347,true,72,false
1679,ok,0.0012750797602745115,0.1,1.25,0.09811668327201262,1.2803894615558848,35.69464348016511,true,76,false
1680,ok,0.0010627689202163226,0.1,1.25,0.09761575652186416,1.2974613629935245,36.43296398540088,true,76,false
1681,ok,0.001176902190257172,0.1,1.25,0.09798778744232708,1.2696988002104346,43.864251790964055,true,73,false
1682,ok,0.0013196641922272928,0.1,1.25,0.09798320408174499,1.2915740415400536,42.17276184654176,true,70,false
1683,ok,0.0012846294561102752,0.1,1.25,0.09731893119617649,1.317568395730289,36.035710085468885,true,70,false
1684,ok,0.0010020842477088208,0.1,1.25,0.0975358907379517,1.2832541031335156,37.311056522077294,true,74,false
1685,ok,0.0012687263955111425,0.1,1.25,0.0972562009472972,1.2919106439454942,42.83484890893552,true,71,false
1686,ok,0.0012190367579707942,0.1,1.25,0.09738836690522339,1.3060605689082718,34.8736907405343,true,66,false
1687,ok,0.0011301960935503836,0.1,1.25,0.09778983599175842,1.28421422909326,42.589294599352215,true,72,false
1688,ok,0.001394873771889838,0.1,1.25,0.09775983499615268,1.2851747843548753,37.901176162676016,true,70,false
1689,ok,0.0011940547167808824,0.1,1.25,0.09773231944240299,1.290910168551077,41.0458958770144,true,73,false
1690,ok,0.0012932889454009538,0.1,1.25,0.09807086960756994,1.275466751058199,43.17333808316759,true,73,false
1691,ok,0.0012556696113387015,0.1,1.25,0.09758535573766504,1.3035480018852383,33.91798673252539,true,67,false
1692,ok,0.0012858061793537192,0.1,1.25,0.09781033549405269,1.2707315570094349,38.23413691328923,true,69,false
1693,ok,0.0012329804299909836,0.1,1.25,0.0975335972730392,1.2979907701726163,37.32649718685066,true,69,false
1694,ok,0.001366545613428335,0.1,1.25,0.09699527870877964,1.31370402772217,28.968453881428204,true,73,false
1695,ok,0.0010703391639690358,0.1,1.25,0.0974364731199717,1.2962063550701255,36.99652488476873,true,73,false
1696,ok,0.0014494971456710955,0.1,1.25,0.0977707689765539,1.2621182636834958,39.972686196155806,true,73,false
1697,ok,0.001226110985248937,0.1,1.25,0.09778676867510183,1.2821913389950779,46.87637463183328,true,70,false
1698,ok,0.0012714009964708848,0.1,1.25,0.09753316342172423,1.3001588864045381,45.354670640257616,true,74,false
1699,ok,0.001299703194987891,0.1,1.25,0.09766871405768073,1.3038380066158222,41.841583051238956,true,71,false
1700,ok,0.00133334490735718,0.1,1.25,0.09757122301947364,1.3089260551630244,47.92121855217972,true,68,false
1701,ok,0.001167986026468077,0.1,1.25,0.09764739190903113,1.283351630710432,36.02299911431211,true,73,false
1702,ok,0.0011233663035056165,0.1,1.25,0.09789829907381041,1.2908282491106693,33.7138173231003,true,71,false
1703,ok,0.0013605304884038985,0.1,1.25,0.09735095320910397,1.3056552472300966,35.260901272621894,true,72,false
1704,ok,0.0010823716529278324,0.1,1.25,0.0979511765720439,1.2895741472748754,33.169201824612195,true,74,false
1705,ok,0.0012332257210309612,0.1,1.25,0.09767583338140165,1.2781311065600407,44.4624835288315,true,73,false
1706,ok,0.001432759144250053,0.1,1.25,0.09752839841837918,1.303126658209594,42.90279782936867,true,73,false
1707,ok,0.001167131653369198,0.1,1.25,0.0976241599099976,1.2881756040858743,35.62230192691442,true,71,false
1708,ok,0.001363028128474361,0.1,1.25,0.09792193713824285,1.302297047256734,44.2556545568144,true,71,false
1709,ok,0.0014117937981146572,0.1,1.25,0.09768227375978894,1.3033504387176227,36.607578886336455,true,69,false
1710,ok,0.0012897032867683997,0.1,1.25,0.09771987284648953,1.2802442850843005,33.97224179495868,true,75,false
1711,ok,0.0012282120901015486,0.1,1.25,0.09757450360673232,1.2947893933033092,41.22630502447507,true,67,false
1712,ok,0.0011891157623613773,0.1,1.25,0.09759342650575559,1.303468772639177,35.607809491958115,true,69,false
1713,ok,0.0012407713650172993,0.1,1.25,0.09769527773545741,1.2935764217500902,37.05197216081634,true,67,false
1714,ok,0.0014156227090298566,0.1,1.25,0.09768898855552563,1.3126766590834493,42.04991656831324,true,71,false
1715,ok,0.0012194331814210223,0.1,1.25,0.09792681391274896,1.269721240964826,30.019151268839323,true,68,false
1716,ok,0.001385968930583664,0.1,1.25,0.09767460473684406,1.28628831172065,41.29556982856189,true,74,false
1717,ok,0.001311946061824122,0.1,1.25,0.09759719638030437,1.308468455968821,36.51632758468519,true,70,false
1718,ok,0.0012785712512192722,0.1,1.25,0.09768486231621548,1.286238686387917,43.15914777163944,true,71,false
1719,ok,0.0013130700995832836,0.1,1.25,0.09760384529372246,1.2996895618487514,34.30774721444877,true,70,false
1720,ok,0.0015500338506857145,0.1,1.25,0.09801598561336995,1.2824115237272378,39.918953384869354,true,73,false
1721,ok,0.0011906710422548363,0.1,1.25,0.09784235770893909,1.268849498423913,38.52623035163088,true,68,false
1722,ok,0.0011244746372757852,0.1,1.25,0.09763076342199337,1.2876431580661807,31.690235223830012,true,74,false
1723,ok,0.0012757965316316964,0.1,1.25,0.09787320298583796,1.2871778498929773,35.385928009565475,true,70,false
1724,ok,0.0012882335498706405,0.1,1.25,0.09752896780589443,1.2995253073309647,46.460624213732025,true,70,false
1725,ok,0.0014179419096913754,0.1,1.25,0.09774175507575113,1.3131434891226017,42.2114813289307,true,68,false
1726,ok,0.0011708891841167035,0.1,1.25,0.09748670373397657,1.289102114052281,36.25592098574152,true,68,false
1727,ok,0.0011052059748814127,0.1,1.25,0.0976843588539544,1.2875819636146633,40.877307295956456,true,67,false
1728,ok,0.001233920781017606,0.1,1.25,0.09744472791795143,1.3012907557588145,30.776156600184265,true,75,false
1729,ok,0.0010857852594457478,0.1,1.25,0.09809291798665587,1.284444681054472,34.36047844446314,true,70,false
1730,ok,0.0014076256166123257,0.1,1.25,0.09783590121875031,1.2858889726077036,36.46303672612186,true,70,false
1731,ok,0.0011782787194635662,0.1,1.25,0.09791498332260197,1.2760020840765136,31.482095245559456,true,71,false
1732,ok,0.001370580214163617,0.1,1.25,0.0979174813662487,1.2822441009523844,39.03026445321543,true,75,false
1733,ok,0.0012061908208472992,0.1,1.25,0.09773349502968715,1.2879965748564135,31.155984033354144,true,73,false
1734,ok,0.0012808865564016083,0.1,1.25,0.09775774950532229,1.2774376225933892,36.243156811035036,true,67,false
1735,ok,0.0011557072549998424,0.1,1.25,0.09761802782827096,1.2830344236367177,36.82539711396907,true,70,false
1736,ok,0.001214605560116804,0.1,1.25,0.09803081775579697,1.2768885463614543,43.01158509110015,true,69,false
1737,ok,0.0012588844758184817,0.1,1.25,0.0979851099146127,1.2737128681297452,44.34851100953011,true,72,false
1738,ok,0.0010057163775631596,0.1,1.25,0.09791358716820386,1.2775277644205152,34.18258596949889,true,71,false
1739,ok,0.0014270408820395964,0.1,1.25,0.09746118015869308,1.2896228171744255,41.538574931477484,true,70,false
1740,ok,0.0013837250672472374,0.1,1.25,0.0977119462431975,1.2871935653333586,49.362503292355875,true,71,false
1741,ok,0.0012803346398982918,0.1,1.25,0.0975030447545856,1.3028808103389964,32.11921022074347,true,71,false
1742,ok,0.0012581664103167626,0.1,1.25,0.09729122361225948,1.309076105639075,28.28390039383787,true,72,false
1743,ok,0.0013547260667933648,0.1,1.25,0.09777616065026762,1.2855739938828332,38.30241498447593,true,74,false
1744,ok,0.0013284470651622686,0.1,1.25,0.09742619527301244,1.2914893538997625,39.036274905642266,true,75,false
1745,ok,0.0012457582350708842,0.1,1.25,0.09738464723904217,1.2935756586253038,37.232414308869224,true,72,false
1746,ok,0.001313077621279933,0.1,1.25,0.09762735888264973,1.264251932657081,37.921722965954295,true,69,false
1747,ok,0.0011770799819683562,0.1,1.25,0.09763994726156891,1.294255062507003,37.52534695005502,true,72,false
1748,ok,0.001428300379930154,0.1,1.25,0.09761919601339483,1.282728908451655,41.2490780875944,true,69,false
1749,ok,0.0012879493702187554,0.1,1.25,0.0976397661993777,1.2955889951588615,34.157944498571055,true,73,false
1750,ok,0.001298867978160743,0.1,1.25,0.09759595480103406,1.2858366839915687,38.205367189797556,true,71,false
1751,ok,0.001194327642867944,0.1,1.25,0.09777396778156514,1.2748883282271617,44.62080629019052,true,70,false
1752,ok,0.0014880063719497148,0.1,1.25,0.0975652180516107,1.3140220572551484,40.97124221235786,true,72,false
1753,ok,0.00134527384884828,0.1,1.25,0.09756475396586026,1.3049852742433816,44.56782376605172,true,71,false
1754,ok,0.0010820225688525156,0.1,1.25,0.09745079852578056,1.2981384995400609,37.945466197609136,true,69,false
1755,ok,0.0012499970370335202,0.1,1.25,0.09776339163620518,1.2948217220393599,39.08374399824517,true,72,false
1756,ok,0.0012547972144465167,0.1,1.25,0.09782580874880778,1.2850609747338682,34.76735099366402,true,71,false
1757,ok,0.0012803071583620416,0.1,1.25,0.097746926305743,1.2797654133139744,46.54556158670575,true,75,false
1758,ok,0.001235612508679377,0.1,1.25,0.09787166601557509,1.2865122573027197,33.910379955003144,true,76,false
1759,ok,0.0012356120091019855,0.1,1.25,0.09763676027400923,1.2938857970372595,36.501672862070464,true,75,false
1760,ok,0.001203930804787413,0.1,1.25,0.09797901372762205,1.295479457220662,52.40776643073129,true,71,false
1761,ok,0.0013166390058041496,0.1,1.25,0.09752954391116388,1.2874088385605742,39.52465892353449,true,72,false
1762,ok,0.0011759907826967221,0.1,1.25,0.09783886822297815,1.2789652292434235,33.14970178537297,true,72,false
1763,ok,0.0012406106620591348,0.1,1.25,0.09723919913659035,1.3189058562824458,31.732811543440445,true,69,false
1764,ok,0.0012304641300373835,0.1,1.25,0.09786082293106202,1.296100890122278,37.76699057926822,true,69,false
1765,ok,0.0011922134202843851,0.1,1.25,0.09759143198123224,1.283826429309878,42.85853170536786,true,71,false
1766,ok,0.0011062839588147646,0.1,1.25,0.09751873545199803,1.2912500810467271,36.31437816005834,true,70,false
1767,ok,0.0012287999766911152,0.1,1.25,0.09759179616606271,1.305313441494601,38.0235060199565,true,72,false
1768,ok,0.001158503717817733,0.1,1.25,0.09759350537355216,1.2900565789608847,31.931605279972494,true,70,false
1769,ok,0.0011640139153213482,0.1,1.25,0.09773957024150765,1.2884044750737,34.24104783176059,true,72,false
1770,ok,0.0010669154802397964,0.1,1.25,0.09734041585726688,1.3102387320867868,34.32568107069231,true,74,false
1771,ok,0.0013530874617009394,0.1,1.25,0.09795423417122469,1.2923328508626357,40.31889688690344,true,72,false
1772,ok,0.0013235371612780526,0.1,1.25,0.09740163335798704,1.295370396684678,40.055673020158935,true,73,false
1773,ok,0.0013176100698978842,0.1,1.25,0.09738591469839357,1.300940935938824,36.45992132750058,true,73,false
1774,ok,0.0013008572672009815,0.1,1.25,0.09776705002549615,1.2834018323083591,42.07675023982363,true,69,false
1775,ok,0.001304038835292339,0.1,1.25,0.09779251347800981,1.2861011239184699,46.103435893032405,true,81,false
1776,ok,0.001308320948278242,0.1,1.25,0.09753388938041532,1.2902564762794235,47.16979847807572,true,75,false
1777,ok,0.0013213339686809196,0.1,1.25,0.09733858867684742,1.3089170553620884,38.97976036317549,true,70,false
1778,ok,0.0011961445265498108,0.1,1.25,0.09777858827859542,1.2837015225553106,37.91980205203418,true,73,false
1779,ok,0.001378173330316267,0.1,1.25,0.09800737839392742,1.2658696954618562,40.25819517866869,true,71,false
1780,ok,0.0012163977379090016,0.1,1.25,0.09730371043402694,1.2951180260476436,40.50012906946708,true,72,false
1781,ok,0.0012128626478167817,0.1,1.25,0.09760653837457889,1.2937779085414962,27.39710865380037,true,71,false
1782,ok,0.0011531117320826593,0.1,1.25,0.09791857778246235,1.2890046074079438,35.15267465534054,true,77,false
1783,ok,0.0012301620890891201,0.1,1.25,0.09771847531623308,1.278352859769376,45.14687925658628,true,73,false
1784,ok,0.0011623916383851204,0.1,1.25,0.09749971787796621,1.295809911629178,44.968761165138986,true,69,false
1785,ok,0.0011507002698839868,0.1,1.25,0.0975123471699361,1.288912051368358,33.01179609534632,true,73,false
1786,ok,0.0013051266434930904,0.1,1.25,0.09783779106813292,1.2813093172366277,41.55902733209583,true,68,false
1787,ok,0.0011780581427307912,0.1,1.25,0.09752996640838373,1.2917892475519015,31.292411127218138,true,68,false
1788,ok,0.001173560058061168,0.1,1.25,0.09761495640501773,1.290993725566855,35.31046715270087,true,72,false
1789,ok,0.0010949463034356619,0.1,1.25,0.09749934154024639,1.2946930366584533,40.602412943960545,true,64,false
1790,ok,0.0011152157516998832,0.1,1.25,0.09779991920291645,1.2736726603962782,30.203211720603104,true,71,false
1791,ok,0.001160094717290986,0.1,1.25,0.09806101467357012,1.2769586254164433,30.039795704348236,true,73,false
1792,ok,0.0012465904116112062,0.1,1.25,0.09779462920403789,1.2840534274691129,37.93558514918578,true,69,false
1793,ok,0.0011363462131099744,0.1,1.25,0.09765888504961248,1.296089674406084,42.15637379536203,true,71,false
1794,ok,0.0011077538167474402,0.1,1.25,0.09767854657490421,1.2806566908478245,34.1187609244191,true,70,false
1795,ok,0.0012905315203195367,0.1,1.25,0.09778118740117683,1.27228686636412,35.69464424324633,true,72,false
1796,ok,0.0010570796015204453,0.1,1.25,0.09759488843104656,1.2961392993604912,36.017754407037806,true,70,false
1797,ok,0.0014419778084284217,0.1,1.25,0.09736837278365403,1.3226581889491735,34.31999338347092,true,69,false
1798,ok,0.0012196989104278052,0.1,1.25,0.0978140341181087,1.3025026465588292,44.99878442253873,true,74,false
1799,ok,0.0013462398480193047,0.1,1.25,0.09804791614148144,1.2665387976061704,46.186967699540574,true,73,false
1800,ok,0.0011871076999826204,0.1,1.25,0.09729648618742845,1.3141333632980041,34.94084778294334,true,67,false
1801,ok,0.0011892517618596863,0.1,1.25,0.0970747402579843,1.323435757415074,36.666808305627846,true,70,false
1802,ok,0.0012094693255236735,0.1,1.25,0.09755489077585236,1.2966498889500058,34.0569765278464,true,71,false
1803,ok,0.0011072304454174267,0.1,1.25,0.09782477704120035,1.2924941498346527,39.371469592175636,true,74,false
1804,ok,0.0013617830540947956,0.1,1.25,0.09776044133975839,1.2947809586519796,35.41553091003259,true,73,false
1805,ok,0.0012661748557889385,0.1,1.25,0.09796087243634315,1.2669313973399432,33.702339268850146,true,73,false
1806,ok,0.001309334955117052,0.1,1.25,0.0978970793346094,1.2841977662716175,32.97702170461016,true,69,false
1807,ok,0.0011231613232410842,0.1,1.25,0.09783824476152798,1.2774709665129556,35.61591640124215,true,75,false
1808,ok,0.0013342131356563793,0.1,1.25,0.09789030004295951,1.276316993096862,45.95066490255896,true,72,false
1809,ok,0.0014136988521055278,0.1,1.25,0.09756727371405353,1.2902672010597784,45.17410702092021,true,66,false
1810,ok,0.0012151568511264395,0.1,1.25,0.09806549714007622,1.2737550872651604,44.35449059505514,true,74,false
1811,ok,0.0011963256503680006,0.1,1.25,0.09767558727901522,1.2879773595481536,33.75022740163247,true,71,false
1812,ok,0.0011059000021768856,0.1,1.25,0.09777557432645685,1.2852492367328134,31.307590249101292,true,69,false
1813,ok,0.001179574101838622,0.1,1.25,0.0979061577264515,1.280313579692869,35.89067100396474,true,71,false
1814,ok,0.0013380656759241628,0.1,1.25,0.09787812057670459,1.2656764721741574,38.52442117798836,true,72,false
1815,ok,0.0013134184029602093,0.1,1.25,0.09758106375225563,1.3023061956531075,38.139020402829445,true,70,false
1816,ok,0.0011116193282163522,0.1,1.25,0.09768262486124107,1.2824191344230034,30.965309763314437,true,68,false
1817,ok,0.0012454762587505016,0.1,1.25,0.09785494323594823,1.28437401315276,34.41182973853597,true,76,false
1818,ok,0.000994289249218324,0.1,1.25,0.09754000156314394,1.2960990298536397,36.8779342360962,true,72,false
1819,ok,0.001506583085193979,0.1,1.25,0.09748940171483969,1.2943315914421594,42.35833057785988,true,73,false
1820,ok,0.0011679374031932492,0.1,1.25,0.09768428281463398,1.2947168472180473,39.036585279015256,true,72,false
1821,ok,0.0013227543280389098,0.1,1.25,0.09815515146132275,1.2787777877080988,41.01380315795236,true,70,false
1822,ok,0.0011832462148421458,0.1,1.25,0.09743131883237022,1.2943581040651924,40.84373600186852,true,72,false
1823,ok,0.001075063592721413,0.1,1.25,0.0976242809399926,1.2949291232141509,27.939552687313316,true,73,false
1824,ok,0.0013940853898072795,0.1,1.25,0.09809158137934484,1.266027451741571,48.71538302346282,true,62,false
1825,ok,0.0011042700510649757,0.1,1.25,0.09758540956013274,1.2919606431934159,37.29568545631201,true,70,false
1826,ok,0.0013127682559489348,0.1,1.25,0.09724941109451454,1.3055584357772543,40.68794700177435,true,72,false
1827,ok,0.0012632864253971153,0.1,1.25,0.09736693851618647,1.2927880204629878,36.44833357242992,true,73,false
1828,ok,0.0013302821570192937,0.1,1.25,0.09754524646562568,1.2961522632270235,42.29061568168815,true,72,false
1829,ok,0.001195109892152601,0.1,1.25,0.09761258689502313,1.2860535039082022,44.37479592619706,true,71,false
1830,ok,0.0013024814872739465,0.1,1.25,0.09782437297992827,1.283417346734664,32.25386130553057,true,66,false
1831,ok,0.001130720845137999,0.1,1.25,0.09748990993798035,1.2924910518296395,36.25612494654364,true,69,false
1832,ok,0.0013750865292638745,0.1,1.25,0.0977941796853399,1.2999836240346445,47.59691343006758,true,72,false
1833,ok,0.0012827131738700369,0.1,1.25,0.0975731253138194,1.2938783022404974,35.185720610049835,true,71,false
1834,ok,0.0012505332196040837,0.1,1.25,0.09782173927558681,1.2742555312547117,42.274280120545086,true,67,false
1835,ok,0.0012848437480060106,0.1,1.25,0.097642130635762,1.2811986974424354,40.4624203250098,true,72,false
1836,ok,0.0011062013747421824,0.1,1.25,0.0976443691922802,1.293690513746398,28.82879186269281,true,71,false
1837,ok,0.0010935280991834094,0.1,1.25,0.09740316428750491,1.2963981070529322,32.49051516953759,true,70,false
1838,ok,0.0011158161492881948,0.1,1.25,0.09751365409477454,1.2894735836659046,34.12637211525466,true,73,false
1839,ok,0.0013054505867967133,0.1,1.25,0.097666808386631,1.293167763365263,34.29245861727578,true,72,false
1840,ok,0.001368023716493592,0.1,1.25,0.09736202057282307,1.3026071288113874,37.75616924294706,true,73,false
1841,ok,0.0012146802658099347,0.1,1.25,0.09773317462714202,1.288843825286897,31.517111298819295,true,73,false
1842,ok,0.001181355154049792,0.1,1.25,0.09774544369490798,1.2892630864164627,34.61774959811405,true,68,false
1843,ok,0.0011773542215335788,0.1,1.25,0.09775321595567335,1.2924705181660099,37.744022796262755,true,68,false
1844,ok,0.00105672741968124,0.1,1.25,0.09738419265448309,1.3053030766133704,28.58242729404793,true,72,false
1845,ok,0.0011610850608454505,0.1,1.25,0.09756026927442285,1.3031275854012185,44.14705477616718,true,70,false
1846,ok,0.001391949960076868,0.1,1.25,0.09776311130161715,1.2947342735450191,43.01919900296975,true,69,false
1847,ok,0.0013784124882103611,0.1,1.25,0.09812400279067697,1.2869162379310892,40.254413925821375,true,70,false
1848,ok,0.0012489397973016684,0.1,1.25,0.09761218010965893,1.2855871286387055,34.158357929800616,true,72,false
1849,ok,0.0012305609480694425,0.1,1.25,0.09786265722135966,1.2899034756309449,34.705276993092355,true,70,false
1850,ok,0.0012777217379015468,0.1,1.25,0.09766411662510774,1.2935981849327163,38.70509590238411,true,71,false
1851,ok,0.0012925799638563791,0.1,1.25,0.0979214241641112,1.2885629516376411,42.82738447862871,true,73,false
1852,ok,0.0010996901920625165,0.1,1.25,0.09781793959000645,1.2817347334468672,38.63135780650259,true,68,false
1853,ok,0.0012820951217575648,0.1,1.25,0.09773085031980419,1.2896010477586328,45.4400590389021,true,73,false
1854,ok,0.0012769949292705616,0.1,1.25,0.09746656289991645,1.3084547768926358,34.54400941906415,true,69,false
1855,ok,0.0013558164594092076,0.1,1.25,0.09790417425636175,1.289796477197545,39.926758376630836,true,76,false
1856,ok,0.0010340511246524824,0.1,1.25,0.0974958454275682,1.2904563549347883,35.42417488775821,true,70,false
1857,ok,0.0012951123694037946,0.1,1.25,0.09785501782291153,1.2683714924551672,31.98999701721802,true,70,false
1858,ok,0.0014045050971432083,0.1,1.25,0.09809538195636872,1.2625556973208887,33.42297869432696,true,70,false
1859,ok,0.0012289049627238803,0.1,1.25,0.097970639023887,1.276565986982299,38.289582340810064,true,72,false
1860,ok,0.0013827749877209584,0.1,1.25,0.09743148506090872,1.29730062533514,44.38841116645405,true,69,false
1861,ok,0.0013661304277699815,0.1,1.25,0.09763645068197167,1.2827078539145447,42.34661160375254,true,73,false
1862,ok,0.0012606896016089345,0.1,1.25,0.09787528552798516,1.2802810495743642,41.529261934007806,true,78,false
1863,ok,0.001329118337679357,0.1,1.25,0.09775974917080948,1.2716304077849392,47.07733630288125,true,73,false
1864,ok,0.0010880489958103763,0.1,1.25,0.09773410240027301,1.2768669050374655,30.234800834786462,true,70,false
1865,ok,0.0012251893277730208,0.1,1.25,0.09737710005200506,1.3096035316396486,37.50826792364238,true,70,false
1866,ok,0.0013034853562944582,0.1,1.25,0.0975262746404716,1.2949890633508585,46.61815571543686,true,72,false
1867,ok,0.0012829494375302768,0.1,1.25,0.09746934741397026,1.2977280802453257,42.27659524024897,true,73,false
1868,ok,0.0012642833328328758,0.1,1.25,0.09776205699270674,1.2916777153445995,38.491050795586496,true,73,false
1869,ok,0.0011243895463102919,0.1,1.25,0.09767274018568979,1.2727830611379158,33.79463498787137,true,74,false
1870,ok,0.0012475551399278798,0.1,1.25,0.09731742633175774,1.3060256373466195,37.593613015755906,true,69,false
1871,ok,0.00129162544737098,0.1,1.25,0.09734044216338646,1.2911179693977841,36.57166837091692,true,71,false
1872,ok,0.0012212253510407998,0.1,1.25,0.09790032987213874,1.2757651321004315,33.64206052609763,true,75,false
1873,ok,0.0012129608707926467,0.1,1.25,0.09793269031324782,1.2898401732273408,39.265027952631335,true,72,false
1874,ok,0.0011177971060842694,0.1,1.25,0.09782558704595119,1.3008937419654134,33.05716458746575,true,70,false
1875,ok,0.0013641050971422276,0.1,1.25,0.09751027972198309,1.3104139624345328,45.2245629954659,true,68,false
1876,ok,0.001199039739248162,0.1,1.25,0.09772079652186795,1.2889130278169394,38.70285057512212,true,77,false
1877,ok,0.0012894055477880818,0.1,1.25,0.09743105091243325,1.2980108923612181,36.857387286255715,true,65,false
1878,ok,0.0012880691837872035,0.1,1.25,0.09758387330288919,1.295788205290923,40.05094656372468,true,73,false
1879,ok,0.0012550116816139967,0.1,1.25,0.09756770067443334,1.287687675625432,34.69519786686741,true,68,false
1880,ok,0.0012745887741581075,0.1,1.25,0.09769646901347467,1.2886406809677975,37.54843158531656,true,70,false
1881,ok,0.001153613753107165,0.1,1.25,0.09762585401892332,1.2760303883289834,28.072872270362797,true,72,false
1882,ok,0.0012119614751649403,0.1,1.25,0.09754438658050074,1.3039803952699798,34.14174107295096,true,74,false
1883,ok,0.0012413786640885645,0.1,1.25,0.09757761227789966,1.2926107333114076,41.75706107350333,true,69,false
1884,ok,0.0013627119837358388,0.1,1.25,0.09756194160211504,1.2807220730095052,38.35513346132039,true,73,false
1885,ok,0.001191457246555814,0.1,1.25,0.09757821219387014,1.3034635654281375,38.33289035055864,true,70,false
1886,ok,0.0013551442909825924,0.1,1.25,0.09776647500575164,1.2879257128713397,35.97509941075097,true,77,false
1887,ok,0.0010051871639490389,0.1,1.25,0.09737148891512509,1.291699814791436,34.14973842193085,true,69,false
1888,ok,0.0012026575510864271,0.1,1.25,0.09753609564946183,1.2898416551843699,40.097284510761725,true,70,false
1889,ok,0.0010771447167120841,0.1,1.25,0.09756230713928485,1.2846408355736463,30.723167954901058,true,74,false
1890,ok,0.0011283561735201313,0.1,1.25,0.09772957672436045,1.2843903080921442,26.213658675200435,true,69,false
1891,ok,0.0012752022352320318,0.1,1.25,0.09750267233221362,1.3009692898382703,30.614749253216672,true,75,false
1892,ok,0.0013423436295349476,0.1,1.25,0.09760793369530903,1.2984052397956243,45.500389429313934,true,73,false
1893,ok,0.0011605197856303436,0.1,1.25,0.09804139594520275,1.2821484907492005,36.05137053595841,true,68,false
1894,ok,0.0011913023271058918,0.1,1.25,0.09755787339617362,1.292268339057367,44.85593901943998,true,74,false
1895,ok,0.0011786139589354551,0.1,1.25,0.09764749486854857,1.2989606574302004,35.73718886372562,true,68,false
1896,ok,0.0010293315582406524,0.1,1.25,0.09764370963572806,1.288816288612811,33.2533088223405,true,70,false
1897,ok,0.0012829383711611057,0.1,1.25,0.0972952799650491,1.295677749029004,37.42974219627366,true,76,false
1898,ok,0.0011847768972664558,0.1,1.25,0.0978165342787498,1.2863675793492317,30.1492582391546,true,72,false
1899,ok,0.001307220687537463,0.1,1.25,0.09771834495240136,1.2808433000349824,40.035102014137514,true,71,false
1900,ok,0.0011324588129212347,0.1,1.25,0.09726000026607991,1.3029422875418502,34.594463798989885,true,72,false
1901,ok,0.0014501660185928633,0.1,1.25,0.09791061383323621,1.2707809019141048,37.46511701703213,true,75,false
1902,ok,0.001354300876540203,0.1,1.25,0.09798614972851444,1.2806684672292736,41.714941368701226,true,74,false
1903,ok,0.0012141536705880633,0.1,1.25,0.09781865902151496,1.2863896367966714,44.58239363455804,true,73,false
1904,ok,0.0014083270874286264,0.1,1.25,0.09749174573839774,1.2855068002564636,41.09967016263622,true,71,false
1905,ok,0.0013573821936923457,0.1,1.25,0.09780182325909424,1.280907654368138,39.291287292865896,true,72,false
1906,ok,0.0013906397852591513,0.1,1.25,0.09776297143901536,1.2890271830676843,41.90155177409341,true,73,false
1907,ok,0.001224145456539133,0.1,1.25,0.0977421295078991,1.2938568959101127,37.580185862869534,true,61,false
1908,ok,0.00115316205107928,0.1,1.25,0.09767707494371056,1.2978654841353385,40.08917222852716,true,68,false
1909,ok,0.0012472121999102495,0.1,1.25,0.09755503742232673,1.288230032232793,33.475183150000895,true,69,false
1910,ok,0.0012564519907017043,0.1,1.25,0.09783256075902805,1.278292852759466,36.83834819613599,true,72,false
1911,ok,0.0012062788408884883,0.1,1.25,0.09757435905018472,1.2930120064889195,34.99468334768891,true,66,false
1912,ok,0.0013241866825981898,0.1,1.25,0.09749510642156067,1.2831175950665212,42.938747507044205,true,74,false
1913,ok,0.0012219590625783248,0.1,1.25,0.09758413562604085,1.2944817606586403,31.61109591726357,true,72,false
1914,ok,0.0010646328991143169,0.1,1.25,0.09781267985875988,1.2818409369736101,30.66671598360329,true,69,false
1915,ok,0.0014269396588936262,0.1,1.25,0.09744769057378458,1.27985741525187,34.61543119402785,true,74,false
1916,ok,0.0012532614242570731,0.1,1.25,0.09775853695715711,1.2809026186851773,32.63413772531553,true,72,false
1917,ok,0.0012014333003994302,0.1,1.25,0.09777185405446284,1.289475667877367,34.89079891207033,true,75,false
1918,ok,0.0012042471138064335,0.1,1.25,0.09758399993489286,1.2755595772694626,33.9864318749951,true,72,false
1919,ok,0.0012651418697589981,0.1,1.25,0.09764100414861185,1.2899412038230347,30.26291109904422,true,69,false
1920,ok,0.0012250245651354134,0.1,1.25,0.09756023284569457,1.3063859252874988,32.502244712159666,true,70,false
1921,ok,0.0012656448119924687,0.1,1.25,0.09733527579832066,1.2873452625297594,34.29112501205412,true,70,false
1922,ok,0.0012372844618381883,0.1,1.25,0.09776342019472256,1.2959586537575132,35.62507466736569,true,71,false
1923,ok,0.0012246032363258475,0.1,1.25,0.0975553901823249,1.2878704812052382,38.804421415280366,true,70,false
1924,ok,0.0012769958960460821,0.1,1.25,0.09770391317874608,1.2954898319347687,42.81011201364068,true,69,false
1925,ok,0.0011209349052145674,0.1,1.25,0.09790329950971012,1.2865395088913762,37.40813168059079,true,70,false
1926,ok,0.001060607210196566,0.1,1.25,0.09793428904681634,1.2790168291702866,33.08376052958114,true,72,false
1927,ok,0.0011362234391631238,0.1,1.25,0.09765450715202215,1.2981044338590946,39.32656196429187,true,71,false
1928,ok,0.0010175739728017074,0.1,1.25,0.09757306759835117,1.2978292398628355,30.57928338246082,true,72,false
1929,ok,0.0012858085797285831,0.1,1.25,0.09758882463475774,1.2822853884423158,29.79953764397009,true,69,false
1930,ok,0.0012450801947497107,0.1,1.25,0.09761341460680235,1.2900815704054902,36.8974918138139,true,73,false
1931,ok,0.001374752053963368,0.1,1.25,0.09775087434725195,1.291017886124416,34.13754892071967,true,74,false
1932,ok,0.0012574724796340466,0.1,1.25,0.09738771307510827,1.289595895395355,36.2502909584658,true,68,false
1933,ok,0.0011843349959855414,0.1,1.25,0.09742304299706622,1.2992963016227825,38.352673206787074,true,71,false
1934,ok,0.001306533912379459,0.1,1.25,0.09784628013647446,1.2849182679853128,46.69495207220005,true,69,false
1935,ok,0.0012339082743986949,0.1,1.25,0.09777802887195156,1.2909858169735944,45.99909727818189,true,74,false
1936,ok,0.0011360501206122938,0.1,1.25,0.0977163518885823,1.2781690506964916,31.238696353113188,true,75,false
1937,ok,0.0011626704043433162,0.1,1.25,0.09763419078382313,1.3039850767850532,33.73285519198656,true,70,false
1938,ok,0.001292950019562396,0.1,1.25,0.09769706179227615,1.2835774158991413,49.555948721604125,true,72,false
1939,ok,0.0012421173678664559,0.1,1.25,0.0976983510285242,1.2855028594946485,45.99552551064018,true,67,false
1940,ok,0.0014574593148081458,0.1,1.25,0.09743998884939656,1.2991150370212952,42.95128860756454,true,74,false
1941,ok,0.0013108766268662302,0.1,1.25,0.09758104255563305,1.2924080092000094,46.69916579065798,true,72,false
1942,ok,0.0012399532050111014,0.1,1.25,0.097615487294264,1.288812184636655,35.68536399823048,true,70,false
1943,ok,0.0012752283746088177,0.1,1.25,0.09764624335469392,1.2848468053184339,36.95450072995189,true,77,false
1944,ok,0.001419095521367554,0.1,1.25,0.09764035061859747,1.2866479132453212,38.935409473912614,true,74,false
1945,ok,0.0011175811622969503,0.1,1.25,0.09785035270119405,1.2793917134131123,32.61733755701246,true,71,false
1946,ok,0.0011198803948482363,0.1,1.25,0.09741452822117318,1.304505721917515,40.09600875617781,true,72,false
1947,ok,0.001149743395955458,0.1,1.25,0.09758575569047315,1.2990387691740273,38.329546844224765,true,73,false
1948,ok,0.001655038696351152,0.1,1.25,0.09734526246308625,1.2962281756512763,43.53707886708803,true,74,false
1949,ok,0.0013483945643744727,0.1,1.25,0.09744813179113898,1.3026259594110037,31.869279951679786,true,73,false
1950,ok,0.0011238755697568516,0.1,1.25,0.09777824083498284,1.2943967805264114,38.795936345090254,true,71,false
1951,ok,0.001312862295675898,0.1,1.25,0.09741722527592375,1.301333123342039,40.36431885051752,true,66,false
1952,ok,0.0012183149666751489,0.1,1.25,0.09768931951707446,1.2939360461139504,38.35717941059053,true,68,false
1953,ok,0.001371415867445569,0.1,1.25,0.0979102805609488,1.288225391969002,40.696553422266284,true,73,false
1954,ok,0.0011514639099001126,0.1,1.25,0.09770200399008194,1.3013337474389177,32.03537667693871,true,70,false
1955,ok,0.0015003670332848194,0.1,1.25,0.0976351397077326,1.287137355369827,37.783545851864474,true,73,false
1956,ok,0.0014153113342439813,0.1,1.25,0.0976496002944705,1.2836345642645326,38.53185152438489,true,71,false
1957,ok,0.0012386686401132496,0.1,1.25,0.0978192854069104,1.2757070455652166,40.42708172479776,true,70,false
1958,ok,0.0012282146030360903,0.1,1.25,0.09749203215498066,1.298251599623881,39.329723652773254,true,66,false
1959,ok,0.0011288331132327917,0.1,1.25,0.09785481293204253,1.2952225088898568,30.189092002975094,true,70,false
1960,ok,0.0013774202044957377,0.1,1.25,0.09760963173728199,1.2896209515624035,43.12170501868555,true,72,false
1961,ok,0.0013915986898457027,0.1,1.25,0.09759790908029986,1.298851322434535,48.203286068531185,true,67,false
1962,ok,0.0012399681397738884,0.1,1.25,0.09795495747031494,1.2899229243629609,40.92661669562761,true,73,false
1963,ok,0.001368899260422473,0.1,1.25,0.09753030002311608,1.2749148977263352,33.013676526604435,true,73,false
1964,ok,0.0010870767233590994,0.1,1.25,0.09738003381704519,1.2949694845925082,39.28882503964954,true,75,false
1965,ok,0.001352411198335285,0.1,1.25,0.09821775848385608,1.2680448596189933,40.223676319827966,true,74,false
1966,ok,0.0014177895332149275,0.1,1.25,0.09794232779818231,1.273852371388861,45.30499130124261,true,71,false
1967,ok,0.001315052925752747,0.1,1.25,0.09768936253528361,1.2790735763141559,44.03587688044705,true,70,false
1968,ok,0.001183793337819857,0.1,1.25,0.09783677436572723,1.2735257756580183,36.012472110962605,true,71,false
1969,ok,0.001174686193977343,0.1,1.25,0.09785225003547493,1.275279608536768,34.23392357950777,true,72,false
1970,ok,0.0011488287110824752,0.1,1.25,0.09771720054872884,1.2908180322279728,34.15004831481458,true,73,false
1971,ok,0.001148206868271402,0.1,1.25,0.09702483109192445,1.3133947587493184,28.225132984224864,true,72,false
1972,ok,0.0013772037334602264,0.1,1.25,0.0975157920888366,1.2831914144538026,48.61938684403258,true,71,false
1973,ok,0.001029535434007281,0.1,1.25,0.09780580531221536,1.2910408005627572,28.616473506623816,true,72,false
1974,ok,0.0013905683179598221,0.1,1.25,0.0973727519185453,1.2819820503915031,43.36168785942796,true,74,false
1975,ok,0.0012017836538317876,0.1,1.25,0.09733715959114195,1.3110078260052367,40.05689503570204,true,69,false
1976,ok,0.0010469679915396687,0.1,1.25,0.09762381764585079,1.282265027803502,33.455969216308795,true,74,false
1977,ok,0.0010607480472539534,0.1,1.25,0.09760784750277009,1.2857163547055566,39.202894879738935,true,77,false
1978,ok,0.0014003566565100837,0.1,1.25,0.09739946974933095,1.311329723586412,37.755049644597044,true,70,false
1979,ok,0.001133626868305091,0.1,1.25,0.09736660481071574,1.3016646889644063,37.38461632088018,true,71,false
1980,ok,0.0013017950569772414,0.1,1.25,0.09746333084841938,1.2957160000043666,42.492694745679586,true,73,false
1981,ok,0.0011639640654586576,0.1,1.25,0.09752947058678316,1.2939119369523513,42.86402354664347,true,70,false
1982,ok,0.0011623677410493092,0.1,1.25,0.09785960300410161,1.2844063925975044,33.73496306392776,true,74,false
1983,ok,0.0013130207373800767,0.1,1.25,0.09718381341677194,1.3178667228039789,42.79186829488316,true,74,false
1984,ok,0.0012616572483625072,0.1,1.25,0.09797180048054449,1.2738830537501618,37.503237796242665,true,74,false
1985,ok,0.0010870772911973723,0.1,1.25,0.09740634604980924,1.2886471577429761,42.08322507244504,true,72,false
1986,ok,0.0012076162623271586,0.1,1.25,0.09777535159596636,1.2939399307503723,34.577348206820524,true,69,false
1987,ok,0.0013937519307410501,0.1,1.25,0.0981013101301377,1.2697811442401907,43.48098659298047,true,74,false
1988,ok,0.0011970772018380716,0.1,1.25,0.09778652149538848,1.293701465149513,39.783596657109655,true,72,false
1989,ok,0.0012986227272207692,0.1,1.25,0.09768227809168288,1.291205927522133,42.248892439443246,true,73,false
1990,ok,0.0012458152172595929,0.1,1.25,0.09779452289515699,1.2916592154486115,34.03285644527531,true,73,false
1991,ok,0.001378782787573395,0.1,1.25,0.09782894851128446,1.2799133530964435,28.719757424370044,true,70,false
1992,ok,0.0012432340343626143,0.1,1.25,0.0975199523651783,1.301959745087954,45.17772112052637,true,73,false
1993,ok,0.0011109149826901519,0.1,1.25,0.09774329451727475,1.2874215944027696,44.03941062231182,true,71,false
1994,ok,0.0012563625725005617,0.1,1.25,0.09800209111448399,1.2955002831876317,35.973328874517456,true,72,false
1995,ok,0.0011983908964694101,0.1,1.25,0.09756922404500168,1.2903529685134556,43.56267893488297,true,72,false
1996,ok,0.0011226885719689188,0.1,1.25,0.09807045842239728,1.2734174695978715,39.97298736011459,true,75,false
1997,ok,0.0012428561292541695,0.1,1.25,0.09763224383652568,1.291306650247786,33.79429925837708,true,66,false
1998,ok,0.0012447777331468807,0.1,1.25,0.09754104238469469,1.2930591812740146,34.85023491933173,true,69,false
1999,ok,0.0013517008033319998,0.1,1.25,0.09814407129873692,1.2825962901476655,41.30931644857965,true,73,false
2000,ok,0.0012275409525239745,0.1,1.25,0.09753351686338468,1.297775950066104,34.163659212348094,true,70,false
