d,p,batch,batch_shots,failure_count,failure_rate
7,0.0,1,1000,0,0.0
7,0.0,2,1000,0,0.0
7,0.0,3,1000,0,0.0
7,0.0,4,1000,0,0.0
7,0.0,5,1000,0,0.0
7,0.0,6,1000,0,0.0
7,0.0,7,1000,0,0.0
7,0.0,8,1000,0,0.0
7,0.0,9,1000,0,0.0
7,0.0,10,1000,0,0.0
7,0.0,11,1000,0,0.0
7,0.0,12,1000,0,0.0
7,0.0,13,1000,0,0.0
7,0.0,14,1000,0,0.0
7,0.0,15,1000,0,0.0
7,0.0,16,1000,0,0.0
7,0.0,17,1000,0,0.0
7,0.0,18,1000,0,0.0
7,0.0,19,1000,0,0.0
7,0.0,20,1000,0,0.0
7,0.0,21,1000,0,0.0
7,0.0,22,1000,0,0.0
7,0.0,23,1000,0,0.0
7,0.0,24,1000,0,0.0
7,0.0,25,1000,0,0.0
7,0.0,26,1000,0,0.0
7,0.0,27,1000,0,0.0
7,0.0,28,1000,0,0.0
7,0.0,29,1000,0,0.0
7,0.0,30,1000,0,0.0
7,0.0,31,1000,0,0.0
7,0.0,32,1000,0,0.0
7,0.0,33,1000,0,0.0
7,0.0,34,1000,0,0.0
7,0.0,35,1000,0,0.0
7,0.0,36,1000,0,0.0
7,0.0,37,1000,0,0.0
7,0.0,38,1000,0,0.0
7,0.0,39,1000,0,0.0
7,0.0,40,1000,0,0.0
7,0.0,41,1000,0,0.0
7,0.0,42,1000,0,0.0
7,0.0,43,1000,0,0.0
7,0.0,44,1000,0,0.0
7,0.0,45,1000,0,0.0
7,0.0,46,1000,0,0.0
7,0.0,47,1000,0,0.0
7,0.0,48,1000,0,0.0
7,0.0,49,1000,0,0.0
7,0.0,50,1000,0,0.0
7,0.0,51,1000,0,0.0
7,0.0,52,1000,0,0.0
7,0.0,53,1000,0,0.0
7,0.0,54,1000,0,0.0
7,0.0,55,1000,0,0.0
7,0.0,56,1000,0,0.0
7,0.0,57,1000,0,0.0
7,0.0,58,1000,0,0.0
7,0.0,59,1000,0,0.0
7,0.0,60,1000,0,0.0
7,0.0,61,1000,0,0.0
7,0.0,62,1000,0,0.0
7,0.0,63,1000,0,0.0
7,0.0,64,1000,0,0.0
7,0.0,65,1000,0,0.0
7,0.0,66,1000,0,0.0
7,0.0,67,1000,0,0.0
7,0.0,68,1000,0,0.0
7,0.0,69,1000,0,0.0
7,0.0,70,1000,0,0.0
7,0.0,71,1000,0,0.0
7,0.0,72,1000,0,0.0
7,0.0,73,1000,0,0.0
7,0.0,74,1000,0,0.0
7,0.0,75,1000,0,0.0
7,0.0,76,1000,0,0.0
7,0.0,77,1000,0,0.0
7,0.0,78,1000,0,0.0
7,0.0,79,1000,0,0.0
7,0.0,80,1000,0,0.0
7,0.0,81,1000,0,0.0
7,0.0,82,1000,0,0.0
7,0.0,83,1000,0,0.0
7,0.0,84,1000,0,0.0
7,0.0,85,1000,0,0.0
7,0.0,86,1000,0,0.0
7,0.0,87,1000,0,0.0
7,0.0,88,1000,0,0.0
7,0.0,89,1000,0,0.0
7,0.0,90,1000,0,0.0
7,0.0,91,1000,0,0.0
7,0.0,92,1000,0,0.0
7,0.0,93,1000,0,0.0
7,0.0,94,1000,0,0.0
7,0.0,95,1000,0,0.0
7,0.0,96,1000,0,0.0
7,0.0,97,1000,0,0.0
7,0.0,98,1000,0,0.0
7,0.0,99,1000,0,0.0
7,0.0,100,1000,0,0.0
7,0.005,1,1000,0,0.0
7,0.005,2,1000,0,0.0
7,0.005,3,1000,0,0.0
7,0.005,4,1000,0,0.0
7,0.005,5,1000,0,0.0
7,0.005,6,1000,0,0.0
7,0.005,7,1000,0,0.0
7,0.005,8,1000,0,0.0
7,0.005,9,1000,0,0.0
7,0.005,10,1000,0,0.0
7,0.005,11,1000,0,0.0
7,0.005,12,1000,0,0.0
7,0.005,13,1000,0,0.0
7,0.005,14,1000,0,0.0
7,0.005,15,1000,0,0.0
7,0.005,16,1000,0,0.0
7,0.005,17,1000,0,0.0
7,0.005,18,1000,0,0.0
7,0.005,19,1000,0,0.0
7,0.005,20,1000,0,0.0
7,0.005,21,1000,0,0.0
7,0.005,22,1000,0,0.0
7,0.005,23,1000,0,0.0
7,0.005,24,1000,0,0.0
7,0.005,25,1000,0,0.0
7,0.005,26,1000,0,0.0
7,0.005,27,1000,0,0.0
7,0.005,28,1000,0,0.0
7,0.005,29,1000,0,0.0
7,0.005,30,1000,0,0.0
7,0.005,31,1000,0,0.0
7,0.005,32,1000,0,0.0
7,0.005,33,1000,0,0.0
7,0.005,34,1000,0,0.0
7,0.005,35,1000,0,0.0
7,0.005,36,1000,0,0.0
7,0.005,37,1000,0,0.0
7,0.005,38,1000,0,0.0
7,0.005,39,1000,0,0.0
7,0.005,40,1000,0,0.0
7,0.005,41,1000,0,0.0
7,0.005,42,1000,0,0.0
7,0.005,43,1000,0,0.0
7,0.005,44,1000,0,0.0
7,0.005,45,1000,0,0.0
7,0.005,46,1000,0,0.0
7,0.005,47,1000,0,0.0
7,0.005,48,1000,0,0.0
7,0.005,49,1000,0,0.0
7,0.005,50,1000,0,0.0
7,0.005,51,1000,0,0.0
7,0.005,52,1000,0,0.0
7,0.005,53,1000,0,0.0
7,0.005,54,1000,0,0.0
7,0.005,55,1000,0,0.0
7,0.005,56,1000,0,0.0
7,0.005,57,1000,0,0.0
7,0.005,58,1000,0,0.0
7,0.005,59,1000,0,0.0
7,0.005,60,1000,0,0.0
7,0.005,61,1000,0,0.0
7,0.005,62,1000,0,0.0
7,0.005,63,1000,0,0.0
7,0.005,64,1000,0,0.0
7,0.005,65,1000,0,0.0
7,0.005,66,1000,0,0.0
7,0.005,67,1000,0,0.0
7,0.005,68,1000,0,0.0
7,0.005,69,1000,0,0.0
7,0.005,70,1000,0,0.0
7,0.005,71,1000,0,0.0
7,0.005,72,1000,0,0.0
7,0.005,73,1000,0,0.0
7,0.005,74,1000,0,0.0
7,0.005,75,1000,0,0.0
7,0.005,76,1000,0,0.0
7,0.005,77,1000,0,0.0
7,0.005,78,1000,0,0.0
7,0.005,79,1000,0,0.0
7,0.005,80,1000,0,0.0
7,0.005,81,1000,0,0.0
7,0.005,82,1000,0,0.0
7,0.005,83,1000,0,0.0
7,0.005,84,1000,0,0.0
7,0.005,85,1000,0,0.0
7,0.005,86,1000,0,0.0
7,0.005,87,1000,0,0.0
7,0.005,88,1000,0,0.0
7,0.005,89,1000,0,0.0
7,0.005,90,1000,0,0.0
7,0.005,91,1000,0,0.0
7,0.005,92,1000,0,0.0
7,0.005,93,1000,0,0.0
7,0.005,94,1000,0,0.0
7,0.005,95,1000,0,0.0
7,0.005,96,1000,0,0.0
7,0.005,97,1000,0,0.0
7,0.005,98,1000,0,0.0
7,0.005,99,1000,0,0.0
7,0.005,100,1000,0,0.0
7,0.01,1,1000,0,0.0
7,0.01,2,1000,0,0.0
7,0.01,3,1000,0,0.0
7,0.01,4,1000,0,0.0
7,0.01,5,1000,0,0.0
7,0.01,6,1000,0,0.0
7,0.01,7,1000,0,0.0
7,0.01,8,1000,0,0.0
7,0.01,9,1000,0,0.0
7,0.01,10,1000,0,0.0
7,0.01,11,1000,0,0.0
7,0.01,12,1000,0,0.0
7,0.01,13,1000,0,0.0
7,0.01,14,1000,0,0.0
7,0.01,15,1000,0,0.0
7,0.01,16,1000,0,0.0
7,0.01,17,1000,0,0.0
7,0.01,18,1000,0,0.0
7,0.01,19,1000,0,0.0
7,0.01,20,1000,0,0.0
7,0.01,21,1000,0,0.0
7,0.01,22,1000,0,0.0
7,0.01,23,1000,0,0.0
7,0.01,24,1000,0,0.0
7,0.01,25,1000,0,0.0
7,0.01,26,1000,0,0.0
7,0.01,27,1000,0,0.0
7,0.01,28,1000,0,0.0
7,0.01,29,1000,0,0.0
7,0.01,30,1000,0,0.0
7,0.01,31,1000,0,0.0
7,0.01,32,1000,0,0.0
7,0.01,33,1000,0,0.0
7,0.01,34,1000,0,0.0
7,0.01,35,1000,0,0.0
7,0.01,36,1000,0,0.0
7,0.01,37,1000,0,0.0
7,0.01,38,1000,0,0.0
7,0.01,39,1000,0,0.0
7,0.01,40,1000,0,0.0
7,0.01,41,1000,0,0.0
7,0.01,42,1000,0,0.0
7,0.01,43,1000,0,0.0
7,0.01,44,1000,0,0.0
7,0.01,45,1000,0,0.0
7,0.01,46,1000,0,0.0
7,0.01,47,1000,0,0.0
7,0.01,48,1000,0,0.0
7,0.01,49,1000,0,0.0
7,0.01,50,1000,0,0.0
7,0.01,51,1000,0,0.0
7,0.01,52,1000,0,0.0
7,0.01,53,1000,0,0.0
7,0.01,54,1000,0,0.0
7,0.01,55,1000,0,0.0
7,0.01,56,1000,0,0.0
7,0.01,57,1000,0,0.0
7,0.01,58,1000,0,0.0
7,0.01,59,1000,0,0.0
7,0.01,60,1000,0,0.0
7,0.01,61,1000,0,0.0
7,0.01,62,1000,0,0.0
7,0.01,63,1000,0,0.0
7,0.01,64,1000,0,0.0
7,0.01,65,1000,0,0.0
7,0.01,66,1000,0,0.0
7,0.01,67,1000,0,0.0
7,0.01,68,1000,0,0.0
7,0.01,69,1000,0,0.0
7,0.01,70,1000,0,0.0
7,0.01,71,1000,0,0.0
7,0.01,72,1000,0,0.0
7,0.01,73,1000,0,0.0
7,0.01,74,1000,0,0.0
7,0.01,75,1000,0,0.0
7,0.01,76,1000,0,0.0
7,0.01,77,1000,0,0.0
7,0.01,78,1000,0,0.0
7,0.01,79,1000,0,0.0
7,0.01,80,1000,0,0.0
7,0.01,81,1000,0,0.0
7,0.01,82,1000,0,0.0
7,0.01,83,1000,0,0.0
7,0.01,84,1000,0,0.0
7,0.01,85,1000,0,0.0
7,0.01,86,1000,0,0.0
7,0.01,87,1000,0,0.0
7,0.01,88,1000,0,0.0
7,0.01,89,1000,0,0.0
7,0.01,90,1000,0,0.0
7,0.01,91,1000,1,0.001
7,0.01,92,1000,0,0.0
7,0.01,93,1000,0,0.0
7,0.01,94,1000,0,0.0
7,0.01,95,1000,0,0.0
7,0.01,96,1000,0,0.0
7,0.01,97,1000,0,0.0
7,0.01,98,1000,0,0.0
7,0.01,99,1000,0,0.0
7,0.01,100,1000,0,0.0
7,0.015,1,1000,1,0.001
7,0.015,2,1000,0,0.0
7,0.015,3,1000,0,0.0
7,0.015,4,1000,0,0.0
7,0.015,5,1000,0,0.0
7,0.015,6,1000,0,0.0
7,0.015,7,1000,0,0.0
7,0.015,8,1000,1,0.001
7,0.015,9,1000,0,0.0
7,0.015,10,1000,0,0.0
7,0.015,11,1000,0,0.0
7,0.015,12,1000,0,0.0
7,0.015,13,1000,0,0.0
7,0.015,14,1000,0,0.0
7,0.015,15,1000,0,0.0
7,0.015,16,1000,0,0.0
7,0.015,17,1000,0,0.0
7,0.015,18,1000,1,0.001
7,0.015,19,1000,0,0.0
7,0.015,20,1000,1,0.001
7,0.015,21,1000,0,0.0
7,0.015,22,1000,0,0.0
7,0.015,23,1000,0,0.0
7,0.015,24,1000,0,0.0
7,0.015,25,1000,0,0.0
7,0.015,26,1000,0,0.0
7,0.015,27,1000,0,0.0
7,0.015,28,1000,0,0.0
7,0.015,29,1000,0,0.0
7,0.015,30,1000,0,0.0
7,0.015,31,1000,0,0.0
7,0.015,32,1000,0,0.0
7,0.015,33,1000,0,0.0
7,0.015,34,1000,0,0.0
7,0.015,35,1000,0,0.0
7,0.015,36,1000,1,0.001
7,0.015,37,1000,0,0.0
7,0.015,38,1000,0,0.0
7,0.015,39,1000,0,0.0
7,0.015,40,1000,0,0.0
7,0.015,41,1000,0,0.0
7,0.015,42,1000,0,0.0
7,0.015,43,1000,0,0.0
7,0.015,44,1000,0,0.0
7,0.015,45,1000,0,0.0
7,0.015,46,1000,0,0.0
7,0.015,47,1000,0,0.0
7,0.015,48,1000,0,0.0
7,0.015,49,1000,0,0.0
7,0.015,50,1000,0,0.0
7,0.015,51,1000,1,0.001
7,0.015,52,1000,0,0.0
7,0.015,53,1000,1,0.001
7,0.015,54,1000,0,0.0
7,0.015,55,1000,0,0.0
7,0.015,56,1000,0,0.0
7,0.015,57,1000,1,0.001
7,0.015,58,1000,0,0.0
7,0.015,59,1000,0,0.0
7,0.015,60,1000,0,0.0
7,0.015,61,1000,0,0.0
7,0.015,62,1000,0,0.0
7,0.015,63,1000,0,0.0
7,0.015,64,1000,0,0.0
7,0.015,65,1000,0,0.0
7,0.015,66,1000,0,0.0
7,0.015,67,1000,0,0.0
7,0.015,68,1000,0,0.0
7,0.015,69,1000,0,0.0
7,0.015,70,1000,0,0.0
7,0.015,71,1000,0,0.0
7,0.015,72,1000,0,0.0
7,0.015,73,1000,1,0.001
7,0.015,74,1000,0,0.0
7,0.015,75,1000,0,0.0
7,0.015,76,1000,2,0.002
7,0.015,77,1000,1,0.001
7,0.015,78,1000,0,0.0
7,0.015,79,1000,0,0.0
7,0.015,80,1000,0,0.0
7,0.015,81,1000,0,0.0
7,0.015,82,1000,0,0.0
7,0.015,83,1000,0,0.0
7,0.015,84,1000,0,0.0
7,0.015,85,1000,0,0.0
7,0.015,86,1000,0,0.0
7,0.015,87,1000,0,0.0
7,0.015,88,1000,0,0.0
7,0.015,89,1000,0,0.0
7,0.015,90,1000,0,0.0
7,0.015,91,1000,0,0.0
7,0.015,92,1000,0,0.0
7,0.015,93,1000,0,0.0
7,0.015,94,1000,0,0.0
7,0.015,95,1000,0,0.0
7,0.015,96,1000,0,0.0
7,0.015,97,1000,0,0.0
7,0.015,98,1000,0,0.0
7,0.015,99,1000,0,0.0
7,0.015,100,1000,0,0.0
7,0.02,1,1000,0,0.0
7,0.02,2,1000,1,0.001
7,0.02,3,1000,0,0.0
7,0.02,4,1000,0,0.0
7,0.02,5,1000,0,0.0
7,0.02,6,1000,0,0.0
7,0.02,7,1000,0,0.0
7,0.02,8,1000,0,0.0
7,0.02,9,1000,1,0.001
7,0.02,10,1000,0,0.0
7,0.02,11,1000,0,0.0
7,0.02,12,1000,0,0.0
7,0.02,13,1000,0,0.0
7,0.02,14,1000,2,0.002
7,0.02,15,1000,0,0.0
7,0.02,16,1000,0,0.0
7,0.02,17,1000,0,0.0
7,0.02,18,1000,0,0.0
7,0.02,19,1000,0,0.0
7,0.02,20,1000,0,0.0
7,0.02,21,1000,0,0.0
7,0.02,22,1000,0,0.0
7,0.02,23,1000,2,0.002
7,0.02,24,1000,0,0.0
7,0.02,25,1000,0,0.0
7,0.02,26,1000,1,0.001
7,0.02,27,1000,0,0.0
7,0.02,28,1000,1,0.001
7,0.02,29,1000,0,0.0
7,0.02,30,1000,0,0.0
7,0.02,31,1000,0,0.0
7,0.02,32,1000,0,0.0
7,0.02,33,1000,0,0.0
7,0.02,34,1000,0,0.0
7,0.02,35,1000,0,0.0
7,0.02,36,1000,1,0.001
7,0.02,37,1000,1,0.001
7,0.02,38,1000,0,0.0
7,0.02,39,1000,0,0.0
7,0.02,40,1000,0,0.0
7,0.02,41,1000,0,0.0
7,0.02,42,1000,0,0.0
7,0.02,43,1000,0,0.0
7,0.02,44,1000,0,0.0
7,0.02,45,1000,0,0.0
7,0.02,46,1000,0,0.0
7,0.02,47,1000,0,0.0
7,0.02,48,1000,0,0.0
7,0.02,49,1000,1,0.001
7,0.02,50,1000,0,0.0
7,0.02,51,1000,0,0.0
7,0.02,52,1000,2,0.002
7,0.02,53,1000,2,0.002
7,0.02,54,1000,0,0.0
7,0.02,55,1000,1,0.001
7,0.02,56,1000,2,0.002
7,0.02,57,1000,1,0.001
7,0.02,58,1000,0,0.0
7,0.02,59,1000,0,0.0
7,0.02,60,1000,0,0.0
7,0.02,61,1000,0,0.0
7,0.02,62,1000,0,0.0
7,0.02,63,1000,0,0.0
7,0.02,64,1000,0,0.0
7,0.02,65,1000,0,0.0
7,0.02,66,1000,0,0.0
7,0.02,67,1000,0,0.0
7,0.02,68,1000,2,0.002
7,0.02,69,1000,0,0.0
7,0.02,70,1000,0,0.0
7,0.02,71,1000,1,0.001
7,0.02,72,1000,0,0.0
7,0.02,73,1000,0,0.0
7,0.02,74,1000,0,0.0
7,0.02,75,1000,0,0.0
7,0.02,76,1000,1,0.001
7,0.02,77,1000,0,0.0
7,0.02,78,1000,0,0.0
7,0.02,79,1000,1,0.001
7,0.02,80,1000,1,0.001
7,0.02,81,1000,0,0.0
7,0.02,82,1000,1,0.001
7,0.02,83,1000,0,0.0
7,0.02,84,1000,1,0.001
7,0.02,85,1000,0,0.0
7,0.02,86,1000,0,0.0
7,0.02,87,1000,0,0.0
7,0.02,88,1000,0,0.0
7,0.02,89,1000,0,0.0
7,0.02,90,1000,0,0.0
7,0.02,91,1000,0,0.0
7,0.02,92,1000,0,0.0
7,0.02,93,1000,1,0.001
7,0.02,94,1000,0,0.0
7,0.02,95,1000,0,0.0
7,0.02,96,1000,0,0.0
7,0.02,97,1000,0,0.0
7,0.02,98,1000,0,0.0
7,0.02,99,1000,0,0.0
7,0.02,100,1000,0,0.0
7,0.025,1,1000,1,0.001
7,0.025,2,1000,0,0.0
7,0.025,3,1000,0,0.0
7,0.025,4,1000,0,0.0
7,0.025,5,1000,2,0.002
7,0.025,6,1000,0,0.0
7,0.025,7,1000,1,0.001
7,0.025,8,1000,1,0.001
7,0.025,9,1000,0,0.0
7,0.025,10,1000,1,0.001
7,0.025,11,1000,1,0.001
7,0.025,12,1000,1,0.001
7,0.025,13,1000,1,0.001
7,0.025,14,1000,1,0.001
7,0.025,15,1000,0,0.0
7,0.025,16,1000,1,0.001
7,0.025,17,1000,2,0.002
7,0.025,18,1000,2,0.002
7,0.025,19,1000,1,0.001
7,0.025,20,1000,0,0.0
7,0.025,21,1000,1,0.001
7,0.025,22,1000,0,0.0
7,0.025,23,1000,1,0.001
7,0.025,24,1000,0,0.0
7,0.025,25,1000,0,0.0
7,0.025,26,1000,0,0.0
7,0.025,27,1000,2,0.002
7,0.025,28,1000,1,0.001
7,0.025,29,1000,1,0.001
7,0.025,30,1000,0,0.0
7,0.025,31,1000,1,0.001
7,0.025,32,1000,0,0.0
7,0.025,33,1000,2,0.002
7,0.025,34,1000,1,0.001
7,0.025,35,1000,0,0.0
7,0.025,36,1000,2,0.002
7,0.025,37,1000,1,0.001
7,0.025,38,1000,0,0.0
7,0.025,39,1000,1,0.001
7,0.025,40,1000,0,0.0
7,0.025,41,1000,0,0.0
7,0.025,42,1000,0,0.0
7,0.025,43,1000,0,0.0
7,0.025,44,1000,2,0.002
7,0.025,45,1000,2,0.002
7,0.025,46,1000,0,0.0
7,0.025,47,1000,0,0.0
7,0.025,48,1000,0,0.0
7,0.025,49,1000,0,0.0
7,0.025,50,1000,0,0.0
7,0.025,51,1000,2,0.002
7,0.025,52,1000,0,0.0
7,0.025,53,1000,1,0.001
7,0.025,54,1000,1,0.001
7,0.025,55,1000,1,0.001
7,0.025,56,1000,0,0.0
7,0.025,57,1000,1,0.001
7,0.025,58,1000,0,0.0
7,0.025,59,1000,0,0.0
7,0.025,60,1000,2,0.002
7,0.025,61,1000,0,0.0
7,0.025,62,1000,1,0.001
7,0.025,63,1000,1,0.001
7,0.025,64,1000,0,0.0
7,0.025,65,1000,1,0.001
7,0.025,66,1000,0,0.0
7,0.025,67,1000,0,0.0
7,0.025,68,1000,0,0.0
7,0.025,69,1000,1,0.001
7,0.025,70,1000,0,0.0
7,0.025,71,1000,0,0.0
7,0.025,72,1000,0,0.0
7,0.025,73,1000,1,0.001
7,0.025,74,1000,0,0.0
7,0.025,75,1000,1,0.001
7,0.025,76,1000,0,0.0
7,0.025,77,1000,2,0.002
7,0.025,78,1000,0,0.0
7,0.025,79,1000,1,0.001
7,0.025,80,1000,3,0.003
7,0.025,81,1000,2,0.002
7,0.025,82,1000,0,0.0
7,0.025,83,1000,0,0.0
7,0.025,84,1000,0,0.0
7,0.025,85,1000,0,0.0
7,0.025,86,1000,2,0.002
7,0.025,87,1000,0,0.0
7,0.025,88,1000,1,0.001
7,0.025,89,1000,1,0.001
7,0.025,90,1000,0,0.0
7,0.025,91,1000,0,0.0
7,0.025,92,1000,0,0.0
7,0.025,93,1000,0,0.0
7,0.025,94,1000,0,0.0
7,0.025,95,1000,1,0.001
7,0.025,96,1000,2,0.002
7,0.025,97,1000,1,0.001
7,0.025,98,1000,1,0.001
7,0.025,99,1000,0,0.0
7,0.025,100,1000,2,0.002
7,0.03,1,1000,1,0.001
7,0.03,2,1000,2,0.002
7,0.03,3,1000,1,0.001
7,0.03,4,1000,2,0.002
7,0.03,5,1000,0,0.0
7,0.03,6,1000,5,0.005
7,0.03,7,1000,0,0.0
7,0.03,8,1000,3,0.003
7,0.03,9,1000,0,0.0
7,0.03,10,1000,2,0.002
7,0.03,11,1000,2,0.002
7,0.03,12,1000,2,0.002
7,0.03,13,1000,1,0.001
7,0.03,14,1000,3,0.003
7,0.03,15,1000,2,0.002
7,0.03,16,1000,2,0.002
7,0.03,17,1000,1,0.001
7,0.03,18,1000,3,0.003
7,0.03,19,1000,1,0.001
7,0.03,20,1000,2,0.002
7,0.03,21,1000,0,0.0
7,0.03,22,1000,1,0.001
7,0.03,23,1000,3,0.003
7,0.03,24,1000,1,0.001
7,0.03,25,1000,1,0.001
7,0.03,26,1000,0,0.0
7,0.03,27,1000,1,0.001
7,0.03,28,1000,1,0.001
7,0.03,29,1000,2,0.002
7,0.03,30,1000,2,0.002
7,0.03,31,1000,3,0.003
7,0.03,32,1000,0,0.0
7,0.03,33,1000,0,0.0
7,0.03,34,1000,0,0.0
7,0.03,35,1000,1,0.001
7,0.03,36,1000,1,0.001
7,0.03,37,1000,1,0.001
7,0.03,38,1000,2,0.002
7,0.03,39,1000,0,0.0
7,0.03,40,1000,2,0.002
7,0.03,41,1000,2,0.002
7,0.03,42,1000,0,0.0
7,0.03,43,1000,2,0.002
7,0.03,44,1000,2,0.002
7,0.03,45,1000,2,0.002
7,0.03,46,1000,1,0.001
7,0.03,47,1000,0,0.0
7,0.03,48,1000,3,0.003
7,0.03,49,1000,0,0.0
7,0.03,50,1000,0,0.0
7,0.03,51,1000,1,0.001
7,0.03,52,1000,3,0.003
7,0.03,53,1000,1,0.001
7,0.03,54,1000,1,0.001
7,0.03,55,1000,0,0.0
7,0.03,56,1000,1,0.001
7,0.03,57,1000,2,0.002
7,0.03,58,1000,1,0.001
7,0.03,59,1000,2,0.002
7,0.03,60,1000,1,0.001
7,0.03,61,1000,2,0.002
7,0.03,62,1000,1,0.001
7,0.03,63,1000,1,0.001
7,0.03,64,1000,1,0.001
7,0.03,65,1000,1,0.001
7,0.03,66,1000,1,0.001
7,0.03,67,1000,2,0.002
7,0.03,68,1000,1,0.001
7,0.03,69,1000,1,0.001
7,0.03,70,1000,4,0.004
7,0.03,71,1000,1,0.001
7,0.03,72,1000,0,0.0
7,0.03,73,1000,4,0.004
7,0.03,74,1000,2,0.002
7,0.03,75,1000,1,0.001
7,0.03,76,1000,1,0.001
7,0.03,77,1000,2,0.002
7,0.03,78,1000,1,0.001
7,0.03,79,1000,2,0.002
7,0.03,80,1000,0,0.0
7,0.03,81,1000,1,0.001
7,0.03,82,1000,1,0.001
7,0.03,83,1000,1,0.001
7,0.03,84,1000,1,0.001
7,0.03,85,1000,0,0.0
7,0.03,86,1000,2,0.002
7,0.03,87,1000,2,0.002
7,0.03,88,1000,1,0.001
7,0.03,89,1000,5,0.005
7,0.03,90,1000,1,0.001
7,0.03,91,1000,2,0.002
7,0.03,92,1000,1,0.001
7,0.03,93,1000,1,0.001
7,0.03,94,1000,3,0.003
7,0.03,95,1000,1,0.001
7,0.03,96,1000,3,0.003
7,0.03,97,1000,0,0.0
7,0.03,98,1000,4,0.004
7,0.03,99,1000,2,0.002
7,0.03,100,1000,1,0.001
7,0.035,1,1000,1,0.001
7,0.035,2,1000,1,0.001
7,0.035,3,1000,1,0.001
7,0.035,4,1000,2,0.002
7,0.035,5,1000,3,0.003
7,0.035,6,1000,1,0.001
7,0.035,7,1000,3,0.003
7,0.035,8,1000,4,0.004
7,0.035,9,1000,4,0.004
7,0.035,10,1000,3,0.003
7,0.035,11,1000,1,0.001
7,0.035,12,1000,2,0.002
7,0.035,13,1000,1,0.001
7,0.035,14,1000,3,0.003
7,0.035,15,1000,2,0.002
7,0.035,16,1000,0,0.0
7,0.035,17,1000,4,0.004
7,0.035,18,1000,6,0.006
7,0.035,19,1000,5,0.005
7,0.035,20,1000,3,0.003
7,0.035,21,1000,1,0.001
7,0.035,22,1000,2,0.002
7,0.035,23,1000,2,0.002
7,0.035,24,1000,4,0.004
7,0.035,25,1000,1,0.001
7,0.035,26,1000,1,0.001
7,0.035,27,1000,2,0.002
7,0.035,28,1000,1,0.001
7,0.035,29,1000,5,0.005
7,0.035,30,1000,3,0.003
7,0.035,31,1000,2,0.002
7,0.035,32,1000,1,0.001
7,0.035,33,1000,2,0.002
7,0.035,34,1000,1,0.001
7,0.035,35,1000,3,0.003
7,0.035,36,1000,4,0.004
7,0.035,37,1000,2,0.002
7,0.035,38,1000,3,0.003
7,0.035,39,1000,2,0.002
7,0.035,40,1000,0,0.0
7,0.035,41,1000,6,0.006
7,0.035,42,1000,3,0.003
7,0.035,43,1000,2,0.002
7,0.035,44,1000,2,0.002
7,0.035,45,1000,0,0.0
7,0.035,46,1000,1,0.001
7,0.035,47,1000,2,0.002
7,0.035,48,1000,2,0.002
7,0.035,49,1000,1,0.001
7,0.035,50,1000,3,0.003
7,0.035,51,1000,4,0.004
7,0.035,52,1000,2,0.002
7,0.035,53,1000,4,0.004
7,0.035,54,1000,2,0.002
7,0.035,55,1000,6,0.006
7,0.035,56,1000,1,0.001
7,0.035,57,1000,1,0.001
7,0.035,58,1000,8,0.008
7,0.035,59,1000,5,0.005
7,0.035,60,1000,2,0.002
7,0.035,61,1000,1,0.001
7,0.035,62,1000,2,0.002
7,0.035,63,1000,5,0.005
7,0.035,64,1000,6,0.006
7,0.035,65,1000,1,0.001
7,0.035,66,1000,3,0.003
7,0.035,67,1000,4,0.004
7,0.035,68,1000,2,0.002
7,0.035,69,1000,5,0.005
7,0.035,70,1000,5,0.005
7,0.035,71,1000,4,0.004
7,0.035,72,1000,6,0.006
7,0.035,73,1000,0,0.0
7,0.035,74,1000,4,0.004
7,0.035,75,1000,1,0.001
7,0.035,76,1000,2,0.002
7,0.035,77,1000,1,0.001
7,0.035,78,1000,5,0.005
7,0.035,79,1000,3,0.003
7,0.035,80,1000,2,0.002
7,0.035,81,1000,2,0.002
7,0.035,82,1000,2,0.002
7,0.035,83,1000,3,0.003
7,0.035,84,1000,1,0.001
7,0.035,85,1000,3,0.003
7,0.035,86,1000,2,0.002
7,0.035,87,1000,2,0.002
7,0.035,88,1000,3,0.003
7,0.035,89,1000,3,0.003
7,0.035,90,1000,2,0.002
7,0.035,91,1000,3,0.003
7,0.035,92,1000,2,0.002
7,0.035,93,1000,4,0.004
7,0.035,94,1000,2,0.002
7,0.035,95,1000,3,0.003
7,0.035,96,1000,4,0.004
7,0.035,97,1000,3,0.003
7,0.035,98,1000,3,0.003
7,0.035,99,1000,2,0.002
7,0.035,100,1000,2,0.002
7,0.04,1,1000,2,0.002
7,0.04,2,1000,4,0.004
7,0.04,3,1000,6,0.006
7,0.04,4,1000,5,0.005
7,0.04,5,1000,7,0.007
7,0.04,6,1000,5,0.005
7,0.04,7,1000,2,0.002
7,0.04,8,1000,7,0.007
7,0.04,9,1000,3,0.003
7,0.04,10,1000,8,0.008
7,0.04,11,1000,6,0.006
7,0.04,12,1000,5,0.005
7,0.04,13,1000,4,0.004
7,0.04,14,1000,5,0.005
7,0.04,15,1000,7,0.007
7,0.04,16,1000,11,0.011
7,0.04,17,1000,2,0.002
7,0.04,18,1000,6,0.006
7,0.04,19,1000,8,0.008
7,0.04,20,1000,7,0.007
7,0.04,21,1000,4,0.004
7,0.04,22,1000,8,0.008
7,0.04,23,1000,1,0.001
7,0.04,24,1000,4,0.004
7,0.04,25,1000,2,0.002
7,0.04,26,1000,3,0.003
7,0.04,27,1000,6,0.006
7,0.04,28,1000,5,0.005
7,0.04,29,1000,10,0.01
7,0.04,30,1000,3,0.003
7,0.04,31,1000,7,0.007
7,0.04,32,1000,4,0.004
7,0.04,33,1000,6,0.006
7,0.04,34,1000,2,0.002
7,0.04,35,1000,5,0.005
7,0.04,36,1000,5,0.005
7,0.04,37,1000,4,0.004
7,0.04,38,1000,4,0.004
7,0.04,39,1000,1,0.001
7,0.04,40,1000,4,0.004
7,0.04,41,1000,3,0.003
7,0.04,42,1000,11,0.011
7,0.04,43,1000,1,0.001
7,0.04,44,1000,5,0.005
7,0.04,45,1000,5,0.005
7,0.04,46,1000,4,0.004
7,0.04,47,1000,5,0.005
7,0.04,48,1000,6,0.006
7,0.04,49,1000,3,0.003
7,0.04,50,1000,5,0.005
7,0.04,51,1000,7,0.007
7,0.04,52,1000,7,0.007
7,0.04,53,1000,8,0.008
7,0.04,54,1000,3,0.003
7,0.04,55,1000,7,0.007
7,0.04,56,1000,6,0.006
7,0.04,57,1000,3,0.003
7,0.04,58,1000,4,0.004
7,0.04,59,1000,6,0.006
7,0.04,60,1000,3,0.003
7,0.04,61,1000,5,0.005
7,0.04,62,1000,4,0.004
7,0.04,63,1000,2,0.002
7,0.04,64,1000,4,0.004
7,0.04,65,1000,8,0.008
7,0.04,66,1000,4,0.004
7,0.04,67,1000,3,0.003
7,0.04,68,1000,6,0.006
7,0.04,69,1000,11,0.011
7,0.04,70,1000,2,0.002
7,0.04,71,1000,9,0.009
7,0.04,72,1000,1,0.001
7,0.04,73,1000,2,0.002
7,0.04,74,1000,4,0.004
7,0.04,75,1000,5,0.005
7,0.04,76,1000,4,0.004
7,0.04,77,1000,6,0.006
7,0.04,78,1000,4,0.004
7,0.04,79,1000,7,0.007
7,0.04,80,1000,5,0.005
7,0.04,81,1000,5,0.005
7,0.04,82,1000,2,0.002
7,0.04,83,1000,4,0.004
7,0.04,84,1000,4,0.004
7,0.04,85,1000,5,0.005
7,0.04,86,1000,4,0.004
7,0.04,87,1000,6,0.006
7,0.04,88,1000,4,0.004
7,0.04,89,1000,4,0.004
7,0.04,90,1000,3,0.003
7,0.04,91,1000,4,0.004
7,0.04,92,1000,1,0.001
7,0.04,93,1000,3,0.003
7,0.04,94,1000,4,0.004
7,0.04,95,1000,4,0.004
7,0.04,96,1000,1,0.001
7,0.04,97,1000,6,0.006
7,0.04,98,1000,5,0.005
7,0.04,99,1000,5,0.005
7,0.04,100,1000,5,0.005
7,0.045,1,1000,7,0.007
7,0.045,2,1000,11,0.011
7,0.045,3,1000,9,0.009
7,0.045,4,1000,3,0.003
7,0.045,5,1000,14,0.014
7,0.045,6,1000,5,0.005
7,0.045,7,1000,11,0.011
7,0.045,8,1000,14,0.014
7,0.045,9,1000,6,0.006
7,0.045,10,1000,9,0.009
7,0.045,11,1000,9,0.009
7,0.045,12,1000,4,0.004
7,0.045,13,1000,7,0.007
7,0.045,14,1000,12,0.012
7,0.045,15,1000,3,0.003
7,0.045,16,1000,10,0.01
7,0.045,17,1000,10,0.01
7,0.045,18,1000,8,0.008
7,0.045,19,1000,11,0.011
7,0.045,20,1000,4,0.004
7,0.045,21,1000,6,0.006
7,0.045,22,1000,7,0.007
7,0.045,23,1000,4,0.004
7,0.045,24,1000,8,0.008
7,0.045,25,1000,10,0.01
7,0.045,26,1000,4,0.004
7,0.045,27,1000,7,0.007
7,0.045,28,1000,9,0.009
7,0.045,29,1000,8,0.008
7,0.045,30,1000,10,0.01
7,0.045,31,1000,10,0.01
7,0.045,32,1000,16,0.016
7,0.045,33,1000,9,0.009
7,0.045,34,1000,8,0.008
7,0.045,35,1000,6,0.006
7,0.045,36,1000,13,0.013
7,0.045,37,1000,8,0.008
7,0.045,38,1000,9,0.009
7,0.045,39,1000,9,0.009
7,0.045,40,1000,6,0.006
7,0.045,41,1000,3,0.003
7,0.045,42,1000,9,0.009
7,0.045,43,1000,5,0.005
7,0.045,44,1000,7,0.007
7,0.045,45,1000,6,0.006
7,0.045,46,1000,8,0.008
7,0.045,47,1000,9,0.009
7,0.045,48,1000,5,0.005
7,0.045,49,1000,14,0.014
7,0.045,50,1000,4,0.004
7,0.045,51,1000,9,0.009
7,0.045,52,1000,7,0.007
7,0.045,53,1000,3,0.003
7,0.045,54,1000,7,0.007
7,0.045,55,1000,5,0.005
7,0.045,56,1000,8,0.008
7,0.045,57,1000,9,0.009
7,0.045,58,1000,13,0.013
7,0.045,59,1000,4,0.004
7,0.045,60,1000,8,0.008
7,0.045,61,1000,8,0.008
7,0.045,62,1000,10,0.01
7,0.045,63,1000,6,0.006
7,0.045,64,1000,11,0.011
7,0.045,65,1000,6,0.006
7,0.045,66,1000,9,0.009
7,0.045,67,1000,9,0.009
7,0.045,68,1000,9,0.009
7,0.045,69,1000,3,0.003
7,0.045,70,1000,6,0.006
7,0.045,71,1000,6,0.006
7,0.045,72,1000,15,0.015
7,0.045,73,1000,9,0.009
7,0.045,74,1000,11,0.011
7,0.045,75,1000,8,0.008
7,0.045,76,1000,9,0.009
7,0.045,77,1000,9,0.009
7,0.045,78,1000,4,0.004
7,0.045,79,1000,8,0.008
7,0.045,80,1000,10,0.01
7,0.045,81,1000,10,0.01
7,0.045,82,1000,8,0.008
7,0.045,83,1000,8,0.008
7,0.045,84,1000,7,0.007
7,0.045,85,1000,3,0.003
7,0.045,86,1000,6,0.006
7,0.045,87,1000,5,0.005
7,0.045,88,1000,8,0.008
7,0.045,89,1000,17,0.017
7,0.045,90,1000,8,0.008
7,0.045,91,1000,7,0.007
7,0.045,92,1000,8,0.008
7,0.045,93,1000,5,0.005
7,0.045,94,1000,10,0.01
7,0.045,95,1000,9,0.009
7,0.045,96,1000,9,0.009
7,0.045,97,1000,6,0.006
7,0.045,98,1000,9,0.009
7,0.045,99,1000,11,0.011
7,0.045,100,1000,8,0.008
7,0.05,1,1000,9,0.009
7,0.05,2,1000,13,0.013
7,0.05,3,1000,12,0.012
7,0.05,4,1000,14,0.014
7,0.05,5,1000,9,0.009
7,0.05,6,1000,10,0.01
7,0.05,7,1000,9,0.009
7,0.05,8,1000,8,0.008
7,0.05,9,1000,12,0.012
7,0.05,10,1000,9,0.009
7,0.05,11,1000,11,0.011
7,0.05,12,1000,10,0.01
7,0.05,13,1000,12,0.012
7,0.05,14,1000,11,0.011
7,0.05,15,1000,16,0.016
7,0.05,16,1000,12,0.012
7,0.05,17,1000,10,0.01
7,0.05,18,1000,8,0.008
7,0.05,19,1000,7,0.007
7,0.05,20,1000,12,0.012
7,0.05,21,1000,13,0.013
7,0.05,22,1000,14,0.014
7,0.05,23,1000,9,0.009
7,0.05,24,1000,9,0.009
7,0.05,25,1000,7,0.007
7,0.05,26,1000,13,0.013
7,0.05,27,1000,9,0.009
7,0.05,28,1000,13,0.013
7,0.05,29,1000,10,0.01
7,0.05,30,1000,10,0.01
7,0.05,31,1000,13,0.013
7,0.05,32,1000,8,0.008
7,0.05,33,1000,9,0.009
7,0.05,34,1000,9,0.009
7,0.05,35,1000,16,0.016
7,0.05,36,1000,11,0.011
7,0.05,37,1000,11,0.011
7,0.05,38,1000,12,0.012
7,0.05,39,1000,13,0.013
7,0.05,40,1000,10,0.01
7,0.05,41,1000,13,0.013
7,0.05,42,1000,13,0.013
7,0.05,43,1000,11,0.011
7,0.05,44,1000,12,0.012
7,0.05,45,1000,13,0.013
7,0.05,46,1000,9,0.009
7,0.05,47,1000,12,0.012
7,0.05,48,1000,14,0.014
7,0.05,49,1000,10,0.01
7,0.05,50,1000,9,0.009
7,0.05,51,1000,15,0.015
7,0.05,52,1000,11,0.011
7,0.05,53,1000,9,0.009
7,0.05,54,1000,9,0.009
7,0.05,55,1000,12,0.012
7,0.05,56,1000,7,0.007
7,0.05,57,1000,18,0.018
7,0.05,58,1000,9,0.009
7,0.05,59,1000,6,0.006
7,0.05,60,1000,9,0.009
7,0.05,61,1000,4,0.004
7,0.05,62,1000,13,0.013
7,0.05,63,1000,11,0.011
7,0.05,64,1000,11,0.011
7,0.05,65,1000,15,0.015
7,0.05,66,1000,15,0.015
7,0.05,67,1000,7,0.007
7,0.05,68,1000,11,0.011
7,0.05,69,1000,10,0.01
7,0.05,70,1000,8,0.008
7,0.05,71,1000,9,0.009
7,0.05,72,1000,18,0.018
7,0.05,73,1000,6,0.006
7,0.05,74,1000,14,0.014
7,0.05,75,1000,10,0.01
7,0.05,76,1000,17,0.017
7,0.05,77,1000,11,0.011
7,0.05,78,1000,14,0.014
7,0.05,79,1000,5,0.005
7,0.05,80,1000,8,0.008
7,0.05,81,1000,6,0.006
7,0.05,82,1000,14,0.014
7,0.05,83,1000,15,0.015
7,0.05,84,1000,10,0.01
7,0.05,85,1000,9,0.009
7,0.05,86,1000,8,0.008
7,0.05,87,1000,12,0.012
7,0.05,88,1000,14,0.014
7,0.05,89,1000,15,0.015
7,0.05,90,1000,8,0.008
7,0.05,91,1000,11,0.011
7,0.05,92,1000,9,0.009
7,0.05,93,1000,8,0.008
7,0.05,94,1000,13,0.013
7,0.05,95,1000,13,0.013
7,0.05,96,1000,14,0.014
7,0.05,97,1000,10,0.01
7,0.05,98,1000,16,0.016
7,0.05,99,1000,11,0.011
7,0.05,100,1000,17,0.017
7,0.055,1,1000,16,0.016
7,0.055,2,1000,16,0.016
7,0.055,3,1000,15,0.015
7,0.055,4,1000,14,0.014
7,0.055,5,1000,14,0.014
7,0.055,6,1000,18,0.018
7,0.055,7,1000,14,0.014
7,0.055,8,1000,19,0.019
7,0.055,9,1000,20,0.02
7,0.055,10,1000,28,0.028
7,0.055,11,1000,13,0.013
7,0.055,12,1000,14,0.014
7,0.055,13,1000,24,0.024
7,0.055,14,1000,22,0.022
7,0.055,15,1000,18,0.018
7,0.055,16,1000,14,0.014
7,0.055,17,1000,8,0.008
7,0.055,18,1000,10,0.01
7,0.055,19,1000,11,0.011
7,0.055,20,1000,17,0.017
7,0.055,21,1000,23,0.023
7,0.055,22,1000,19,0.019
7,0.055,23,1000,16,0.016
7,0.055,24,1000,16,0.016
7,0.055,25,1000,13,0.013
7,0.055,26,1000,19,0.019
7,0.055,27,1000,19,0.019
7,0.055,28,1000,20,0.02
7,0.055,29,1000,14,0.014
7,0.055,30,1000,19,0.019
7,0.055,31,1000,22,0.022
7,0.055,32,1000,17,0.017
7,0.055,33,1000,13,0.013
7,0.055,34,1000,15,0.015
7,0.055,35,1000,8,0.008
7,0.055,36,1000,16,0.016
7,0.055,37,1000,16,0.016
7,0.055,38,1000,20,0.02
7,0.055,39,1000,10,0.01
7,0.055,40,1000,14,0.014
7,0.055,41,1000,17,0.017
7,0.055,42,1000,13,0.013
7,0.055,43,1000,18,0.018
7,0.055,44,1000,23,0.023
7,0.055,45,1000,16,0.016
7,0.055,46,1000,17,0.017
7,0.055,47,1000,18,0.018
7,0.055,48,1000,21,0.021
7,0.055,49,1000,11,0.011
7,0.055,50,1000,15,0.015
7,0.055,51,1000,19,0.019
7,0.055,52,1000,19,0.019
7,0.055,53,1000,8,0.008
7,0.055,54,1000,13,0.013
7,0.055,55,1000,15,0.015
7,0.055,56,1000,20,0.02
7,0.055,57,1000,13,0.013
7,0.055,58,1000,10,0.01
7,0.055,59,1000,11,0.011
7,0.055,60,1000,23,0.023
7,0.055,61,1000,15,0.015
7,0.055,62,1000,12,0.012
7,0.055,63,1000,6,0.006
7,0.055,64,1000,12,0.012
7,0.055,65,1000,12,0.012
7,0.055,66,1000,20,0.02
7,0.055,67,1000,16,0.016
7,0.055,68,1000,13,0.013
7,0.055,69,1000,15,0.015
7,0.055,70,1000,16,0.016
7,0.055,71,1000,18,0.018
7,0.055,72,1000,17,0.017
7,0.055,73,1000,9,0.009
7,0.055,74,1000,16,0.016
7,0.055,75,1000,10,0.01
7,0.055,76,1000,10,0.01
7,0.055,77,1000,10,0.01
7,0.055,78,1000,22,0.022
7,0.055,79,1000,18,0.018
7,0.055,80,1000,20,0.02
7,0.055,81,1000,21,0.021
7,0.055,82,1000,11,0.011
7,0.055,83,1000,11,0.011
7,0.055,84,1000,12,0.012
7,0.055,85,1000,18,0.018
7,0.055,86,1000,16,0.016
7,0.055,87,1000,19,0.019
7,0.055,88,1000,20,0.02
7,0.055,89,1000,12,0.012
7,0.055,90,1000,11,0.011
7,0.055,91,1000,17,0.017
7,0.055,92,1000,14,0.014
7,0.055,93,1000,14,0.014
7,0.055,94,1000,21,0.021
7,0.055,95,1000,18,0.018
7,0.055,96,1000,21,0.021
7,0.055,97,1000,22,0.022
7,0.055,98,1000,12,0.012
7,0.055,99,1000,14,0.014
7,0.055,100,1000,24,0.024
7,0.06,1,1000,21,0.021
7,0.06,2,1000,22,0.022
7,0.06,3,1000,28,0.028
7,0.06,4,1000,23,0.023
7,0.06,5,1000,19,0.019
7,0.06,6,1000,19,0.019
7,0.06,7,1000,31,0.031
7,0.06,8,1000,18,0.018
7,0.06,9,1000,32,0.032
7,0.06,10,1000,21,0.021
7,0.06,11,1000,23,0.023
7,0.06,12,1000,22,0.022
7,0.06,13,1000,22,0.022
7,0.06,14,1000,15,0.015
7,0.06,15,1000,22,0.022
7,0.06,16,1000,22,0.022
7,0.06,17,1000,17,0.017
7,0.06,18,1000,19,0.019
7,0.06,19,1000,23,0.023
7,0.06,20,1000,23,0.023
7,0.06,21,1000,29,0.029
7,0.06,22,1000,19,0.019
7,0.06,23,1000,21,0.021
7,0.06,24,1000,22,0.022
7,0.06,25,1000,17,0.017
7,0.06,26,1000,28,0.028
7,0.06,27,1000,21,0.021
7,0.06,28,1000,24,0.024
7,0.06,29,1000,20,0.02
7,0.06,30,1000,25,0.025
7,0.06,31,1000,17,0.017
7,0.06,32,1000,25,0.025
7,0.06,33,1000,25,0.025
7,0.06,34,1000,18,0.018
7,0.06,35,1000,28,0.028
7,0.06,36,1000,24,0.024
7,0.06,37,1000,21,0.021
7,0.06,38,1000,19,0.019
7,0.06,39,1000,19,0.019
7,0.06,40,1000,25,0.025
7,0.06,41,1000,24,0.024
7,0.06,42,1000,27,0.027
7,0.06,43,1000,18,0.018
7,0.06,44,1000,20,0.02
7,0.06,45,1000,22,0.022
7,0.06,46,1000,26,0.026
7,0.06,47,1000,19,0.019
7,0.06,48,1000,25,0.025
7,0.06,49,1000,27,0.027
7,0.06,50,1000,33,0.033
7,0.06,51,1000,22,0.022
7,0.06,52,1000,25,0.025
7,0.06,53,1000,23,0.023
7,0.06,54,1000,27,0.027
7,0.06,55,1000,25,0.025
7,0.06,56,1000,24,0.024
7,0.06,57,1000,22,0.022
7,0.06,58,1000,19,0.019
7,0.06,59,1000,23,0.023
7,0.06,60,1000,15,0.015
7,0.06,61,1000,20,0.02
7,0.06,62,1000,12,0.012
7,0.06,63,1000,17,0.017
7,0.06,64,1000,18,0.018
7,0.06,65,1000,20,0.02
7,0.06,66,1000,28,0.028
7,0.06,67,1000,13,0.013
7,0.06,68,1000,27,0.027
7,0.06,69,1000,24,0.024
7,0.06,70,1000,17,0.017
7,0.06,71,1000,25,0.025
7,0.06,72,1000,15,0.015
7,0.06,73,1000,20,0.02
7,0.06,74,1000,21,0.021
7,0.06,75,1000,21,0.021
7,0.06,76,1000,13,0.013
7,0.06,77,1000,31,0.031
7,0.06,78,1000,22,0.022
7,0.06,79,1000,23,0.023
7,0.06,80,1000,17,0.017
7,0.06,81,1000,28,0.028
7,0.06,82,1000,24,0.024
7,0.06,83,1000,20,0.02
7,0.06,84,1000,23,0.023
7,0.06,85,1000,20,0.02
7,0.06,86,1000,27,0.027
7,0.06,87,1000,21,0.021
7,0.06,88,1000,22,0.022
7,0.06,89,1000,21,0.021
7,0.06,90,1000,23,0.023
7,0.06,91,1000,18,0.018
7,0.06,92,1000,21,0.021
7,0.06,93,1000,17,0.017
7,0.06,94,1000,27,0.027
7,0.06,95,1000,19,0.019
7,0.06,96,1000,18,0.018
7,0.06,97,1000,25,0.025
7,0.06,98,1000,29,0.029
7,0.06,99,1000,21,0.021
7,0.06,100,1000,21,0.021
7,0.065,1,1000,31,0.031
7,0.065,2,1000,24,0.024
7,0.065,3,1000,30,0.03
7,0.065,4,1000,23,0.023
7,0.065,5,1000,32,0.032
7,0.065,6,1000,23,0.023
7,0.065,7,1000,28,0.028
7,0.065,8,1000,30,0.03
7,0.065,9,1000,28,0.028
7,0.065,10,1000,30,0.03
7,0.065,11,1000,39,0.039
7,0.065,12,1000,24,0.024
7,0.065,13,1000,25,0.025
7,0.065,14,1000,27,0.027
7,0.065,15,1000,25,0.025
7,0.065,16,1000,29,0.029
7,0.065,17,1000,15,0.015
7,0.065,18,1000,31,0.031
7,0.065,19,1000,27,0.027
7,0.065,20,1000,26,0.026
7,0.065,21,1000,25,0.025
7,0.065,22,1000,21,0.021
7,0.065,23,1000,34,0.034
7,0.065,24,1000,27,0.027
7,0.065,25,1000,38,0.038
7,0.065,26,1000,31,0.031
7,0.065,27,1000,28,0.028
7,0.065,28,1000,32,0.032
7,0.065,29,1000,26,0.026
7,0.065,30,1000,22,0.022
7,0.065,31,1000,31,0.031
7,0.065,32,1000,23,0.023
7,0.065,33,1000,31,0.031
7,0.065,34,1000,25,0.025
7,0.065,35,1000,15,0.015
7,0.065,36,1000,42,0.042
7,0.065,37,1000,25,0.025
7,0.065,38,1000,19,0.019
7,0.065,39,1000,31,0.031
7,0.065,40,1000,25,0.025
7,0.065,41,1000,30,0.03
7,0.065,42,1000,40,0.04
7,0.065,43,1000,25,0.025
7,0.065,44,1000,25,0.025
7,0.065,45,1000,29,0.029
7,0.065,46,1000,31,0.031
7,0.065,47,1000,19,0.019
7,0.065,48,1000,37,0.037
7,0.065,49,1000,32,0.032
7,0.065,50,1000,28,0.028
7,0.065,51,1000,31,0.031
7,0.065,52,1000,38,0.038
7,0.065,53,1000,26,0.026
7,0.065,54,1000,34,0.034
7,0.065,55,1000,25,0.025
7,0.065,56,1000,25,0.025
7,0.065,57,1000,30,0.03
7,0.065,58,1000,23,0.023
7,0.065,59,1000,32,0.032
7,0.065,60,1000,30,0.03
7,0.065,61,1000,29,0.029
7,0.065,62,1000,31,0.031
7,0.065,63,1000,29,0.029
7,0.065,64,1000,28,0.028
7,0.065,65,1000,34,0.034
7,0.065,66,1000,32,0.032
7,0.065,67,1000,25,0.025
7,0.065,68,1000,23,0.023
7,0.065,69,1000,31,0.031
7,0.065,70,1000,27,0.027
7,0.065,71,1000,20,0.02
7,0.065,72,1000,23,0.023
7,0.065,73,1000,32,0.032
7,0.065,74,1000,30,0.03
7,0.065,75,1000,27,0.027
7,0.065,76,1000,36,0.036
7,0.065,77,1000,45,0.045
7,0.065,78,1000,34,0.034
7,0.065,79,1000,27,0.027
7,0.065,80,1000,21,0.021
7,0.065,81,1000,33,0.033
7,0.065,82,1000,22,0.022
7,0.065,83,1000,35,0.035
7,0.065,84,1000,37,0.037
7,0.065,85,1000,28,0.028
7,0.065,86,1000,29,0.029
7,0.065,87,1000,37,0.037
7,0.065,88,1000,25,0.025
7,0.065,89,1000,31,0.031
7,0.065,90,1000,27,0.027
7,0.065,91,1000,22,0.022
7,0.065,92,1000,22,0.022
7,0.065,93,1000,31,0.031
7,0.065,94,1000,22,0.022
7,0.065,95,1000,32,0.032
7,0.065,96,1000,32,0.032
7,0.065,97,1000,23,0.023
7,0.065,98,1000,30,0.03
7,0.065,99,1000,36,0.036
7,0.065,100,1000,41,0.041
7,0.07,1,1000,47,0.047
7,0.07,2,1000,34,0.034
7,0.07,3,1000,36,0.036
7,0.07,4,1000,36,0.036
7,0.07,5,1000,33,0.033
7,0.07,6,1000,35,0.035
7,0.07,7,1000,41,0.041
7,0.07,8,1000,37,0.037
7,0.07,9,1000,40,0.04
7,0.07,10,1000,48,0.048
7,0.07,11,1000,41,0.041
7,0.07,12,1000,44,0.044
7,0.07,13,1000,37,0.037
7,0.07,14,1000,50,0.05
7,0.07,15,1000,36,0.036
7,0.07,16,1000,42,0.042
7,0.07,17,1000,40,0.04
7,0.07,18,1000,31,0.031
7,0.07,19,1000,43,0.043
7,0.07,20,1000,44,0.044
7,0.07,21,1000,35,0.035
7,0.07,22,1000,39,0.039
7,0.07,23,1000,37,0.037
7,0.07,24,1000,45,0.045
7,0.07,25,1000,37,0.037
7,0.07,26,1000,46,0.046
7,0.07,27,1000,38,0.038
7,0.07,28,1000,40,0.04
7,0.07,29,1000,35,0.035
7,0.07,30,1000,30,0.03
7,0.07,31,1000,40,0.04
7,0.07,32,1000,41,0.041
7,0.07,33,1000,36,0.036
7,0.07,34,1000,42,0.042
7,0.07,35,1000,29,0.029
7,0.07,36,1000,39,0.039
7,0.07,37,1000,47,0.047
7,0.07,38,1000,33,0.033
7,0.07,39,1000,45,0.045
7,0.07,40,1000,34,0.034
7,0.07,41,1000,37,0.037
7,0.07,42,1000,30,0.03
7,0.07,43,1000,41,0.041
7,0.07,44,1000,37,0.037
7,0.07,45,1000,40,0.04
7,0.07,46,1000,33,0.033
7,0.07,47,1000,37,0.037
7,0.07,48,1000,42,0.042
7,0.07,49,1000,30,0.03
7,0.07,50,1000,45,0.045
7,0.07,51,1000,31,0.031
7,0.07,52,1000,48,0.048
7,0.07,53,1000,29,0.029
7,0.07,54,1000,28,0.028
7,0.07,55,1000,42,0.042
7,0.07,56,1000,34,0.034
7,0.07,57,1000,40,0.04
7,0.07,58,1000,28,0.028
7,0.07,59,1000,38,0.038
7,0.07,60,1000,52,0.052
7,0.07,61,1000,42,0.042
7,0.07,62,1000,43,0.043
7,0.07,63,1000,33,0.033
7,0.07,64,1000,44,0.044
7,0.07,65,1000,48,0.048
7,0.07,66,1000,39,0.039
7,0.07,67,1000,42,0.042
7,0.07,68,1000,34,0.034
7,0.07,69,1000,37,0.037
7,0.07,70,1000,30,0.03
7,0.07,71,1000,33,0.033
7,0.07,72,1000,33,0.033
7,0.07,73,1000,30,0.03
7,0.07,74,1000,30,0.03
7,0.07,75,1000,43,0.043
7,0.07,76,1000,28,0.028
7,0.07,77,1000,36,0.036
7,0.07,78,1000,38,0.038
7,0.07,79,1000,35,0.035
7,0.07,80,1000,33,0.033
7,0.07,81,1000,40,0.04
7,0.07,82,1000,30,0.03
7,0.07,83,1000,35,0.035
7,0.07,84,1000,33,0.033
7,0.07,85,1000,36,0.036
7,0.07,86,1000,37,0.037
7,0.07,87,1000,42,0.042
7,0.07,88,1000,40,0.04
7,0.07,89,1000,37,0.037
7,0.07,90,1000,30,0.03
7,0.07,91,1000,18,0.018
7,0.07,92,1000,48,0.048
7,0.07,93,1000,30,0.03
7,0.07,94,1000,34,0.034
7,0.07,95,1000,48,0.048
7,0.07,96,1000,42,0.042
7,0.07,97,1000,41,0.041
7,0.07,98,1000,45,0.045
7,0.07,99,1000,41,0.041
7,0.07,100,1000,35,0.035
7,0.075,1,1000,47,0.047
7,0.075,2,1000,51,0.051
7,0.075,3,1000,53,0.053
7,0.075,4,1000,56,0.056
7,0.075,5,1000,41,0.041
7,0.075,6,1000,56,0.056
7,0.075,7,1000,54,0.054
7,0.075,8,1000,48,0.048
7,0.075,9,1000,51,0.051
7,0.075,10,1000,39,0.039
7,0.075,11,1000,43,0.043
7,0.075,12,1000,44,0.044
7,0.075,13,1000,50,0.05
7,0.075,14,1000,51,0.051
7,0.075,15,1000,38,0.038
7,0.075,16,1000,57,0.057
7,0.075,17,1000,53,0.053
7,0.075,18,1000,50,0.05
7,0.075,19,1000,45,0.045
7,0.075,20,1000,59,0.059
7,0.075,21,1000,38,0.038
7,0.075,22,1000,54,0.054
7,0.075,23,1000,44,0.044
7,0.075,24,1000,50,0.05
7,0.075,25,1000,49,0.049
7,0.075,26,1000,38,0.038
7,0.075,27,1000,57,0.057
7,0.075,28,1000,41,0.041
7,0.075,29,1000,54,0.054
7,0.075,30,1000,57,0.057
7,0.075,31,1000,60,0.06
7,0.075,32,1000,43,0.043
7,0.075,33,1000,34,0.034
7,0.075,34,1000,48,0.048
7,0.075,35,1000,60,0.06
7,0.075,36,1000,48,0.048
7,0.075,37,1000,53,0.053
7,0.075,38,1000,50,0.05
7,0.075,39,1000,42,0.042
7,0.075,40,1000,52,0.052
7,0.075,41,1000,56,0.056
7,0.075,42,1000,43,0.043
7,0.075,43,1000,48,0.048
7,0.075,44,1000,50,0.05
7,0.075,45,1000,39,0.039
7,0.075,46,1000,44,0.044
7,0.075,47,1000,53,0.053
7,0.075,48,1000,32,0.032
7,0.075,49,1000,59,0.059
7,0.075,50,1000,62,0.062
7,0.075,51,1000,27,0.027
7,0.075,52,1000,50,0.05
7,0.075,53,1000,47,0.047
7,0.075,54,1000,55,0.055
7,0.075,55,1000,64,0.064
7,0.075,56,1000,44,0.044
7,0.075,57,1000,43,0.043
7,0.075,58,1000,55,0.055
7,0.075,59,1000,52,0.052
7,0.075,60,1000,38,0.038
7,0.075,61,1000,48,0.048
7,0.075,62,1000,35,0.035
7,0.075,63,1000,37,0.037
7,0.075,64,1000,39,0.039
7,0.075,65,1000,54,0.054
7,0.075,66,1000,42,0.042
7,0.075,67,1000,51,0.051
7,0.075,68,1000,44,0.044
7,0.075,69,1000,52,0.052
7,0.075,70,1000,34,0.034
7,0.075,71,1000,42,0.042
7,0.075,72,1000,53,0.053
7,0.075,73,1000,44,0.044
7,0.075,74,1000,53,0.053
7,0.075,75,1000,55,0.055
7,0.075,76,1000,38,0.038
7,0.075,77,1000,48,0.048
7,0.075,78,1000,47,0.047
7,0.075,79,1000,39,0.039
7,0.075,80,1000,48,0.048
7,0.075,81,1000,42,0.042
7,0.075,82,1000,46,0.046
7,0.075,83,1000,54,0.054
7,0.075,84,1000,49,0.049
7,0.075,85,1000,61,0.061
7,0.075,86,1000,41,0.041
7,0.075,87,1000,48,0.048
7,0.075,88,1000,38,0.038
7,0.075,89,1000,46,0.046
7,0.075,90,1000,41,0.041
7,0.075,91,1000,55,0.055
7,0.075,92,1000,45,0.045
7,0.075,93,1000,57,0.057
7,0.075,94,1000,57,0.057
7,0.075,95,1000,46,0.046
7,0.075,96,1000,55,0.055
7,0.075,97,1000,49,0.049
7,0.075,98,1000,60,0.06
7,0.075,99,1000,36,0.036
7,0.075,100,1000,41,0.041
7,0.08,1,1000,54,0.054
7,0.08,2,1000,54,0.054
7,0.08,3,1000,49,0.049
7,0.08,4,1000,57,0.057
7,0.08,5,1000,54,0.054
7,0.08,6,1000,54,0.054
7,0.08,7,1000,65,0.065
7,0.08,8,1000,76,0.076
7,0.08,9,1000,77,0.077
7,0.08,10,1000,57,0.057
7,0.08,11,1000,59,0.059
7,0.08,12,1000,52,0.052
7,0.08,13,1000,78,0.078
7,0.08,14,1000,55,0.055
7,0.08,15,1000,64,0.064
7,0.08,16,1000,55,0.055
7,0.08,17,1000,49,0.049
7,0.08,18,1000,45,0.045
7,0.08,19,1000,74,0.074
7,0.08,20,1000,60,0.06
7,0.08,21,1000,63,0.063
7,0.08,22,1000,54,0.054
7,0.08,23,1000,51,0.051
7,0.08,24,1000,51,0.051
7,0.08,25,1000,69,0.069
7,0.08,26,1000,63,0.063
7,0.08,27,1000,42,0.042
7,0.08,28,1000,58,0.058
7,0.08,29,1000,67,0.067
7,0.08,30,1000,67,0.067
7,0.08,31,1000,49,0.049
7,0.08,32,1000,48,0.048
7,0.08,33,1000,58,0.058
7,0.08,34,1000,69,0.069
7,0.08,35,1000,62,0.062
7,0.08,36,1000,49,0.049
7,0.08,37,1000,58,0.058
7,0.08,38,1000,74,0.074
7,0.08,39,1000,65,0.065
7,0.08,40,1000,75,0.075
7,0.08,41,1000,65,0.065
7,0.08,42,1000,55,0.055
7,0.08,43,1000,67,0.067
7,0.08,44,1000,60,0.06
7,0.08,45,1000,54,0.054
7,0.08,46,1000,52,0.052
7,0.08,47,1000,62,0.062
7,0.08,48,1000,66,0.066
7,0.08,49,1000,66,0.066
7,0.08,50,1000,63,0.063
7,0.08,51,1000,63,0.063
7,0.08,52,1000,65,0.065
7,0.08,53,1000,60,0.06
7,0.08,54,1000,63,0.063
7,0.08,55,1000,71,0.071
7,0.08,56,1000,76,0.076
7,0.08,57,1000,47,0.047
7,0.08,58,1000,60,0.06
7,0.08,59,1000,59,0.059
7,0.08,60,1000,58,0.058
7,0.08,61,1000,64,0.064
7,0.08,62,1000,67,0.067
7,0.08,63,1000,57,0.057
7,0.08,64,1000,57,0.057
7,0.08,65,1000,47,0.047
7,0.08,66,1000,59,0.059
7,0.08,67,1000,63,0.063
7,0.08,68,1000,54,0.054
7,0.08,69,1000,69,0.069
7,0.08,70,1000,68,0.068
7,0.08,71,1000,51,0.051
7,0.08,72,1000,53,0.053
7,0.08,73,1000,54,0.054
7,0.08,74,1000,55,0.055
7,0.08,75,1000,52,0.052
7,0.08,76,1000,64,0.064
7,0.08,77,1000,71,0.071
7,0.08,78,1000,70,0.07
7,0.08,79,1000,61,0.061
7,0.08,80,1000,57,0.057
7,0.08,81,1000,72,0.072
7,0.08,82,1000,51,0.051
7,0.08,83,1000,72,0.072
7,0.08,84,1000,72,0.072
7,0.08,85,1000,53,0.053
7,0.08,86,1000,51,0.051
7,0.08,87,1000,64,0.064
7,0.08,88,1000,55,0.055
7,0.08,89,1000,43,0.043
7,0.08,90,1000,62,0.062
7,0.08,91,1000,61,0.061
7,0.08,92,1000,58,0.058
7,0.08,93,1000,47,0.047
7,0.08,94,1000,63,0.063
7,0.08,95,1000,56,0.056
7,0.08,96,1000,70,0.07
7,0.08,97,1000,54,0.054
7,0.08,98,1000,57,0.057
7,0.08,99,1000,47,0.047
7,0.08,100,1000,62,0.062
7,0.085,1,1000,84,0.084
7,0.085,2,1000,54,0.054
7,0.085,3,1000,79,0.079
7,0.085,4,1000,77,0.077
7,0.085,5,1000,66,0.066
7,0.085,6,1000,73,0.073
7,0.085,7,1000,66,0.066
7,0.085,8,1000,70,0.07
7,0.085,9,1000,70,0.07
7,0.085,10,1000,72,0.072
7,0.085,11,1000,60,0.06
7,0.085,12,1000,66,0.066
7,0.085,13,1000,72,0.072
7,0.085,14,1000,62,0.062
7,0.085,15,1000,77,0.077
7,0.085,16,1000,60,0.06
7,0.085,17,1000,73,0.073
7,0.085,18,1000,77,0.077
7,0.085,19,1000,75,0.075
7,0.085,20,1000,85,0.085
7,0.085,21,1000,67,0.067
7,0.085,22,1000,78,0.078
7,0.085,23,1000,75,0.075
7,0.085,24,1000,68,0.068
7,0.085,25,1000,70,0.07
7,0.085,26,1000,70,0.07
7,0.085,27,1000,71,0.071
7,0.085,28,1000,74,0.074
7,0.085,29,1000,81,0.081
7,0.085,30,1000,70,0.07
7,0.085,31,1000,86,0.086
7,0.085,32,1000,74,0.074
7,0.085,33,1000,87,0.087
7,0.085,34,1000,72,0.072
7,0.085,35,1000,85,0.085
7,0.085,36,1000,75,0.075
7,0.085,37,1000,79,0.079
7,0.085,38,1000,63,0.063
7,0.085,39,1000,65,0.065
7,0.085,40,1000,83,0.083
7,0.085,41,1000,74,0.074
7,0.085,42,1000,76,0.076
7,0.085,43,1000,88,0.088
7,0.085,44,1000,69,0.069
7,0.085,45,1000,63,0.063
7,0.085,46,1000,77,0.077
7,0.085,47,1000,68,0.068
7,0.085,48,1000,68,0.068
7,0.085,49,1000,73,0.073
7,0.085,50,1000,60,0.06
7,0.085,51,1000,71,0.071
7,0.085,52,1000,76,0.076
7,0.085,53,1000,68,0.068
7,0.085,54,1000,75,0.075
7,0.085,55,1000,70,0.07
7,0.085,56,1000,66,0.066
7,0.085,57,1000,72,0.072
7,0.085,58,1000,75,0.075
7,0.085,59,1000,83,0.083
7,0.085,60,1000,65,0.065
7,0.085,61,1000,71,0.071
7,0.085,62,1000,75,0.075
7,0.085,63,1000,80,0.08
7,0.085,64,1000,75,0.075
7,0.085,65,1000,81,0.081
7,0.085,66,1000,82,0.082
7,0.085,67,1000,76,0.076
7,0.085,68,1000,75,0.075
7,0.085,69,1000,66,0.066
7,0.085,70,1000,60,0.06
7,0.085,71,1000,66,0.066
7,0.085,72,1000,62,0.062
7,0.085,73,1000,64,0.064
7,0.085,74,1000,75,0.075
7,0.085,75,1000,52,0.052
7,0.085,76,1000,58,0.058
7,0.085,77,1000,74,0.074
7,0.085,78,1000,70,0.07
7,0.085,79,1000,72,0.072
7,0.085,80,1000,64,0.064
7,0.085,81,1000,65,0.065
7,0.085,82,1000,69,0.069
7,0.085,83,1000,80,0.08
7,0.085,84,1000,84,0.084
7,0.085,85,1000,66,0.066
7,0.085,86,1000,70,0.07
7,0.085,87,1000,79,0.079
7,0.085,88,1000,77,0.077
7,0.085,89,1000,72,0.072
7,0.085,90,1000,85,0.085
7,0.085,91,1000,76,0.076
7,0.085,92,1000,79,0.079
7,0.085,93,1000,71,0.071
7,0.085,94,1000,73,0.073
7,0.085,95,1000,72,0.072
7,0.085,96,1000,73,0.073
7,0.085,97,1000,94,0.094
7,0.085,98,1000,76,0.076
7,0.085,99,1000,60,0.06
7,0.085,100,1000,70,0.07
7,0.09,1,1000,90,0.09
7,0.09,2,1000,75,0.075
7,0.09,3,1000,85,0.085
7,0.09,4,1000,67,0.067
7,0.09,5,1000,93,0.093
7,0.09,6,1000,91,0.091
7,0.09,7,1000,92,0.092
7,0.09,8,1000,84,0.084
7,0.09,9,1000,69,0.069
7,0.09,10,1000,82,0.082
7,0.09,11,1000,91,0.091
7,0.09,12,1000,90,0.09
7,0.09,13,1000,96,0.096
7,0.09,14,1000,80,0.08
7,0.09,15,1000,92,0.092
7,0.09,16,1000,84,0.084
7,0.09,17,1000,85,0.085
7,0.09,18,1000,90,0.09
7,0.09,19,1000,84,0.084
7,0.09,20,1000,93,0.093
7,0.09,21,1000,89,0.089
7,0.09,22,1000,96,0.096
7,0.09,23,1000,80,0.08
7,0.09,24,1000,83,0.083
7,0.09,25,1000,80,0.08
7,0.09,26,1000,77,0.077
7,0.09,27,1000,85,0.085
7,0.09,28,1000,97,0.097
7,0.09,29,1000,76,0.076
7,0.09,30,1000,80,0.08
7,0.09,31,1000,80,0.08
7,0.09,32,1000,85,0.085
7,0.09,33,1000,87,0.087
7,0.09,34,1000,92,0.092
7,0.09,35,1000,81,0.081
7,0.09,36,1000,75,0.075
7,0.09,37,1000,75,0.075
7,0.09,38,1000,85,0.085
7,0.09,39,1000,101,0.101
7,0.09,40,1000,104,0.104
7,0.09,41,1000,88,0.088
7,0.09,42,1000,89,0.089
7,0.09,43,1000,81,0.081
7,0.09,44,1000,87,0.087
7,0.09,45,1000,73,0.073
7,0.09,46,1000,83,0.083
7,0.09,47,1000,85,0.085
7,0.09,48,1000,101,0.101
7,0.09,49,1000,98,0.098
7,0.09,50,1000,94,0.094
7,0.09,51,1000,77,0.077
7,0.09,52,1000,80,0.08
7,0.09,53,1000,79,0.079
7,0.09,54,1000,82,0.082
7,0.09,55,1000,88,0.088
7,0.09,56,1000,84,0.084
7,0.09,57,1000,94,0.094
7,0.09,58,1000,85,0.085
7,0.09,59,1000,73,0.073
7,0.09,60,1000,96,0.096
7,0.09,61,1000,91,0.091
7,0.09,62,1000,91,0.091
7,0.09,63,1000,87,0.087
7,0.09,64,1000,79,0.079
7,0.09,65,1000,70,0.07
7,0.09,66,1000,90,0.09
7,0.09,67,1000,89,0.089
7,0.09,68,1000,89,0.089
7,0.09,69,1000,77,0.077
7,0.09,70,1000,79,0.079
7,0.09,71,1000,90,0.09
7,0.09,72,1000,78,0.078
7,0.09,73,1000,97,0.097
7,0.09,74,1000,79,0.079
7,0.09,75,1000,81,0.081
7,0.09,76,1000,86,0.086
7,0.09,77,1000,64,0.064
7,0.09,78,1000,86,0.086
7,0.09,79,1000,83,0.083
7,0.09,80,1000,101,0.101
7,0.09,81,1000,75,0.075
7,0.09,82,1000,101,0.101
7,0.09,83,1000,90,0.09
7,0.09,84,1000,92,0.092
7,0.09,85,1000,75,0.075
7,0.09,86,1000,94,0.094
7,0.09,87,1000,87,0.087
7,0.09,88,1000,79,0.079
7,0.09,89,1000,78,0.078
7,0.09,90,1000,75,0.075
7,0.09,91,1000,81,0.081
7,0.09,92,1000,81,0.081
7,0.09,93,1000,63,0.063
7,0.09,94,1000,87,0.087
7,0.09,95,1000,79,0.079
7,0.09,96,1000,79,0.079
7,0.09,97,1000,102,0.102
7,0.09,98,1000,75,0.075
7,0.09,99,1000,88,0.088
7,0.09,100,1000,70,0.07
7,0.095,1,1000,86,0.086
7,0.095,2,1000,104,0.104
7,0.095,3,1000,88,0.088
7,0.095,4,1000,94,0.094
7,0.095,5,1000,104,0.104
7,0.095,6,1000,99,0.099
7,0.095,7,1000,104,0.104
7,0.095,8,1000,106,0.106
7,0.095,9,1000,102,0.102
7,0.095,10,1000,86,0.086
7,0.095,11,1000,115,0.115
7,0.095,12,1000,96,0.096
7,0.095,13,1000,104,0.104
7,0.095,14,1000,91,0.091
7,0.095,15,1000,110,0.11
7,0.095,16,1000,89,0.089
7,0.095,17,1000,104,0.104
7,0.095,18,1000,101,0.101
7,0.095,19,1000,91,0.091
7,0.095,20,1000,109,0.109
7,0.095,21,1000,115,0.115
7,0.095,22,1000,102,0.102
7,0.095,23,1000,91,0.091
7,0.095,24,1000,91,0.091
7,0.095,25,1000,101,0.101
7,0.095,26,1000,98,0.098
7,0.095,27,1000,106,0.106
7,0.095,28,1000,81,0.081
7,0.095,29,1000,110,0.11
7,0.095,30,1000,99,0.099
7,0.095,31,1000,113,0.113
7,0.095,32,1000,110,0.11
7,0.095,33,1000,94,0.094
7,0.095,34,1000,110,0.11
7,0.095,35,1000,100,0.1
7,0.095,36,1000,101,0.101
7,0.095,37,1000,132,0.132
7,0.095,38,1000,99,0.099
7,0.095,39,1000,108,0.108
7,0.095,40,1000,112,0.112
7,0.095,41,1000,99,0.099
7,0.095,42,1000,99,0.099
7,0.095,43,1000,95,0.095
7,0.095,44,1000,83,0.083
7,0.095,45,1000,101,0.101
7,0.095,46,1000,103,0.103
7,0.095,47,1000,95,0.095
7,0.095,48,1000,109,0.109
7,0.095,49,1000,115,0.115
7,0.095,50,1000,102,0.102
7,0.095,51,1000,85,0.085
7,0.095,52,1000,105,0.105
7,0.095,53,1000,102,0.102
7,0.095,54,1000,92,0.092
7,0.095,55,1000,110,0.11
7,0.095,56,1000,96,0.096
7,0.095,57,1000,84,0.084
7,0.095,58,1000,107,0.107
7,0.095,59,1000,84,0.084
7,0.095,60,1000,96,0.096
7,0.095,61,1000,106,0.106
7,0.095,62,1000,86,0.086
7,0.095,63,1000,95,0.095
7,0.095,64,1000,103,0.103
7,0.095,65,1000,115,0.115
7,0.095,66,1000,97,0.097
7,0.095,67,1000,100,0.1
7,0.095,68,1000,99,0.099
7,0.095,69,1000,124,0.124
7,0.095,70,1000,102,0.102
7,0.095,71,1000,99,0.099
7,0.095,72,1000,104,0.104
7,0.095,73,1000,115,0.115
7,0.095,74,1000,106,0.106
7,0.095,75,1000,100,0.1
7,0.095,76,1000,82,0.082
7,0.095,77,1000,96,0.096
7,0.095,78,1000,115,0.115
7,0.095,79,1000,108,0.108
7,0.095,80,1000,114,0.114
7,0.095,81,1000,108,0.108
7,0.095,82,1000,82,0.082
7,0.095,83,1000,93,0.093
7,0.095,84,1000,98,0.098
7,0.095,85,1000,77,0.077
7,0.095,86,1000,98,0.098
7,0.095,87,1000,106,0.106
7,0.095,88,1000,93,0.093
7,0.095,89,1000,104,0.104
7,0.095,90,1000,105,0.105
7,0.095,91,1000,91,0.091
7,0.095,92,1000,102,0.102
7,0.095,93,1000,99,0.099
7,0.095,94,1000,79,0.079
7,0.095,95,1000,110,0.11
7,0.095,96,1000,97,0.097
7,0.095,97,1000,103,0.103
7,0.095,98,1000,91,0.091
7,0.095,99,1000,97,0.097
7,0.095,100,1000,90,0.09
7,0.1,1,1000,112,0.112
7,0.1,2,1000,88,0.088
7,0.1,3,1000,109,0.109
7,0.1,4,1000,119,0.119
7,0.1,5,1000,123,0.123
7,0.1,6,1000,106,0.106
7,0.1,7,1000,111,0.111
7,0.1,8,1000,118,0.118
7,0.1,9,1000,128,0.128
7,0.1,10,1000,105,0.105
7,0.1,11,1000,114,0.114
7,0.1,12,1000,118,0.118
7,0.1,13,1000,114,0.114
7,0.1,14,1000,121,0.121
7,0.1,15,1000,99,0.099
7,0.1,16,1000,112,0.112
7,0.1,17,1000,117,0.117
7,0.1,18,1000,114,0.114
7,0.1,19,1000,102,0.102
7,0.1,20,1000,114,0.114
7,0.1,21,1000,128,0.128
7,0.1,22,1000,121,0.121
7,0.1,23,1000,132,0.132
7,0.1,24,1000,122,0.122
7,0.1,25,1000,102,0.102
7,0.1,26,1000,125,0.125
7,0.1,27,1000,113,0.113
7,0.1,28,1000,105,0.105
7,0.1,29,1000,112,0.112
7,0.1,30,1000,126,0.126
7,0.1,31,1000,122,0.122
7,0.1,32,1000,121,0.121
7,0.1,33,1000,118,0.118
7,0.1,34,1000,118,0.118
7,0.1,35,1000,120,0.12
7,0.1,36,1000,122,0.122
7,0.1,37,1000,118,0.118
7,0.1,38,1000,101,0.101
7,0.1,39,1000,98,0.098
7,0.1,40,1000,125,0.125
7,0.1,41,1000,111,0.111
7,0.1,42,1000,116,0.116
7,0.1,43,1000,114,0.114
7,0.1,44,1000,111,0.111
7,0.1,45,1000,116,0.116
7,0.1,46,1000,119,0.119
7,0.1,47,1000,119,0.119
7,0.1,48,1000,93,0.093
7,0.1,49,1000,110,0.11
7,0.1,50,1000,129,0.129
7,0.1,51,1000,125,0.125
7,0.1,52,1000,118,0.118
7,0.1,53,1000,89,0.089
7,0.1,54,1000,125,0.125
7,0.1,55,1000,128,0.128
7,0.1,56,1000,130,0.13
7,0.1,57,1000,99,0.099
7,0.1,58,1000,112,0.112
7,0.1,59,1000,123,0.123
7,0.1,60,1000,109,0.109
7,0.1,61,1000,119,0.119
7,0.1,62,1000,107,0.107
7,0.1,63,1000,126,0.126
7,0.1,64,1000,117,0.117
7,0.1,65,1000,101,0.101
7,0.1,66,1000,111,0.111
7,0.1,67,1000,112,0.112
7,0.1,68,1000,114,0.114
7,0.1,69,1000,101,0.101
7,0.1,70,1000,117,0.117
7,0.1,71,1000,142,0.142
7,0.1,72,1000,125,0.125
7,0.1,73,1000,111,0.111
7,0.1,74,1000,111,0.111
7,0.1,75,1000,124,0.124
7,0.1,76,1000,123,0.123
7,0.1,77,1000,112,0.112
7,0.1,78,1000,122,0.122
7,0.1,79,1000,127,0.127
7,0.1,80,1000,113,0.113
7,0.1,81,1000,123,0.123
7,0.1,82,1000,120,0.12
7,0.1,83,1000,107,0.107
7,0.1,84,1000,124,0.124
7,0.1,85,1000,114,0.114
7,0.1,86,1000,101,0.101
7,0.1,87,1000,119,0.119
7,0.1,88,1000,131,0.131
7,0.1,89,1000,99,0.099
7,0.1,90,1000,122,0.122
7,0.1,91,1000,122,0.122
7,0.1,92,1000,111,0.111
7,0.1,93,1000,116,0.116
7,0.1,94,1000,131,0.131
7,0.1,95,1000,117,0.117
7,0.1,96,1000,130,0.13
7,0.1,97,1000,131,0.131
7,0.1,98,1000,108,0.108
7,0.1,99,1000,101,0.101
7,0.1,100,1000,120,0.12
7,0.105,1,1000,117,0.117
7,0.105,2,1000,121,0.121
7,0.105,3,1000,127,0.127
7,0.105,4,1000,145,0.145
7,0.105,5,1000,130,0.13
7,0.105,6,1000,133,0.133
7,0.105,7,1000,143,0.143
7,0.105,8,1000,126,0.126
7,0.105,9,1000,153,0.153
7,0.105,10,1000,137,0.137
7,0.105,11,1000,139,0.139
7,0.105,12,1000,151,0.151
7,0.105,13,1000,134,0.134
7,0.105,14,1000,130,0.13
7,0.105,15,1000,114,0.114
7,0.105,16,1000,118,0.118
7,0.105,17,1000,126,0.126
7,0.105,18,1000,147,0.147
7,0.105,19,1000,130,0.13
7,0.105,20,1000,128,0.128
7,0.105,21,1000,127,0.127
7,0.105,22,1000,128,0.128
7,0.105,23,1000,139,0.139
7,0.105,24,1000,123,0.123
7,0.105,25,1000,128,0.128
7,0.105,26,1000,122,0.122
7,0.105,27,1000,135,0.135
7,0.105,28,1000,122,0.122
7,0.105,29,1000,159,0.159
7,0.105,30,1000,138,0.138
7,0.105,31,1000,128,0.128
7,0.105,32,1000,137,0.137
7,0.105,33,1000,147,0.147
7,0.105,34,1000,143,0.143
7,0.105,35,1000,120,0.12
7,0.105,36,1000,130,0.13
7,0.105,37,1000,105,0.105
7,0.105,38,1000,131,0.131
7,0.105,39,1000,129,0.129
7,0.105,40,1000,135,0.135
7,0.105,41,1000,135,0.135
7,0.105,42,1000,123,0.123
7,0.105,43,1000,131,0.131
7,0.105,44,1000,106,0.106
7,0.105,45,1000,137,0.137
7,0.105,46,1000,114,0.114
7,0.105,47,1000,133,0.133
7,0.105,48,1000,121,0.121
7,0.105,49,1000,139,0.139
7,0.105,50,1000,123,0.123
7,0.105,51,1000,129,0.129
7,0.105,52,1000,128,0.128
7,0.105,53,1000,143,0.143
7,0.105,54,1000,143,0.143
7,0.105,55,1000,125,0.125
7,0.105,56,1000,113,0.113
7,0.105,57,1000,136,0.136
7,0.105,58,1000,136,0.136
7,0.105,59,1000,142,0.142
7,0.105,60,1000,164,0.164
7,0.105,61,1000,126,0.126
7,0.105,62,1000,133,0.133
7,0.105,63,1000,102,0.102
7,0.105,64,1000,131,0.131
7,0.105,65,1000,128,0.128
7,0.105,66,1000,140,0.14
7,0.105,67,1000,136,0.136
7,0.105,68,1000,124,0.124
7,0.105,69,1000,134,0.134
7,0.105,70,1000,108,0.108
7,0.105,71,1000,137,0.137
7,0.105,72,1000,130,0.13
7,0.105,73,1000,126,0.126
7,0.105,74,1000,131,0.131
7,0.105,75,1000,141,0.141
7,0.105,76,1000,123,0.123
7,0.105,77,1000,119,0.119
7,0.105,78,1000,135,0.135
7,0.105,79,1000,139,0.139
7,0.105,80,1000,118,0.118
7,0.105,81,1000,125,0.125
7,0.105,82,1000,130,0.13
7,0.105,83,1000,125,0.125
7,0.105,84,1000,144,0.144
7,0.105,85,1000,137,0.137
7,0.105,86,1000,148,0.148
7,0.105,87,1000,135,0.135
7,0.105,88,1000,127,0.127
7,0.105,89,1000,144,0.144
7,0.105,90,1000,126,0.126
7,0.105,91,1000,142,0.142
7,0.105,92,1000,120,0.12
7,0.105,93,1000,137,0.137
7,0.105,94,1000,134,0.134
7,0.105,95,1000,127,0.127
7,0.105,96,1000,117,0.117
7,0.105,97,1000,130,0.13
7,0.105,98,1000,123,0.123
7,0.105,99,1000,138,0.138
7,0.105,100,1000,126,0.126
7,0.11,1,1000,152,0.152
7,0.11,2,1000,164,0.164
7,0.11,3,1000,138,0.138
7,0.11,4,1000,147,0.147
7,0.11,5,1000,154,0.154
7,0.11,6,1000,125,0.125
7,0.11,7,1000,148,0.148
7,0.11,8,1000,154,0.154
7,0.11,9,1000,146,0.146
7,0.11,10,1000,132,0.132
7,0.11,11,1000,148,0.148
7,0.11,12,1000,165,0.165
7,0.11,13,1000,160,0.16
7,0.11,14,1000,154,0.154
7,0.11,15,1000,138,0.138
7,0.11,16,1000,157,0.157
7,0.11,17,1000,159,0.159
7,0.11,18,1000,136,0.136
7,0.11,19,1000,159,0.159
7,0.11,20,1000,145,0.145
7,0.11,21,1000,151,0.151
7,0.11,22,1000,154,0.154
7,0.11,23,1000,164,0.164
7,0.11,24,1000,159,0.159
7,0.11,25,1000,150,0.15
7,0.11,26,1000,148,0.148
7,0.11,27,1000,142,0.142
7,0.11,28,1000,159,0.159
7,0.11,29,1000,157,0.157
7,0.11,30,1000,147,0.147
7,0.11,31,1000,155,0.155
7,0.11,32,1000,148,0.148
7,0.11,33,1000,154,0.154
7,0.11,34,1000,161,0.161
7,0.11,35,1000,158,0.158
7,0.11,36,1000,153,0.153
7,0.11,37,1000,148,0.148
7,0.11,38,1000,179,0.179
7,0.11,39,1000,154,0.154
7,0.11,40,1000,136,0.136
7,0.11,41,1000,140,0.14
7,0.11,42,1000,165,0.165
7,0.11,43,1000,141,0.141
7,0.11,44,1000,154,0.154
7,0.11,45,1000,134,0.134
7,0.11,46,1000,151,0.151
7,0.11,47,1000,162,0.162
7,0.11,48,1000,146,0.146
7,0.11,49,1000,140,0.14
7,0.11,50,1000,143,0.143
7,0.11,51,1000,147,0.147
7,0.11,52,1000,136,0.136
7,0.11,53,1000,123,0.123
7,0.11,54,1000,154,0.154
7,0.11,55,1000,142,0.142
7,0.11,56,1000,130,0.13
7,0.11,57,1000,145,0.145
7,0.11,58,1000,128,0.128
7,0.11,59,1000,145,0.145
7,0.11,60,1000,156,0.156
7,0.11,61,1000,154,0.154
7,0.11,62,1000,143,0.143
7,0.11,63,1000,148,0.148
7,0.11,64,1000,143,0.143
7,0.11,65,1000,165,0.165
7,0.11,66,1000,143,0.143
7,0.11,67,1000,151,0.151
7,0.11,68,1000,148,0.148
7,0.11,69,1000,156,0.156
7,0.11,70,1000,133,0.133
7,0.11,71,1000,147,0.147
7,0.11,72,1000,159,0.159
7,0.11,73,1000,149,0.149
7,0.11,74,1000,151,0.151
7,0.11,75,1000,168,0.168
7,0.11,76,1000,162,0.162
7,0.11,77,1000,153,0.153
7,0.11,78,1000,157,0.157
7,0.11,79,1000,157,0.157
7,0.11,80,1000,148,0.148
7,0.11,81,1000,132,0.132
7,0.11,82,1000,144,0.144
7,0.11,83,1000,158,0.158
7,0.11,84,1000,158,0.158
7,0.11,85,1000,161,0.161
7,0.11,86,1000,153,0.153
7,0.11,87,1000,158,0.158
7,0.11,88,1000,154,0.154
7,0.11,89,1000,143,0.143
7,0.11,90,1000,146,0.146
7,0.11,91,1000,139,0.139
7,0.11,92,1000,145,0.145
7,0.11,93,1000,143,0.143
7,0.11,94,1000,147,0.147
7,0.11,95,1000,158,0.158
7,0.11,96,1000,153,0.153
7,0.11,97,1000,144,0.144
7,0.11,98,1000,163,0.163
7,0.11,99,1000,140,0.14
7,0.11,100,1000,131,0.131
7,0.115,1,1000,158,0.158
7,0.115,2,1000,183,0.183
7,0.115,3,1000,175,0.175
7,0.115,4,1000,149,0.149
7,0.115,5,1000,163,0.163
7,0.115,6,1000,162,0.162
7,0.115,7,1000,171,0.171
7,0.115,8,1000,172,0.172
7,0.115,9,1000,169,0.169
7,0.115,10,1000,175,0.175
7,0.115,11,1000,157,0.157
7,0.115,12,1000,155,0.155
7,0.115,13,1000,148,0.148
7,0.115,14,1000,164,0.164
7,0.115,15,1000,158,0.158
7,0.115,16,1000,177,0.177
7,0.115,17,1000,173,0.173
7,0.115,18,1000,158,0.158
7,0.115,19,1000,167,0.167
7,0.115,20,1000,180,0.18
7,0.115,21,1000,148,0.148
7,0.115,22,1000,164,0.164
7,0.115,23,1000,151,0.151
7,0.115,24,1000,190,0.19
7,0.115,25,1000,157,0.157
7,0.115,26,1000,168,0.168
7,0.115,27,1000,168,0.168
7,0.115,28,1000,161,0.161
7,0.115,29,1000,166,0.166
7,0.115,30,1000,158,0.158
7,0.115,31,1000,160,0.16
7,0.115,32,1000,178,0.178
7,0.115,33,1000,156,0.156
7,0.115,34,1000,142,0.142
7,0.115,35,1000,149,0.149
7,0.115,36,1000,151,0.151
7,0.115,37,1000,177,0.177
7,0.115,38,1000,160,0.16
7,0.115,39,1000,157,0.157
7,0.115,40,1000,167,0.167
7,0.115,41,1000,162,0.162
7,0.115,42,1000,162,0.162
7,0.115,43,1000,172,0.172
7,0.115,44,1000,157,0.157
7,0.115,45,1000,173,0.173
7,0.115,46,1000,159,0.159
7,0.115,47,1000,155,0.155
7,0.115,48,1000,160,0.16
7,0.115,49,1000,149,0.149
7,0.115,50,1000,164,0.164
7,0.115,51,1000,171,0.171
7,0.115,52,1000,156,0.156
7,0.115,53,1000,165,0.165
7,0.115,54,1000,164,0.164
7,0.115,55,1000,163,0.163
7,0.115,56,1000,171,0.171
7,0.115,57,1000,157,0.157
7,0.115,58,1000,154,0.154
7,0.115,59,1000,161,0.161
7,0.115,60,1000,178,0.178
7,0.115,61,1000,155,0.155
7,0.115,62,1000,156,0.156
7,0.115,63,1000,176,0.176
7,0.115,64,1000,183,0.183
7,0.115,65,1000,191,0.191
7,0.115,66,1000,164,0.164
7,0.115,67,1000,179,0.179
7,0.115,68,1000,155,0.155
7,0.115,69,1000,146,0.146
7,0.115,70,1000,158,0.158
7,0.115,71,1000,170,0.17
7,0.115,72,1000,170,0.17
7,0.115,73,1000,149,0.149
7,0.115,74,1000,173,0.173
7,0.115,75,1000,183,0.183
7,0.115,76,1000,195,0.195
7,0.115,77,1000,139,0.139
7,0.115,78,1000,168,0.168
7,0.115,79,1000,167,0.167
7,0.115,80,1000,181,0.181
7,0.115,81,1000,160,0.16
7,0.115,82,1000,168,0.168
7,0.115,83,1000,162,0.162
7,0.115,84,1000,182,0.182
7,0.115,85,1000,167,0.167
7,0.115,86,1000,151,0.151
7,0.115,87,1000,188,0.188
7,0.115,88,1000,167,0.167
7,0.115,89,1000,150,0.15
7,0.115,90,1000,189,0.189
7,0.115,91,1000,166,0.166
7,0.115,92,1000,162,0.162
7,0.115,93,1000,151,0.151
7,0.115,94,1000,161,0.161
7,0.115,95,1000,162,0.162
7,0.115,96,1000,151,0.151
7,0.115,97,1000,174,0.174
7,0.115,98,1000,165,0.165
7,0.115,99,1000,157,0.157
7,0.115,100,1000,162,0.162
7,0.12,1,1000,172,0.172
7,0.12,2,1000,188,0.188
7,0.12,3,1000,193,0.193
7,0.12,4,1000,184,0.184
7,0.12,5,1000,186,0.186
7,0.12,6,1000,160,0.16
7,0.12,7,1000,198,0.198
7,0.12,8,1000,192,0.192
7,0.12,9,1000,178,0.178
7,0.12,10,1000,190,0.19
7,0.12,11,1000,197,0.197
7,0.12,12,1000,189,0.189
7,0.12,13,1000,193,0.193
7,0.12,14,1000,198,0.198
7,0.12,15,1000,197,0.197
7,0.12,16,1000,179,0.179
7,0.12,17,1000,178,0.178
7,0.12,18,1000,192,0.192
7,0.12,19,1000,178,0.178
7,0.12,20,1000,167,0.167
7,0.12,21,1000,181,0.181
7,0.12,22,1000,184,0.184
7,0.12,23,1000,198,0.198
7,0.12,24,1000,174,0.174
7,0.12,25,1000,188,0.188
7,0.12,26,1000,181,0.181
7,0.12,27,1000,192,0.192
7,0.12,28,1000,192,0.192
7,0.12,29,1000,174,0.174
7,0.12,30,1000,179,0.179
7,0.12,31,1000,194,0.194
7,0.12,32,1000,185,0.185
7,0.12,33,1000,205,0.205
7,0.12,34,1000,191,0.191
7,0.12,35,1000,163,0.163
7,0.12,36,1000,177,0.177
7,0.12,37,1000,194,0.194
7,0.12,38,1000,210,0.21
7,0.12,39,1000,179,0.179
7,0.12,40,1000,162,0.162
7,0.12,41,1000,190,0.19
7,0.12,42,1000,178,0.178
7,0.12,43,1000,189,0.189
7,0.12,44,1000,190,0.19
7,0.12,45,1000,189,0.189
7,0.12,46,1000,210,0.21
7,0.12,47,1000,188,0.188
7,0.12,48,1000,195,0.195
7,0.12,49,1000,194,0.194
7,0.12,50,1000,167,0.167
7,0.12,51,1000,200,0.2
7,0.12,52,1000,199,0.199
7,0.12,53,1000,183,0.183
7,0.12,54,1000,178,0.178
7,0.12,55,1000,173,0.173
7,0.12,56,1000,168,0.168
7,0.12,57,1000,177,0.177
7,0.12,58,1000,175,0.175
7,0.12,59,1000,189,0.189
7,0.12,60,1000,195,0.195
7,0.12,61,1000,170,0.17
7,0.12,62,1000,197,0.197
7,0.12,63,1000,175,0.175
7,0.12,64,1000,186,0.186
7,0.12,65,1000,180,0.18
7,0.12,66,1000,191,0.191
7,0.12,67,1000,174,0.174
7,0.12,68,1000,200,0.2
7,0.12,69,1000,177,0.177
7,0.12,70,1000,199,0.199
7,0.12,71,1000,188,0.188
7,0.12,72,1000,183,0.183
7,0.12,73,1000,180,0.18
7,0.12,74,1000,201,0.201
7,0.12,75,1000,181,0.181
7,0.12,76,1000,185,0.185
7,0.12,77,1000,172,0.172
7,0.12,78,1000,184,0.184
7,0.12,79,1000,187,0.187
7,0.12,80,1000,168,0.168
7,0.12,81,1000,205,0.205
7,0.12,82,1000,183,0.183
7,0.12,83,1000,188,0.188
7,0.12,84,1000,184,0.184
7,0.12,85,1000,169,0.169
7,0.12,86,1000,175,0.175
7,0.12,87,1000,178,0.178
7,0.12,88,1000,179,0.179
7,0.12,89,1000,184,0.184
7,0.12,90,1000,189,0.189
7,0.12,91,1000,163,0.163
7,0.12,92,1000,186,0.186
7,0.12,93,1000,188,0.188
7,0.12,94,1000,183,0.183
7,0.12,95,1000,167,0.167
7,0.12,96,1000,191,0.191
7,0.12,97,1000,189,0.189
7,0.12,98,1000,207,0.207
7,0.12,99,1000,178,0.178
7,0.12,100,1000,201,0.201
7,0.125,1,1000,192,0.192
7,0.125,2,1000,211,0.211
7,0.125,3,1000,193,0.193
7,0.125,4,1000,179,0.179
7,0.125,5,1000,214,0.214
7,0.125,6,1000,181,0.181
7,0.125,7,1000,220,0.22
7,0.125,8,1000,198,0.198
7,0.125,9,1000,205,0.205
7,0.125,10,1000,212,0.212
7,0.125,11,1000,193,0.193
7,0.125,12,1000,210,0.21
7,0.125,13,1000,212,0.212
7,0.125,14,1000,195,0.195
7,0.125,15,1000,181,0.181
7,0.125,16,1000,203,0.203
7,0.125,17,1000,210,0.21
7,0.125,18,1000,189,0.189
7,0.125,19,1000,213,0.213
7,0.125,20,1000,221,0.221
7,0.125,21,1000,209,0.209
7,0.125,22,1000,206,0.206
7,0.125,23,1000,195,0.195
7,0.125,24,1000,200,0.2
7,0.125,25,1000,217,0.217
7,0.125,26,1000,205,0.205
7,0.125,27,1000,182,0.182
7,0.125,28,1000,192,0.192
7,0.125,29,1000,211,0.211
7,0.125,30,1000,195,0.195
7,0.125,31,1000,197,0.197
7,0.125,32,1000,205,0.205
7,0.125,33,1000,190,0.19
7,0.125,34,1000,195,0.195
7,0.125,35,1000,188,0.188
7,0.125,36,1000,215,0.215
7,0.125,37,1000,214,0.214
7,0.125,38,1000,207,0.207
7,0.125,39,1000,191,0.191
7,0.125,40,1000,213,0.213
7,0.125,41,1000,209,0.209
7,0.125,42,1000,194,0.194
7,0.125,43,1000,209,0.209
7,0.125,44,1000,223,0.223
7,0.125,45,1000,212,0.212
7,0.125,46,1000,191,0.191
7,0.125,47,1000,192,0.192
7,0.125,48,1000,223,0.223
7,0.125,49,1000,195,0.195
7,0.125,50,1000,233,0.233
7,0.125,51,1000,193,0.193
7,0.125,52,1000,208,0.208
7,0.125,53,1000,185,0.185
7,0.125,54,1000,198,0.198
7,0.125,55,1000,176,0.176
7,0.125,56,1000,203,0.203
7,0.125,57,1000,203,0.203
7,0.125,58,1000,224,0.224
7,0.125,59,1000,220,0.22
7,0.125,60,1000,206,0.206
7,0.125,61,1000,223,0.223
7,0.125,62,1000,202,0.202
7,0.125,63,1000,201,0.201
7,0.125,64,1000,189,0.189
7,0.125,65,1000,193,0.193
7,0.125,66,1000,217,0.217
7,0.125,67,1000,232,0.232
7,0.125,68,1000,200,0.2
7,0.125,69,1000,178,0.178
7,0.125,70,1000,218,0.218
7,0.125,71,1000,199,0.199
7,0.125,72,1000,226,0.226
7,0.125,73,1000,204,0.204
7,0.125,74,1000,211,0.211
7,0.125,75,1000,194,0.194
7,0.125,76,1000,201,0.201
7,0.125,77,1000,225,0.225
7,0.125,78,1000,196,0.196
7,0.125,79,1000,227,0.227
7,0.125,80,1000,181,0.181
7,0.125,81,1000,198,0.198
7,0.125,82,1000,198,0.198
7,0.125,83,1000,181,0.181
7,0.125,84,1000,197,0.197
7,0.125,85,1000,216,0.216
7,0.125,86,1000,211,0.211
7,0.125,87,1000,185,0.185
7,0.125,88,1000,200,0.2
7,0.125,89,1000,218,0.218
7,0.125,90,1000,205,0.205
7,0.125,91,1000,201,0.201
7,0.125,92,1000,193,0.193
7,0.125,93,1000,208,0.208
7,0.125,94,1000,221,0.221
7,0.125,95,1000,212,0.212
7,0.125,96,1000,196,0.196
7,0.125,97,1000,217,0.217
7,0.125,98,1000,194,0.194
7,0.125,99,1000,196,0.196
7,0.125,100,1000,203,0.203
7,0.13,1,1000,207,0.207
7,0.13,2,1000,219,0.219
7,0.13,3,1000,211,0.211
7,0.13,4,1000,202,0.202
7,0.13,5,1000,236,0.236
7,0.13,6,1000,216,0.216
7,0.13,7,1000,234,0.234
7,0.13,8,1000,216,0.216
7,0.13,9,1000,227,0.227
7,0.13,10,1000,219,0.219
7,0.13,11,1000,223,0.223
7,0.13,12,1000,237,0.237
7,0.13,13,1000,198,0.198
7,0.13,14,1000,224,0.224
7,0.13,15,1000,217,0.217
7,0.13,16,1000,222,0.222
7,0.13,17,1000,223,0.223
7,0.13,18,1000,209,0.209
7,0.13,19,1000,240,0.24
7,0.13,20,1000,246,0.246
7,0.13,21,1000,227,0.227
7,0.13,22,1000,236,0.236
7,0.13,23,1000,217,0.217
7,0.13,24,1000,204,0.204
7,0.13,25,1000,219,0.219
7,0.13,26,1000,195,0.195
7,0.13,27,1000,201,0.201
7,0.13,28,1000,209,0.209
7,0.13,29,1000,212,0.212
7,0.13,30,1000,240,0.24
7,0.13,31,1000,233,0.233
7,0.13,32,1000,207,0.207
7,0.13,33,1000,225,0.225
7,0.13,34,1000,210,0.21
7,0.13,35,1000,230,0.23
7,0.13,36,1000,218,0.218
7,0.13,37,1000,207,0.207
7,0.13,38,1000,232,0.232
7,0.13,39,1000,202,0.202
7,0.13,40,1000,200,0.2
7,0.13,41,1000,229,0.229
7,0.13,42,1000,245,0.245
7,0.13,43,1000,200,0.2
7,0.13,44,1000,219,0.219
7,0.13,45,1000,235,0.235
7,0.13,46,1000,216,0.216
7,0.13,47,1000,227,0.227
7,0.13,48,1000,213,0.213
7,0.13,49,1000,238,0.238
7,0.13,50,1000,232,0.232
7,0.13,51,1000,216,0.216
7,0.13,52,1000,222,0.222
7,0.13,53,1000,227,0.227
7,0.13,54,1000,232,0.232
7,0.13,55,1000,233,0.233
7,0.13,56,1000,215,0.215
7,0.13,57,1000,239,0.239
7,0.13,58,1000,239,0.239
7,0.13,59,1000,219,0.219
7,0.13,60,1000,235,0.235
7,0.13,61,1000,213,0.213
7,0.13,62,1000,255,0.255
7,0.13,63,1000,236,0.236
7,0.13,64,1000,202,0.202
7,0.13,65,1000,226,0.226
7,0.13,66,1000,217,0.217
7,0.13,67,1000,211,0.211
7,0.13,68,1000,249,0.249
7,0.13,69,1000,204,0.204
7,0.13,70,1000,223,0.223
7,0.13,71,1000,221,0.221
7,0.13,72,1000,236,0.236
7,0.13,73,1000,243,0.243
7,0.13,74,1000,217,0.217
7,0.13,75,1000,226,0.226
7,0.13,76,1000,209,0.209
7,0.13,77,1000,208,0.208
7,0.13,78,1000,229,0.229
7,0.13,79,1000,214,0.214
7,0.13,80,1000,219,0.219
7,0.13,81,1000,234,0.234
7,0.13,82,1000,218,0.218
7,0.13,83,1000,218,0.218
7,0.13,84,1000,230,0.23
7,0.13,85,1000,218,0.218
7,0.13,86,1000,214,0.214
7,0.13,87,1000,219,0.219
7,0.13,88,1000,210,0.21
7,0.13,89,1000,210,0.21
7,0.13,90,1000,246,0.246
7,0.13,91,1000,236,0.236
7,0.13,92,1000,206,0.206
7,0.13,93,1000,213,0.213
7,0.13,94,1000,247,0.247
7,0.13,95,1000,226,0.226
7,0.13,96,1000,201,0.201
7,0.13,97,1000,210,0.21
7,0.13,98,1000,238,0.238
7,0.13,99,1000,215,0.215
7,0.13,100,1000,219,0.219
7,0.135,1,1000,240,0.24
7,0.135,2,1000,231,0.231
7,0.135,3,1000,231,0.231
7,0.135,4,1000,223,0.223
7,0.135,5,1000,264,0.264
7,0.135,6,1000,248,0.248
7,0.135,7,1000,254,0.254
7,0.135,8,1000,246,0.246
7,0.135,9,1000,235,0.235
7,0.135,10,1000,239,0.239
7,0.135,11,1000,209,0.209
7,0.135,12,1000,236,0.236
7,0.135,13,1000,230,0.23
7,0.135,14,1000,230,0.23
7,0.135,15,1000,249,0.249
7,0.135,16,1000,218,0.218
7,0.135,17,1000,229,0.229
7,0.135,18,1000,237,0.237
7,0.135,19,1000,231,0.231
7,0.135,20,1000,235,0.235
7,0.135,21,1000,237,0.237
7,0.135,22,1000,227,0.227
7,0.135,23,1000,244,0.244
7,0.135,24,1000,255,0.255
7,0.135,25,1000,233,0.233
7,0.135,26,1000,239,0.239
7,0.135,27,1000,220,0.22
7,0.135,28,1000,230,0.23
7,0.135,29,1000,253,0.253
7,0.135,30,1000,253,0.253
7,0.135,31,1000,245,0.245
7,0.135,32,1000,258,0.258
7,0.135,33,1000,248,0.248
7,0.135,34,1000,240,0.24
7,0.135,35,1000,220,0.22
7,0.135,36,1000,230,0.23
7,0.135,37,1000,259,0.259
7,0.135,38,1000,225,0.225
7,0.135,39,1000,242,0.242
7,0.135,40,1000,237,0.237
7,0.135,41,1000,244,0.244
7,0.135,42,1000,271,0.271
7,0.135,43,1000,256,0.256
7,0.135,44,1000,224,0.224
7,0.135,45,1000,257,0.257
7,0.135,46,1000,240,0.24
7,0.135,47,1000,243,0.243
7,0.135,48,1000,234,0.234
7,0.135,49,1000,227,0.227
7,0.135,50,1000,244,0.244
7,0.135,51,1000,237,0.237
7,0.135,52,1000,279,0.279
7,0.135,53,1000,247,0.247
7,0.135,54,1000,235,0.235
7,0.135,55,1000,226,0.226
7,0.135,56,1000,235,0.235
7,0.135,57,1000,231,0.231
7,0.135,58,1000,251,0.251
7,0.135,59,1000,241,0.241
7,0.135,60,1000,220,0.22
7,0.135,61,1000,240,0.24
7,0.135,62,1000,244,0.244
7,0.135,63,1000,227,0.227
7,0.135,64,1000,239,0.239
7,0.135,65,1000,240,0.24
7,0.135,66,1000,274,0.274
7,0.135,67,1000,250,0.25
7,0.135,68,1000,229,0.229
7,0.135,69,1000,261,0.261
7,0.135,70,1000,219,0.219
7,0.135,71,1000,225,0.225
7,0.135,72,1000,248,0.248
7,0.135,73,1000,249,0.249
7,0.135,74,1000,244,0.244
7,0.135,75,1000,233,0.233
7,0.135,76,1000,233,0.233
7,0.135,77,1000,248,0.248
7,0.135,78,1000,255,0.255
7,0.135,79,1000,234,0.234
7,0.135,80,1000,243,0.243
7,0.135,81,1000,228,0.228
7,0.135,82,1000,213,0.213
7,0.135,83,1000,238,0.238
7,0.135,84,1000,231,0.231
7,0.135,85,1000,240,0.24
7,0.135,86,1000,225,0.225
7,0.135,87,1000,272,0.272
7,0.135,88,1000,238,0.238
7,0.135,89,1000,237,0.237
7,0.135,90,1000,250,0.25
7,0.135,91,1000,255,0.255
7,0.135,92,1000,261,0.261
7,0.135,93,1000,245,0.245
7,0.135,94,1000,218,0.218
7,0.135,95,1000,239,0.239
7,0.135,96,1000,217,0.217
7,0.135,97,1000,259,0.259
7,0.135,98,1000,234,0.234
7,0.135,99,1000,238,0.238
7,0.135,100,1000,226,0.226
7,0.14,1,1000,239,0.239
7,0.14,2,1000,268,0.268
7,0.14,3,1000,253,0.253
7,0.14,4,1000,271,0.271
7,0.14,5,1000,250,0.25
7,0.14,6,1000,247,0.247
7,0.14,7,1000,255,0.255
7,0.14,8,1000,258,0.258
7,0.14,9,1000,244,0.244
7,0.14,10,1000,275,0.275
7,0.14,11,1000,263,0.263
7,0.14,12,1000,248,0.248
7,0.14,13,1000,253,0.253
7,0.14,14,1000,254,0.254
7,0.14,15,1000,267,0.267
7,0.14,16,1000,262,0.262
7,0.14,17,1000,229,0.229
7,0.14,18,1000,256,0.256
7,0.14,19,1000,245,0.245
7,0.14,20,1000,274,0.274
7,0.14,21,1000,284,0.284
7,0.14,22,1000,273,0.273
7,0.14,23,1000,287,0.287
7,0.14,24,1000,270,0.27
7,0.14,25,1000,253,0.253
7,0.14,26,1000,248,0.248
7,0.14,27,1000,260,0.26
7,0.14,28,1000,233,0.233
7,0.14,29,1000,256,0.256
7,0.14,30,1000,275,0.275
7,0.14,31,1000,259,0.259
7,0.14,32,1000,265,0.265
7,0.14,33,1000,281,0.281
7,0.14,34,1000,255,0.255
7,0.14,35,1000,263,0.263
7,0.14,36,1000,267,0.267
7,0.14,37,1000,251,0.251
7,0.14,38,1000,262,0.262
7,0.14,39,1000,255,0.255
7,0.14,40,1000,267,0.267
7,0.14,41,1000,255,0.255
7,0.14,42,1000,270,0.27
7,0.14,43,1000,261,0.261
7,0.14,44,1000,262,0.262
7,0.14,45,1000,291,0.291
7,0.14,46,1000,261,0.261
7,0.14,47,1000,271,0.271
7,0.14,48,1000,258,0.258
7,0.14,49,1000,258,0.258
7,0.14,50,1000,261,0.261
7,0.14,51,1000,265,0.265
7,0.14,52,1000,248,0.248
7,0.14,53,1000,251,0.251
7,0.14,54,1000,262,0.262
7,0.14,55,1000,254,0.254
7,0.14,56,1000,243,0.243
7,0.14,57,1000,257,0.257
7,0.14,58,1000,272,0.272
7,0.14,59,1000,275,0.275
7,0.14,60,1000,253,0.253
7,0.14,61,1000,273,0.273
7,0.14,62,1000,271,0.271
7,0.14,63,1000,246,0.246
7,0.14,64,1000,235,0.235
7,0.14,65,1000,255,0.255
7,0.14,66,1000,263,0.263
7,0.14,67,1000,267,0.267
7,0.14,68,1000,273,0.273
7,0.14,69,1000,255,0.255
7,0.14,70,1000,247,0.247
7,0.14,71,1000,272,0.272
7,0.14,72,1000,246,0.246
7,0.14,73,1000,271,0.271
7,0.14,74,1000,269,0.269
7,0.14,75,1000,244,0.244
7,0.14,76,1000,270,0.27
7,0.14,77,1000,256,0.256
7,0.14,78,1000,259,0.259
7,0.14,79,1000,255,0.255
7,0.14,80,1000,271,0.271
7,0.14,81,1000,287,0.287
7,0.14,82,1000,236,0.236
7,0.14,83,1000,242,0.242
7,0.14,84,1000,268,0.268
7,0.14,85,1000,246,0.246
7,0.14,86,1000,281,0.281
7,0.14,87,1000,256,0.256
7,0.14,88,1000,263,0.263
7,0.14,89,1000,259,0.259
7,0.14,90,1000,249,0.249
7,0.14,91,1000,250,0.25
7,0.14,92,1000,263,0.263
7,0.14,93,1000,251,0.251
7,0.14,94,1000,264,0.264
7,0.14,95,1000,252,0.252
7,0.14,96,1000,268,0.268
7,0.14,97,1000,243,0.243
7,0.14,98,1000,234,0.234
7,0.14,99,1000,256,0.256
7,0.14,100,1000,273,0.273
7,0.145,1,1000,260,0.26
7,0.145,2,1000,275,0.275
7,0.145,3,1000,274,0.274
7,0.145,4,1000,261,0.261
7,0.145,5,1000,283,0.283
7,0.145,6,1000,232,0.232
7,0.145,7,1000,272,0.272
7,0.145,8,1000,295,0.295
7,0.145,9,1000,256,0.256
7,0.145,10,1000,259,0.259
7,0.145,11,1000,281,0.281
7,0.145,12,1000,292,0.292
7,0.145,13,1000,291,0.291
7,0.145,14,1000,271,0.271
7,0.145,15,1000,251,0.251
7,0.145,16,1000,291,0.291
7,0.145,17,1000,281,0.281
7,0.145,18,1000,263,0.263
7,0.145,19,1000,267,0.267
7,0.145,20,1000,264,0.264
7,0.145,21,1000,286,0.286
7,0.145,22,1000,279,0.279
7,0.145,23,1000,261,0.261
7,0.145,24,1000,267,0.267
7,0.145,25,1000,276,0.276
7,0.145,26,1000,282,0.282
7,0.145,27,1000,267,0.267
7,0.145,28,1000,293,0.293
7,0.145,29,1000,255,0.255
7,0.145,30,1000,291,0.291
7,0.145,31,1000,274,0.274
7,0.145,32,1000,268,0.268
7,0.145,33,1000,292,0.292
7,0.145,34,1000,272,0.272
7,0.145,35,1000,274,0.274
7,0.145,36,1000,276,0.276
7,0.145,37,1000,252,0.252
7,0.145,38,1000,290,0.29
7,0.145,39,1000,282,0.282
7,0.145,40,1000,269,0.269
7,0.145,41,1000,305,0.305
7,0.145,42,1000,245,0.245
7,0.145,43,1000,272,0.272
7,0.145,44,1000,274,0.274
7,0.145,45,1000,269,0.269
7,0.145,46,1000,289,0.289
7,0.145,47,1000,259,0.259
7,0.145,48,1000,271,0.271
7,0.145,49,1000,316,0.316
7,0.145,50,1000,273,0.273
7,0.145,51,1000,300,0.3
7,0.145,52,1000,272,0.272
7,0.145,53,1000,264,0.264
7,0.145,54,1000,264,0.264
7,0.145,55,1000,270,0.27
7,0.145,56,1000,273,0.273
7,0.145,57,1000,257,0.257
7,0.145,58,1000,288,0.288
7,0.145,59,1000,274,0.274
7,0.145,60,1000,291,0.291
7,0.145,61,1000,282,0.282
7,0.145,62,1000,247,0.247
7,0.145,63,1000,284,0.284
7,0.145,64,1000,288,0.288
7,0.145,65,1000,268,0.268
7,0.145,66,1000,278,0.278
7,0.145,67,1000,268,0.268
7,0.145,68,1000,261,0.261
7,0.145,69,1000,272,0.272
7,0.145,70,1000,287,0.287
7,0.145,71,1000,261,0.261
7,0.145,72,1000,261,0.261
7,0.145,73,1000,270,0.27
7,0.145,74,1000,274,0.274
7,0.145,75,1000,272,0.272
7,0.145,76,1000,273,0.273
7,0.145,77,1000,258,0.258
7,0.145,78,1000,281,0.281
7,0.145,79,1000,277,0.277
7,0.145,80,1000,275,0.275
7,0.145,81,1000,273,0.273
7,0.145,82,1000,267,0.267
7,0.145,83,1000,273,0.273
7,0.145,84,1000,284,0.284
7,0.145,85,1000,281,0.281
7,0.145,86,1000,289,0.289
7,0.145,87,1000,274,0.274
7,0.145,88,1000,287,0.287
7,0.145,89,1000,275,0.275
7,0.145,90,1000,268,0.268
7,0.145,91,1000,264,0.264
7,0.145,92,1000,241,0.241
7,0.145,93,1000,288,0.288
7,0.145,94,1000,283,0.283
7,0.145,95,1000,280,0.28
7,0.145,96,1000,281,0.281
7,0.145,97,1000,266,0.266
7,0.145,98,1000,276,0.276
7,0.145,99,1000,285,0.285
7,0.145,100,1000,274,0.274
7,0.15,1,1000,325,0.325
7,0.15,2,1000,299,0.299
7,0.15,3,1000,302,0.302
7,0.15,4,1000,310,0.31
7,0.15,5,1000,295,0.295
7,0.15,6,1000,299,0.299
7,0.15,7,1000,293,0.293
7,0.15,8,1000,296,0.296
7,0.15,9,1000,287,0.287
7,0.15,10,1000,308,0.308
7,0.15,11,1000,287,0.287
7,0.15,12,1000,315,0.315
7,0.15,13,1000,292,0.292
7,0.15,14,1000,293,0.293
7,0.15,15,1000,281,0.281
7,0.15,16,1000,317,0.317
7,0.15,17,1000,307,0.307
7,0.15,18,1000,298,0.298
7,0.15,19,1000,286,0.286
7,0.15,20,1000,281,0.281
7,0.15,21,1000,292,0.292
7,0.15,22,1000,303,0.303
7,0.15,23,1000,281,0.281
7,0.15,24,1000,259,0.259
7,0.15,25,1000,282,0.282
7,0.15,26,1000,312,0.312
7,0.15,27,1000,296,0.296
7,0.15,28,1000,292,0.292
7,0.15,29,1000,290,0.29
7,0.15,30,1000,281,0.281
7,0.15,31,1000,320,0.32
7,0.15,32,1000,289,0.289
7,0.15,33,1000,289,0.289
7,0.15,34,1000,279,0.279
7,0.15,35,1000,287,0.287
7,0.15,36,1000,294,0.294
7,0.15,37,1000,278,0.278
7,0.15,38,1000,286,0.286
7,0.15,39,1000,284,0.284
7,0.15,40,1000,266,0.266
7,0.15,41,1000,275,0.275
7,0.15,42,1000,291,0.291
7,0.15,43,1000,277,0.277
7,0.15,44,1000,283,0.283
7,0.15,45,1000,322,0.322
7,0.15,46,1000,305,0.305
7,0.15,47,1000,280,0.28
7,0.15,48,1000,289,0.289
7,0.15,49,1000,308,0.308
7,0.15,50,1000,278,0.278
7,0.15,51,1000,295,0.295
7,0.15,52,1000,287,0.287
7,0.15,53,1000,265,0.265
7,0.15,54,1000,290,0.29
7,0.15,55,1000,282,0.282
7,0.15,56,1000,280,0.28
7,0.15,57,1000,265,0.265
7,0.15,58,1000,300,0.3
7,0.15,59,1000,281,0.281
7,0.15,60,1000,280,0.28
7,0.15,61,1000,275,0.275
7,0.15,62,1000,283,0.283
7,0.15,63,1000,307,0.307
7,0.15,64,1000,306,0.306
7,0.15,65,1000,283,0.283
7,0.15,66,1000,288,0.288
7,0.15,67,1000,290,0.29
7,0.15,68,1000,260,0.26
7,0.15,69,1000,291,0.291
7,0.15,70,1000,288,0.288
7,0.15,71,1000,294,0.294
7,0.15,72,1000,289,0.289
7,0.15,73,1000,302,0.302
7,0.15,74,1000,292,0.292
7,0.15,75,1000,289,0.289
7,0.15,76,1000,309,0.309
7,0.15,77,1000,271,0.271
7,0.15,78,1000,299,0.299
7,0.15,79,1000,292,0.292
7,0.15,80,1000,334,0.334
7,0.15,81,1000,299,0.299
7,0.15,82,1000,317,0.317
7,0.15,83,1000,282,0.282
7,0.15,84,1000,312,0.312
7,0.15,85,1000,297,0.297
7,0.15,86,1000,294,0.294
7,0.15,87,1000,301,0.301
7,0.15,88,1000,265,0.265
7,0.15,89,1000,311,0.311
7,0.15,90,1000,288,0.288
7,0.15,91,1000,289,0.289
7,0.15,92,1000,307,0.307
7,0.15,93,1000,291,0.291
7,0.15,94,1000,287,0.287
7,0.15,95,1000,281,0.281
7,0.15,96,1000,298,0.298
7,0.15,97,1000,283,0.283
7,0.15,98,1000,273,0.273
7,0.15,99,1000,286,0.286
7,0.15,100,1000,317,0.317
7,0.155,1,1000,278,0.278
7,0.155,2,1000,299,0.299
7,0.155,3,1000,306,0.306
7,0.155,4,1000,309,0.309
7,0.155,5,1000,297,0.297
7,0.155,6,1000,304,0.304
7,0.155,7,1000,295,0.295
7,0.155,8,1000,291,0.291
7,0.155,9,1000,326,0.326
7,0.155,10,1000,304,0.304
7,0.155,11,1000,303,0.303
7,0.155,12,1000,314,0.314
7,0.155,13,1000,291,0.291
7,0.155,14,1000,284,0.284
7,0.155,15,1000,314,0.314
7,0.155,16,1000,322,0.322
7,0.155,17,1000,304,0.304
7,0.155,18,1000,319,0.319
7,0.155,19,1000,316,0.316
7,0.155,20,1000,311,0.311
7,0.155,21,1000,321,0.321
7,0.155,22,1000,306,0.306
7,0.155,23,1000,295,0.295
7,0.155,24,1000,285,0.285
7,0.155,25,1000,285,0.285
7,0.155,26,1000,299,0.299
7,0.155,27,1000,318,0.318
7,0.155,28,1000,322,0.322
7,0.155,29,1000,286,0.286
7,0.155,30,1000,302,0.302
7,0.155,31,1000,302,0.302
7,0.155,32,1000,324,0.324
7,0.155,33,1000,340,0.34
7,0.155,34,1000,295,0.295
7,0.155,35,1000,320,0.32
7,0.155,36,1000,289,0.289
7,0.155,37,1000,292,0.292
7,0.155,38,1000,306,0.306
7,0.155,39,1000,321,0.321
7,0.155,40,1000,292,0.292
7,0.155,41,1000,310,0.31
7,0.155,42,1000,319,0.319
7,0.155,43,1000,295,0.295
7,0.155,44,1000,289,0.289
7,0.155,45,1000,321,0.321
7,0.155,46,1000,319,0.319
7,0.155,47,1000,287,0.287
7,0.155,48,1000,334,0.334
7,0.155,49,1000,306,0.306
7,0.155,50,1000,326,0.326
7,0.155,51,1000,322,0.322
7,0.155,52,1000,313,0.313
7,0.155,53,1000,295,0.295
7,0.155,54,1000,291,0.291
7,0.155,55,1000,327,0.327
7,0.155,56,1000,282,0.282
7,0.155,57,1000,326,0.326
7,0.155,58,1000,311,0.311
7,0.155,59,1000,322,0.322
7,0.155,60,1000,305,0.305
7,0.155,61,1000,320,0.32
7,0.155,62,1000,313,0.313
7,0.155,63,1000,353,0.353
7,0.155,64,1000,328,0.328
7,0.155,65,1000,306,0.306
7,0.155,66,1000,315,0.315
7,0.155,67,1000,322,0.322
7,0.155,68,1000,293,0.293
7,0.155,69,1000,330,0.33
7,0.155,70,1000,303,0.303
7,0.155,71,1000,289,0.289
7,0.155,72,1000,322,0.322
7,0.155,73,1000,299,0.299
7,0.155,74,1000,304,0.304
7,0.155,75,1000,320,0.32
7,0.155,76,1000,294,0.294
7,0.155,77,1000,316,0.316
7,0.155,78,1000,291,0.291
7,0.155,79,1000,315,0.315
7,0.155,80,1000,325,0.325
7,0.155,81,1000,324,0.324
7,0.155,82,1000,308,0.308
7,0.155,83,1000,295,0.295
7,0.155,84,1000,289,0.289
7,0.155,85,1000,304,0.304
7,0.155,86,1000,300,0.3
7,0.155,87,1000,309,0.309
7,0.155,88,1000,296,0.296
7,0.155,89,1000,330,0.33
7,0.155,90,1000,322,0.322
7,0.155,91,1000,300,0.3
7,0.155,92,1000,305,0.305
7,0.155,93,1000,306,0.306
7,0.155,94,1000,303,0.303
7,0.155,95,1000,296,0.296
7,0.155,96,1000,309,0.309
7,0.155,97,1000,353,0.353
7,0.155,98,1000,284,0.284
7,0.155,99,1000,301,0.301
7,0.155,100,1000,281,0.281
7,0.16,1,1000,332,0.332
7,0.16,2,1000,337,0.337
7,0.16,3,1000,323,0.323
7,0.16,4,1000,330,0.33
7,0.16,5,1000,337,0.337
7,0.16,6,1000,314,0.314
7,0.16,7,1000,329,0.329
7,0.16,8,1000,325,0.325
7,0.16,9,1000,297,0.297
7,0.16,10,1000,339,0.339
7,0.16,11,1000,331,0.331
7,0.16,12,1000,331,0.331
7,0.16,13,1000,316,0.316
7,0.16,14,1000,359,0.359
7,0.16,15,1000,310,0.31
7,0.16,16,1000,321,0.321
7,0.16,17,1000,301,0.301
7,0.16,18,1000,314,0.314
7,0.16,19,1000,335,0.335
7,0.16,20,1000,337,0.337
7,0.16,21,1000,345,0.345
7,0.16,22,1000,344,0.344
7,0.16,23,1000,336,0.336
7,0.16,24,1000,319,0.319
7,0.16,25,1000,294,0.294
7,0.16,26,1000,310,0.31
7,0.16,27,1000,336,0.336
7,0.16,28,1000,328,0.328
7,0.16,29,1000,330,0.33
7,0.16,30,1000,339,0.339
7,0.16,31,1000,334,0.334
7,0.16,32,1000,328,0.328
7,0.16,33,1000,306,0.306
7,0.16,34,1000,303,0.303
7,0.16,35,1000,326,0.326
7,0.16,36,1000,307,0.307
7,0.16,37,1000,322,0.322
7,0.16,38,1000,321,0.321
7,0.16,39,1000,331,0.331
7,0.16,40,1000,298,0.298
7,0.16,41,1000,328,0.328
7,0.16,42,1000,310,0.31
7,0.16,43,1000,314,0.314
7,0.16,44,1000,326,0.326
7,0.16,45,1000,298,0.298
7,0.16,46,1000,306,0.306
7,0.16,47,1000,328,0.328
7,0.16,48,1000,327,0.327
7,0.16,49,1000,344,0.344
7,0.16,50,1000,334,0.334
7,0.16,51,1000,333,0.333
7,0.16,52,1000,333,0.333
7,0.16,53,1000,340,0.34
7,0.16,54,1000,320,0.32
7,0.16,55,1000,322,0.322
7,0.16,56,1000,313,0.313
7,0.16,57,1000,339,0.339
7,0.16,58,1000,330,0.33
7,0.16,59,1000,342,0.342
7,0.16,60,1000,310,0.31
7,0.16,61,1000,295,0.295
7,0.16,62,1000,312,0.312
7,0.16,63,1000,327,0.327
7,0.16,64,1000,339,0.339
7,0.16,65,1000,285,0.285
7,0.16,66,1000,301,0.301
7,0.16,67,1000,318,0.318
7,0.16,68,1000,325,0.325
7,0.16,69,1000,340,0.34
7,0.16,70,1000,304,0.304
7,0.16,71,1000,346,0.346
7,0.16,72,1000,311,0.311
7,0.16,73,1000,313,0.313
7,0.16,74,1000,323,0.323
7,0.16,75,1000,336,0.336
7,0.16,76,1000,326,0.326
7,0.16,77,1000,331,0.331
7,0.16,78,1000,334,0.334
7,0.16,79,1000,318,0.318
7,0.16,80,1000,320,0.32
7,0.16,81,1000,326,0.326
7,0.16,82,1000,314,0.314
7,0.16,83,1000,325,0.325
7,0.16,84,1000,306,0.306
7,0.16,85,1000,318,0.318
7,0.16,86,1000,330,0.33
7,0.16,87,1000,343,0.343
7,0.16,88,1000,324,0.324
7,0.16,89,1000,322,0.322
7,0.16,90,1000,331,0.331
7,0.16,91,1000,342,0.342
7,0.16,92,1000,333,0.333
7,0.16,93,1000,315,0.315
7,0.16,94,1000,315,0.315
7,0.16,95,1000,328,0.328
7,0.16,96,1000,335,0.335
7,0.16,97,1000,353,0.353
7,0.16,98,1000,317,0.317
7,0.16,99,1000,335,0.335
7,0.16,100,1000,310,0.31
9,0.0,1,1000,0,0.0
9,0.0,2,1000,0,0.0
9,0.0,3,1000,0,0.0
9,0.0,4,1000,0,0.0
9,0.0,5,1000,0,0.0
9,0.0,6,1000,0,0.0
9,0.0,7,1000,0,0.0
9,0.0,8,1000,0,0.0
9,0.0,9,1000,0,0.0
9,0.0,10,1000,0,0.0
9,0.0,11,1000,0,0.0
9,0.0,12,1000,0,0.0
9,0.0,13,1000,0,0.0
9,0.0,14,1000,0,0.0
9,0.0,15,1000,0,0.0
9,0.0,16,1000,0,0.0
9,0.0,17,1000,0,0.0
9,0.0,18,1000,0,0.0
9,0.0,19,1000,0,0.0
9,0.0,20,1000,0,0.0
9,0.0,21,1000,0,0.0
9,0.0,22,1000,0,0.0
9,0.0,23,1000,0,0.0
9,0.0,24,1000,0,0.0
9,0.0,25,1000,0,0.0
9,0.0,26,1000,0,0.0
9,0.0,27,1000,0,0.0
9,0.0,28,1000,0,0.0
9,0.0,29,1000,0,0.0
9,0.0,30,1000,0,0.0
9,0.0,31,1000,0,0.0
9,0.0,32,1000,0,0.0
9,0.0,33,1000,0,0.0
9,0.0,34,1000,0,0.0
9,0.0,35,1000,0,0.0
9,0.0,36,1000,0,0.0
9,0.0,37,1000,0,0.0
9,0.0,38,1000,0,0.0
9,0.0,39,1000,0,0.0
9,0.0,40,1000,0,0.0
9,0.0,41,1000,0,0.0
9,0.0,42,1000,0,0.0
9,0.0,43,1000,0,0.0
9,0.0,44,1000,0,0.0
9,0.0,45,1000,0,0.0
9,0.0,46,1000,0,0.0
9,0.0,47,1000,0,0.0
9,0.0,48,1000,0,0.0
9,0.0,49,1000,0,0.0
9,0.0,50,1000,0,0.0
9,0.0,51,1000,0,0.0
9,0.0,52,1000,0,0.0
9,0.0,53,1000,0,0.0
9,0.0,54,1000,0,0.0
9,0.0,55,1000,0,0.0
9,0.0,56,1000,0,0.0
9,0.0,57,1000,0,0.0
9,0.0,58,1000,0,0.0
9,0.0,59,1000,0,0.0
9,0.0,60,1000,0,0.0
9,0.0,61,1000,0,0.0
9,0.0,62,1000,0,0.0
9,0.0,63,1000,0,0.0
9,0.0,64,1000,0,0.0
9,0.0,65,1000,0,0.0
9,0.0,66,1000,0,0.0
9,0.0,67,1000,0,0.0
9,0.0,68,1000,0,0.0
9,0.0,69,1000,0,0.0
9,0.0,70,1000,0,0.0
9,0.0,71,1000,0,0.0
9,0.0,72,1000,0,0.0
9,0.0,73,1000,0,0.0
9,0.0,74,1000,0,0.0
9,0.0,75,1000,0,0.0
9,0.0,76,1000,0,0.0
9,0.0,77,1000,0,0.0
9,0.0,78,1000,0,0.0
9,0.0,79,1000,0,0.0
9,0.0,80,1000,0,0.0
9,0.0,81,1000,0,0.0
9,0.0,82,1000,0,0.0
9,0.0,83,1000,0,0.0
9,0.0,84,1000,0,0.0
9,0.0,85,1000,0,0.0
9,0.0,86,1000,0,0.0
9,0.0,87,1000,0,0.0
9,0.0,88,1000,0,0.0
9,0.0,89,1000,0,0.0
9,0.0,90,1000,0,0.0
9,0.0,91,1000,0,0.0
9,0.0,92,1000,0,0.0
9,0.0,93,1000,0,0.0
9,0.0,94,1000,0,0.0
9,0.0,95,1000,0,0.0
9,0.0,96,1000,0,0.0
9,0.0,97,1000,0,0.0
9,0.0,98,1000,0,0.0
9,0.0,99,1000,0,0.0
9,0.0,100,1000,0,0.0
9,0.005,1,1000,0,0.0
9,0.005,2,1000,0,0.0
9,0.005,3,1000,0,0.0
9,0.005,4,1000,0,0.0
9,0.005,5,1000,0,0.0
9,0.005,6,1000,0,0.0
9,0.005,7,1000,0,0.0
9,0.005,8,1000,0,0.0
9,0.005,9,1000,0,0.0
9,0.005,10,1000,0,0.0
9,0.005,11,1000,0,0.0
9,0.005,12,1000,0,0.0
9,0.005,13,1000,0,0.0
9,0.005,14,1000,0,0.0
9,0.005,15,1000,0,0.0
9,0.005,16,1000,0,0.0
9,0.005,17,1000,0,0.0
9,0.005,18,1000,0,0.0
9,0.005,19,1000,0,0.0
9,0.005,20,1000,0,0.0
9,0.005,21,1000,0,0.0
9,0.005,22,1000,0,0.0
9,0.005,23,1000,0,0.0
9,0.005,24,1000,0,0.0
9,0.005,25,1000,0,0.0
9,0.005,26,1000,0,0.0
9,0.005,27,1000,0,0.0
9,0.005,28,1000,0,0.0
9,0.005,29,1000,0,0.0
9,0.005,30,1000,0,0.0
9,0.005,31,1000,0,0.0
9,0.005,32,1000,0,0.0
9,0.005,33,1000,0,0.0
9,0.005,34,1000,0,0.0
9,0.005,35,1000,0,0.0
9,0.005,36,1000,0,0.0
9,0.005,37,1000,0,0.0
9,0.005,38,1000,0,0.0
9,0.005,39,1000,0,0.0
9,0.005,40,1000,0,0.0
9,0.005,41,1000,0,0.0
9,0.005,42,1000,0,0.0
9,0.005,43,1000,0,0.0
9,0.005,44,1000,0,0.0
9,0.005,45,1000,0,0.0
9,0.005,46,1000,0,0.0
9,0.005,47,1000,0,0.0
9,0.005,48,1000,0,0.0
9,0.005,49,1000,0,0.0
9,0.005,50,1000,0,0.0
9,0.005,51,1000,0,0.0
9,0.005,52,1000,0,0.0
9,0.005,53,1000,0,0.0
9,0.005,54,1000,0,0.0
9,0.005,55,1000,0,0.0
9,0.005,56,1000,0,0.0
9,0.005,57,1000,0,0.0
9,0.005,58,1000,0,0.0
9,0.005,59,1000,0,0.0
9,0.005,60,1000,0,0.0
9,0.005,61,1000,0,0.0
9,0.005,62,1000,0,0.0
9,0.005,63,1000,0,0.0
9,0.005,64,1000,0,0.0
9,0.005,65,1000,0,0.0
9,0.005,66,1000,0,0.0
9,0.005,67,1000,0,0.0
9,0.005,68,1000,0,0.0
9,0.005,69,1000,0,0.0
9,0.005,70,1000,0,0.0
9,0.005,71,1000,0,0.0
9,0.005,72,1000,0,0.0
9,0.005,73,1000,0,0.0
9,0.005,74,1000,0,0.0
9,0.005,75,1000,0,0.0
9,0.005,76,1000,0,0.0
9,0.005,77,1000,0,0.0
9,0.005,78,1000,0,0.0
9,0.005,79,1000,0,0.0
9,0.005,80,1000,0,0.0
9,0.005,81,1000,0,0.0
9,0.005,82,1000,0,0.0
9,0.005,83,1000,0,0.0
9,0.005,84,1000,0,0.0
9,0.005,85,1000,0,0.0
9,0.005,86,1000,0,0.0
9,0.005,87,1000,0,0.0
9,0.005,88,1000,0,0.0
9,0.005,89,1000,0,0.0
9,0.005,90,1000,0,0.0
9,0.005,91,1000,0,0.0
9,0.005,92,1000,0,0.0
9,0.005,93,1000,0,0.0
9,0.005,94,1000,0,0.0
9,0.005,95,1000,0,0.0
9,0.005,96,1000,0,0.0
9,0.005,97,1000,0,0.0
9,0.005,98,1000,0,0.0
9,0.005,99,1000,0,0.0
9,0.005,100,1000,0,0.0
9,0.01,1,1000,0,0.0
9,0.01,2,1000,0,0.0
9,0.01,3,1000,0,0.0
9,0.01,4,1000,0,0.0
9,0.01,5,1000,0,0.0
9,0.01,6,1000,0,0.0
9,0.01,7,1000,0,0.0
9,0.01,8,1000,0,0.0
9,0.01,9,1000,0,0.0
9,0.01,10,1000,0,0.0
9,0.01,11,1000,0,0.0
9,0.01,12,1000,0,0.0
9,0.01,13,1000,0,0.0
9,0.01,14,1000,0,0.0
9,0.01,15,1000,0,0.0
9,0.01,16,1000,0,0.0
9,0.01,17,1000,0,0.0
9,0.01,18,1000,0,0.0
9,0.01,19,1000,0,0.0
9,0.01,20,1000,0,0.0
9,0.01,21,1000,0,0.0
9,0.01,22,1000,0,0.0
9,0.01,23,1000,0,0.0
9,0.01,24,1000,0,0.0
9,0.01,25,1000,0,0.0
9,0.01,26,1000,0,0.0
9,0.01,27,1000,0,0.0
9,0.01,28,1000,0,0.0
9,0.01,29,1000,0,0.0
9,0.01,30,1000,0,0.0
9,0.01,31,1000,0,0.0
9,0.01,32,1000,0,0.0
9,0.01,33,1000,0,0.0
9,0.01,34,1000,0,0.0
9,0.01,35,1000,0,0.0
9,0.01,36,1000,0,0.0
9,0.01,37,1000,0,0.0
9,0.01,38,1000,0,0.0
9,0.01,39,1000,0,0.0
9,0.01,40,1000,0,0.0
9,0.01,41,1000,0,0.0
9,0.01,42,1000,0,0.0
9,0.01,43,1000,0,0.0
9,0.01,44,1000,0,0.0
9,0.01,45,1000,0,0.0
9,0.01,46,1000,0,0.0
9,0.01,47,1000,0,0.0
9,0.01,48,1000,0,0.0
9,0.01,49,1000,0,0.0
9,0.01,50,1000,0,0.0
9,0.01,51,1000,0,0.0
9,0.01,52,1000,0,0.0
9,0.01,53,1000,0,0.0
9,0.01,54,1000,0,0.0
9,0.01,55,1000,0,0.0
9,0.01,56,1000,0,0.0
9,0.01,57,1000,0,0.0
9,0.01,58,1000,0,0.0
9,0.01,59,1000,0,0.0
9,0.01,60,1000,0,0.0
9,0.01,61,1000,0,0.0
9,0.01,62,1000,0,0.0
9,0.01,63,1000,0,0.0
9,0.01,64,1000,0,0.0
9,0.01,65,1000,0,0.0
9,0.01,66,1000,0,0.0
9,0.01,67,1000,0,0.0
9,0.01,68,1000,0,0.0
9,0.01,69,1000,0,0.0
9,0.01,70,1000,0,0.0
9,0.01,71,1000,0,0.0
9,0.01,72,1000,0,0.0
9,0.01,73,1000,0,0.0
9,0.01,74,1000,0,0.0
9,0.01,75,1000,0,0.0
9,0.01,76,1000,0,0.0
9,0.01,77,1000,0,0.0
9,0.01,78,1000,0,0.0
9,0.01,79,1000,0,0.0
9,0.01,80,1000,0,0.0
9,0.01,81,1000,0,0.0
9,0.01,82,1000,0,0.0
9,0.01,83,1000,0,0.0
9,0.01,84,1000,0,0.0
9,0.01,85,1000,0,0.0
9,0.01,86,1000,0,0.0
9,0.01,87,1000,0,0.0
9,0.01,88,1000,0,0.0
9,0.01,89,1000,0,0.0
9,0.01,90,1000,0,0.0
9,0.01,91,1000,0,0.0
9,0.01,92,1000,0,0.0
9,0.01,93,1000,0,0.0
9,0.01,94,1000,0,0.0
9,0.01,95,1000,0,0.0
9,0.01,96,1000,0,0.0
9,0.01,97,1000,0,0.0
9,0.01,98,1000,0,0.0
9,0.01,99,1000,0,0.0
9,0.01,100,1000,0,0.0
9,0.015,1,1000,0,0.0
9,0.015,2,1000,0,0.0
9,0.015,3,1000,0,0.0
9,0.015,4,1000,0,0.0
9,0.015,5,1000,0,0.0
9,0.015,6,1000,0,0.0
9,0.015,7,1000,0,0.0
9,0.015,8,1000,0,0.0
9,0.015,9,1000,0,0.0
9,0.015,10,1000,0,0.0
9,0.015,11,1000,0,0.0
9,0.015,12,1000,0,0.0
9,0.015,13,1000,0,0.0
9,0.015,14,1000,0,0.0
9,0.015,15,1000,0,0.0
9,0.015,16,1000,0,0.0
9,0.015,17,1000,0,0.0
9,0.015,18,1000,0,0.0
9,0.015,19,1000,0,0.0
9,0.015,20,1000,0,0.0
9,0.015,21,1000,0,0.0
9,0.015,22,1000,0,0.0
9,0.015,23,1000,0,0.0
9,0.015,24,1000,0,0.0
9,0.015,25,1000,0,0.0
9,0.015,26,1000,0,0.0
9,0.015,27,1000,0,0.0
9,0.015,28,1000,0,0.0
9,0.015,29,1000,0,0.0
9,0.015,30,1000,0,0.0
9,0.015,31,1000,0,0.0
9,0.015,32,1000,0,0.0
9,0.015,33,1000,0,0.0
9,0.015,34,1000,0,0.0
9,0.015,35,1000,0,0.0
9,0.015,36,1000,0,0.0
9,0.015,37,1000,0,0.0
9,0.015,38,1000,0,0.0
9,0.015,39,1000,0,0.0
9,0.015,40,1000,0,0.0
9,0.015,41,1000,0,0.0
9,0.015,42,1000,0,0.0
9,0.015,43,1000,0,0.0
9,0.015,44,1000,0,0.0
9,0.015,45,1000,0,0.0
9,0.015,46,1000,0,0.0
9,0.015,47,1000,0,0.0
9,0.015,48,1000,0,0.0
9,0.015,49,1000,0,0.0
9,0.015,50,1000,0,0.0
9,0.015,51,1000,0,0.0
9,0.015,52,1000,0,0.0
9,0.015,53,1000,0,0.0
9,0.015,54,1000,0,0.0
9,0.015,55,1000,0,0.0
9,0.015,56,1000,0,0.0
9,0.015,57,1000,0,0.0
9,0.015,58,1000,0,0.0
9,0.015,59,1000,0,0.0
9,0.015,60,1000,0,0.0
9,0.015,61,1000,0,0.0
9,0.015,62,1000,0,0.0
9,0.015,63,1000,0,0.0
9,0.015,64,1000,0,0.0
9,0.015,65,1000,0,0.0
9,0.015,66,1000,0,0.0
9,0.015,67,1000,0,0.0
9,0.015,68,1000,0,0.0
9,0.015,69,1000,0,0.0
9,0.015,70,1000,0,0.0
9,0.015,71,1000,0,0.0
9,0.015,72,1000,0,0.0
9,0.015,73,1000,0,0.0
9,0.015,74,1000,0,0.0
9,0.015,75,1000,0,0.0
9,0.015,76,1000,0,0.0
9,0.015,77,1000,0,0.0
9,0.015,78,1000,0,0.0
9,0.015,79,1000,0,0.0
9,0.015,80,1000,0,0.0
9,0.015,81,1000,0,0.0
9,0.015,82,1000,0,0.0
9,0.015,83,1000,0,0.0
9,0.015,84,1000,0,0.0
9,0.015,85,1000,0,0.0
9,0.015,86,1000,0,0.0
9,0.015,87,1000,0,0.0
9,0.015,88,1000,0,0.0
9,0.015,89,1000,0,0.0
9,0.015,90,1000,0,0.0
9,0.015,91,1000,0,0.0
9,0.015,92,1000,0,0.0
9,0.015,93,1000,0,0.0
9,0.015,94,1000,0,0.0
9,0.015,95,1000,0,0.0
9,0.015,96,1000,0,0.0
9,0.015,97,1000,0,0.0
9,0.015,98,1000,0,0.0
9,0.015,99,1000,0,0.0
9,0.015,100,1000,0,0.0
9,0.02,1,1000,0,0.0
9,0.02,2,1000,0,0.0
9,0.02,3,1000,0,0.0
9,0.02,4,1000,0,0.0
9,0.02,5,1000,1,0.001
9,0.02,6,1000,0,0.0
9,0.02,7,1000,0,0.0
9,0.02,8,1000,0,0.0
9,0.02,9,1000,0,0.0
9,0.02,10,1000,0,0.0
9,0.02,11,1000,0,0.0
9,0.02,12,1000,0,0.0
9,0.02,13,1000,0,0.0
9,0.02,14,1000,0,0.0
9,0.02,15,1000,0,0.0
9,0.02,16,1000,0,0.0
9,0.02,17,1000,0,0.0
9,0.02,18,1000,0,0.0
9,0.02,19,1000,0,0.0
9,0.02,20,1000,0,0.0
9,0.02,21,1000,0,0.0
9,0.02,22,1000,0,0.0
9,0.02,23,1000,0,0.0
9,0.02,24,1000,0,0.0
9,0.02,25,1000,0,0.0
9,0.02,26,1000,0,0.0
9,0.02,27,1000,0,0.0
9,0.02,28,1000,0,0.0
9,0.02,29,1000,0,0.0
9,0.02,30,1000,0,0.0
9,0.02,31,1000,0,0.0
9,0.02,32,1000,0,0.0
9,0.02,33,1000,0,0.0
9,0.02,34,1000,0,0.0
9,0.02,35,1000,0,0.0
9,0.02,36,1000,0,0.0
9,0.02,37,1000,1,0.001
9,0.02,38,1000,0,0.0
9,0.02,39,1000,0,0.0
9,0.02,40,1000,0,0.0
9,0.02,41,1000,0,0.0
9,0.02,42,1000,0,0.0
9,0.02,43,1000,0,0.0
9,0.02,44,1000,0,0.0
9,0.02,45,1000,0,0.0
9,0.02,46,1000,0,0.0
9,0.02,47,1000,0,0.0
9,0.02,48,1000,0,0.0
9,0.02,49,1000,0,0.0
9,0.02,50,1000,0,0.0
9,0.02,51,1000,0,0.0
9,0.02,52,1000,0,0.0
9,0.02,53,1000,0,0.0
9,0.02,54,1000,0,0.0
9,0.02,55,1000,0,0.0
9,0.02,56,1000,0,0.0
9,0.02,57,1000,0,0.0
9,0.02,58,1000,0,0.0
9,0.02,59,1000,0,0.0
9,0.02,60,1000,0,0.0
9,0.02,61,1000,0,0.0
9,0.02,62,1000,0,0.0
9,0.02,63,1000,0,0.0
9,0.02,64,1000,0,0.0
9,0.02,65,1000,0,0.0
9,0.02,66,1000,1,0.001
9,0.02,67,1000,0,0.0
9,0.02,68,1000,0,0.0
9,0.02,69,1000,0,0.0
9,0.02,70,1000,0,0.0
9,0.02,71,1000,0,0.0
9,0.02,72,1000,0,0.0
9,0.02,73,1000,0,0.0
9,0.02,74,1000,0,0.0
9,0.02,75,1000,0,0.0
9,0.02,76,1000,0,0.0
9,0.02,77,1000,0,0.0
9,0.02,78,1000,0,0.0
9,0.02,79,1000,0,0.0
9,0.02,80,1000,0,0.0
9,0.02,81,1000,0,0.0
9,0.02,82,1000,0,0.0
9,0.02,83,1000,0,0.0
9,0.02,84,1000,0,0.0
9,0.02,85,1000,0,0.0
9,0.02,86,1000,0,0.0
9,0.02,87,1000,0,0.0
9,0.02,88,1000,0,0.0
9,0.02,89,1000,0,0.0
9,0.02,90,1000,0,0.0
9,0.02,91,1000,0,0.0
9,0.02,92,1000,0,0.0
9,0.02,93,1000,0,0.0
9,0.02,94,1000,0,0.0
9,0.02,95,1000,0,0.0
9,0.02,96,1000,0,0.0
9,0.02,97,1000,1,0.001
9,0.02,98,1000,0,0.0
9,0.02,99,1000,0,0.0
9,0.02,100,1000,0,0.0
9,0.025,1,1000,0,0.0
9,0.025,2,1000,0,0.0
9,0.025,3,1000,0,0.0
9,0.025,4,1000,0,0.0
9,0.025,5,1000,1,0.001
9,0.025,6,1000,2,0.002
9,0.025,7,1000,0,0.0
9,0.025,8,1000,1,0.001
9,0.025,9,1000,0,0.0
9,0.025,10,1000,0,0.0
9,0.025,11,1000,0,0.0
9,0.025,12,1000,0,0.0
9,0.025,13,1000,0,0.0
9,0.025,14,1000,0,0.0
9,0.025,15,1000,0,0.0
9,0.025,16,1000,0,0.0
9,0.025,17,1000,0,0.0
9,0.025,18,1000,0,0.0
9,0.025,19,1000,0,0.0
9,0.025,20,1000,0,0.0
9,0.025,21,1000,0,0.0
9,0.025,22,1000,0,0.0
9,0.025,23,1000,0,0.0
9,0.025,24,1000,2,0.002
9,0.025,25,1000,0,0.0
9,0.025,26,1000,0,0.0
9,0.025,27,1000,0,0.0
9,0.025,28,1000,0,0.0
9,0.025,29,1000,0,0.0
9,0.025,30,1000,0,0.0
9,0.025,31,1000,0,0.0
9,0.025,32,1000,0,0.0
9,0.025,33,1000,0,0.0
9,0.025,34,1000,0,0.0
9,0.025,35,1000,0,0.0
9,0.025,36,1000,0,0.0
9,0.025,37,1000,0,0.0
9,0.025,38,1000,0,0.0
9,0.025,39,1000,0,0.0
9,0.025,40,1000,0,0.0
9,0.025,41,1000,0,0.0
9,0.025,42,1000,0,0.0
9,0.025,43,1000,0,0.0
9,0.025,44,1000,1,0.001
9,0.025,45,1000,0,0.0
9,0.025,46,1000,0,0.0
9,0.025,47,1000,0,0.0
9,0.025,48,1000,0,0.0
9,0.025,49,1000,0,0.0
9,0.025,50,1000,0,0.0
9,0.025,51,1000,0,0.0
9,0.025,52,1000,0,0.0
9,0.025,53,1000,1,0.001
9,0.025,54,1000,0,0.0
9,0.025,55,1000,1,0.001
9,0.025,56,1000,0,0.0
9,0.025,57,1000,0,0.0
9,0.025,58,1000,0,0.0
9,0.025,59,1000,0,0.0
9,0.025,60,1000,0,0.0
9,0.025,61,1000,0,0.0
9,0.025,62,1000,1,0.001
9,0.025,63,1000,0,0.0
9,0.025,64,1000,0,0.0
9,0.025,65,1000,0,0.0
9,0.025,66,1000,0,0.0
9,0.025,67,1000,2,0.002
9,0.025,68,1000,0,0.0
9,0.025,69,1000,0,0.0
9,0.025,70,1000,0,0.0
9,0.025,71,1000,0,0.0
9,0.025,72,1000,0,0.0
9,0.025,73,1000,0,0.0
9,0.025,74,1000,0,0.0
9,0.025,75,1000,0,0.0
9,0.025,76,1000,3,0.003
9,0.025,77,1000,0,0.0
9,0.025,78,1000,0,0.0
9,0.025,79,1000,0,0.0
9,0.025,80,1000,0,0.0
9,0.025,81,1000,0,0.0
9,0.025,82,1000,0,0.0
9,0.025,83,1000,0,0.0
9,0.025,84,1000,0,0.0
9,0.025,85,1000,0,0.0
9,0.025,86,1000,0,0.0
9,0.025,87,1000,0,0.0
9,0.025,88,1000,0,0.0
9,0.025,89,1000,1,0.001
9,0.025,90,1000,0,0.0
9,0.025,91,1000,0,0.0
9,0.025,92,1000,0,0.0
9,0.025,93,1000,0,0.0
9,0.025,94,1000,1,0.001
9,0.025,95,1000,0,0.0
9,0.025,96,1000,0,0.0
9,0.025,97,1000,0,0.0
9,0.025,98,1000,0,0.0
9,0.025,99,1000,0,0.0
9,0.025,100,1000,0,0.0
9,0.03,1,1000,2,0.002
9,0.03,2,1000,1,0.001
9,0.03,3,1000,0,0.0
9,0.03,4,1000,0,0.0
9,0.03,5,1000,0,0.0
9,0.03,6,1000,0,0.0
9,0.03,7,1000,0,0.0
9,0.03,8,1000,1,0.001
9,0.03,9,1000,0,0.0
9,0.03,10,1000,0,0.0
9,0.03,11,1000,0,0.0
9,0.03,12,1000,0,0.0
9,0.03,13,1000,0,0.0
9,0.03,14,1000,0,0.0
9,0.03,15,1000,0,0.0
9,0.03,16,1000,0,0.0
9,0.03,17,1000,0,0.0
9,0.03,18,1000,1,0.001
9,0.03,19,1000,0,0.0
9,0.03,20,1000,1,0.001
9,0.03,21,1000,1,0.001
9,0.03,22,1000,1,0.001
9,0.03,23,1000,0,0.0
9,0.03,24,1000,0,0.0
9,0.03,25,1000,1,0.001
9,0.03,26,1000,1,0.001
9,0.03,27,1000,0,0.0
9,0.03,28,1000,0,0.0
9,0.03,29,1000,0,0.0
9,0.03,30,1000,1,0.001
9,0.03,31,1000,1,0.001
9,0.03,32,1000,1,0.001
9,0.03,33,1000,2,0.002
9,0.03,34,1000,0,0.0
9,0.03,35,1000,1,0.001
9,0.03,36,1000,0,0.0
9,0.03,37,1000,1,0.001
9,0.03,38,1000,0,0.0
9,0.03,39,1000,0,0.0
9,0.03,40,1000,0,0.0
9,0.03,41,1000,4,0.004
9,0.03,42,1000,1,0.001
9,0.03,43,1000,0,0.0
9,0.03,44,1000,1,0.001
9,0.03,45,1000,0,0.0
9,0.03,46,1000,1,0.001
9,0.03,47,1000,1,0.001
9,0.03,48,1000,0,0.0
9,0.03,49,1000,0,0.0
9,0.03,50,1000,0,0.0
9,0.03,51,1000,1,0.001
9,0.03,52,1000,0,0.0
9,0.03,53,1000,0,0.0
9,0.03,54,1000,0,0.0
9,0.03,55,1000,1,0.001
9,0.03,56,1000,1,0.001
9,0.03,57,1000,2,0.002
9,0.03,58,1000,1,0.001
9,0.03,59,1000,0,0.0
9,0.03,60,1000,1,0.001
9,0.03,61,1000,0,0.0
9,0.03,62,1000,1,0.001
9,0.03,63,1000,1,0.001
9,0.03,64,1000,0,0.0
9,0.03,65,1000,1,0.001
9,0.03,66,1000,1,0.001
9,0.03,67,1000,1,0.001
9,0.03,68,1000,0,0.0
9,0.03,69,1000,1,0.001
9,0.03,70,1000,0,0.0
9,0.03,71,1000,2,0.002
9,0.03,72,1000,1,0.001
9,0.03,73,1000,1,0.001
9,0.03,74,1000,0,0.0
9,0.03,75,1000,1,0.001
9,0.03,76,1000,0,0.0
9,0.03,77,1000,1,0.001
9,0.03,78,1000,0,0.0
9,0.03,79,1000,1,0.001
9,0.03,80,1000,1,0.001
9,0.03,81,1000,0,0.0
9,0.03,82,1000,0,0.0
9,0.03,83,1000,0,0.0
9,0.03,84,1000,1,0.001
9,0.03,85,1000,0,0.0
9,0.03,86,1000,0,0.0
9,0.03,87,1000,0,0.0
9,0.03,88,1000,1,0.001
9,0.03,89,1000,0,0.0
9,0.03,90,1000,0,0.0
9,0.03,91,1000,2,0.002
9,0.03,92,1000,0,0.0
9,0.03,93,1000,0,0.0
9,0.03,94,1000,1,0.001
9,0.03,95,1000,0,0.0
9,0.03,96,1000,0,0.0
9,0.03,97,1000,1,0.001
9,0.03,98,1000,1,0.001
9,0.03,99,1000,0,0.0
9,0.03,100,1000,0,0.0
9,0.035,1,1000,1,0.001
9,0.035,2,1000,0,0.0
9,0.035,3,1000,2,0.002
9,0.035,4,1000,0,0.0
9,0.035,5,1000,3,0.003
9,0.035,6,1000,2,0.002
9,0.035,7,1000,0,0.0
9,0.035,8,1000,4,0.004
9,0.035,9,1000,1,0.001
9,0.035,10,1000,4,0.004
9,0.035,11,1000,1,0.001
9,0.035,12,1000,2,0.002
9,0.035,13,1000,1,0.001
9,0.035,14,1000,2,0.002
9,0.035,15,1000,1,0.001
9,0.035,16,1000,0,0.0
9,0.035,17,1000,2,0.002
9,0.035,18,1000,0,0.0
9,0.035,19,1000,0,0.0
9,0.035,20,1000,2,0.002
9,0.035,21,1000,0,0.0
9,0.035,22,1000,1,0.001
9,0.035,23,1000,0,0.0
9,0.035,24,1000,0,0.0
9,0.035,25,1000,1,0.001
9,0.035,26,1000,1,0.001
9,0.035,27,1000,0,0.0
9,0.035,28,1000,0,0.0
9,0.035,29,1000,1,0.001
9,0.035,30,1000,1,0.001
9,0.035,31,1000,0,0.0
9,0.035,32,1000,2,0.002
9,0.035,33,1000,1,0.001
9,0.035,34,1000,1,0.001
9,0.035,35,1000,0,0.0
9,0.035,36,1000,1,0.001
9,0.035,37,1000,0,0.0
9,0.035,38,1000,0,0.0
9,0.035,39,1000,1,0.001
9,0.035,40,1000,0,0.0
9,0.035,41,1000,1,0.001
9,0.035,42,1000,1,0.001
9,0.035,43,1000,1,0.001
9,0.035,44,1000,4,0.004
9,0.035,45,1000,3,0.003
9,0.035,46,1000,1,0.001
9,0.035,47,1000,0,0.0
9,0.035,48,1000,2,0.002
9,0.035,49,1000,2,0.002
9,0.035,50,1000,1,0.001
9,0.035,51,1000,0,0.0
9,0.035,52,1000,0,0.0
9,0.035,53,1000,1,0.001
9,0.035,54,1000,3,0.003
9,0.035,55,1000,0,0.0
9,0.035,56,1000,1,0.001
9,0.035,57,1000,2,0.002
9,0.035,58,1000,0,0.0
9,0.035,59,1000,1,0.001
9,0.035,60,1000,3,0.003
9,0.035,61,1000,2,0.002
9,0.035,62,1000,0,0.0
9,0.035,63,1000,1,0.001
9,0.035,64,1000,0,0.0
9,0.035,65,1000,0,0.0
9,0.035,66,1000,2,0.002
9,0.035,67,1000,1,0.001
9,0.035,68,1000,0,0.0
9,0.035,69,1000,1,0.001
9,0.035,70,1000,4,0.004
9,0.035,71,1000,1,0.001
9,0.035,72,1000,0,0.0
9,0.035,73,1000,0,0.0
9,0.035,74,1000,0,0.0
9,0.035,75,1000,0,0.0
9,0.035,76,1000,1,0.001
9,0.035,77,1000,0,0.0
9,0.035,78,1000,1,0.001
9,0.035,79,1000,1,0.001
9,0.035,80,1000,1,0.001
9,0.035,81,1000,1,0.001
9,0.035,82,1000,1,0.001
9,0.035,83,1000,2,0.002
9,0.035,84,1000,0,0.0
9,0.035,85,1000,1,0.001
9,0.035,86,1000,2,0.002
9,0.035,87,1000,0,0.0
9,0.035,88,1000,1,0.001
9,0.035,89,1000,1,0.001
9,0.035,90,1000,0,0.0
9,0.035,91,1000,1,0.001
9,0.035,92,1000,0,0.0
9,0.035,93,1000,1,0.001
9,0.035,94,1000,2,0.002
9,0.035,95,1000,3,0.003
9,0.035,96,1000,1,0.001
9,0.035,97,1000,2,0.002
9,0.035,98,1000,0,0.0
9,0.035,99,1000,1,0.001
9,0.035,100,1000,1,0.001
9,0.04,1,1000,3,0.003
9,0.04,2,1000,3,0.003
9,0.04,3,1000,0,0.0
9,0.04,4,1000,2,0.002
9,0.04,5,1000,2,0.002
9,0.04,6,1000,4,0.004
9,0.04,7,1000,4,0.004
9,0.04,8,1000,4,0.004
9,0.04,9,1000,7,0.007
9,0.04,10,1000,2,0.002
9,0.04,11,1000,3,0.003
9,0.04,12,1000,2,0.002
9,0.04,13,1000,3,0.003
9,0.04,14,1000,1,0.001
9,0.04,15,1000,2,0.002
9,0.04,16,1000,2,0.002
9,0.04,17,1000,1,0.001
9,0.04,18,1000,3,0.003
9,0.04,19,1000,2,0.002
9,0.04,20,1000,1,0.001
9,0.04,21,1000,4,0.004
9,0.04,22,1000,1,0.001
9,0.04,23,1000,4,0.004
9,0.04,24,1000,4,0.004
9,0.04,25,1000,3,0.003
9,0.04,26,1000,2,0.002
9,0.04,27,1000,5,0.005
9,0.04,28,1000,4,0.004
9,0.04,29,1000,3,0.003
9,0.04,30,1000,1,0.001
9,0.04,31,1000,3,0.003
9,0.04,32,1000,3,0.003
9,0.04,33,1000,2,0.002
9,0.04,34,1000,2,0.002
9,0.04,35,1000,2,0.002
9,0.04,36,1000,3,0.003
9,0.04,37,1000,3,0.003
9,0.04,38,1000,1,0.001
9,0.04,39,1000,3,0.003
9,0.04,40,1000,3,0.003
9,0.04,41,1000,5,0.005
9,0.04,42,1000,0,0.0
9,0.04,43,1000,0,0.0
9,0.04,44,1000,3,0.003
9,0.04,45,1000,6,0.006
9,0.04,46,1000,3,0.003
9,0.04,47,1000,2,0.002
9,0.04,48,1000,3,0.003
9,0.04,49,1000,2,0.002
9,0.04,50,1000,3,0.003
9,0.04,51,1000,0,0.0
9,0.04,52,1000,2,0.002
9,0.04,53,1000,1,0.001
9,0.04,54,1000,1,0.001
9,0.04,55,1000,1,0.001
9,0.04,56,1000,1,0.001
9,0.04,57,1000,1,0.001
9,0.04,58,1000,4,0.004
9,0.04,59,1000,0,0.0
9,0.04,60,1000,3,0.003
9,0.04,61,1000,2,0.002
9,0.04,62,1000,1,0.001
9,0.04,63,1000,2,0.002
9,0.04,64,1000,1,0.001
9,0.04,65,1000,1,0.001
9,0.04,66,1000,4,0.004
9,0.04,67,1000,4,0.004
9,0.04,68,1000,2,0.002
9,0.04,69,1000,1,0.001
9,0.04,70,1000,1,0.001
9,0.04,71,1000,3,0.003
9,0.04,72,1000,4,0.004
9,0.04,73,1000,1,0.001
9,0.04,74,1000,0,0.0
9,0.04,75,1000,2,0.002
9,0.04,76,1000,2,0.002
9,0.04,77,1000,4,0.004
9,0.04,78,1000,0,0.0
9,0.04,79,1000,0,0.0
9,0.04,80,1000,0,0.0
9,0.04,81,1000,2,0.002
9,0.04,82,1000,0,0.0
9,0.04,83,1000,2,0.002
9,0.04,84,1000,0,0.0
9,0.04,85,1000,2,0.002
9,0.04,86,1000,1,0.001
9,0.04,87,1000,0,0.0
9,0.04,88,1000,1,0.001
9,0.04,89,1000,0,0.0
9,0.04,90,1000,1,0.001
9,0.04,91,1000,2,0.002
9,0.04,92,1000,4,0.004
9,0.04,93,1000,0,0.0
9,0.04,94,1000,2,0.002
9,0.04,95,1000,3,0.003
9,0.04,96,1000,2,0.002
9,0.04,97,1000,3,0.003
9,0.04,98,1000,2,0.002
9,0.04,99,1000,2,0.002
9,0.04,100,1000,2,0.002
9,0.045,1,1000,2,0.002
9,0.045,2,1000,3,0.003
9,0.045,3,1000,5,0.005
9,0.045,4,1000,3,0.003
9,0.045,5,1000,5,0.005
9,0.045,6,1000,5,0.005
9,0.045,7,1000,3,0.003
9,0.045,8,1000,5,0.005
9,0.045,9,1000,1,0.001
9,0.045,10,1000,5,0.005
9,0.045,11,1000,3,0.003
9,0.045,12,1000,10,0.01
9,0.045,13,1000,4,0.004
9,0.045,14,1000,1,0.001
9,0.045,15,1000,4,0.004
9,0.045,16,1000,1,0.001
9,0.045,17,1000,3,0.003
9,0.045,18,1000,4,0.004
9,0.045,19,1000,7,0.007
9,0.045,20,1000,4,0.004
9,0.045,21,1000,5,0.005
9,0.045,22,1000,2,0.002
9,0.045,23,1000,2,0.002
9,0.045,24,1000,2,0.002
9,0.045,25,1000,3,0.003
9,0.045,26,1000,2,0.002
9,0.045,27,1000,2,0.002
9,0.045,28,1000,2,0.002
9,0.045,29,1000,6,0.006
9,0.045,30,1000,4,0.004
9,0.045,31,1000,3,0.003
9,0.045,32,1000,4,0.004
9,0.045,33,1000,1,0.001
9,0.045,34,1000,2,0.002
9,0.045,35,1000,2,0.002
9,0.045,36,1000,1,0.001
9,0.045,37,1000,5,0.005
9,0.045,38,1000,3,0.003
9,0.045,39,1000,3,0.003
9,0.045,40,1000,4,0.004
9,0.045,41,1000,3,0.003
9,0.045,42,1000,5,0.005
9,0.045,43,1000,1,0.001
9,0.045,44,1000,5,0.005
9,0.045,45,1000,4,0.004
9,0.045,46,1000,3,0.003
9,0.045,47,1000,4,0.004
9,0.045,48,1000,4,0.004
9,0.045,49,1000,3,0.003
9,0.045,50,1000,2,0.002
9,0.045,51,1000,2,0.002
9,0.045,52,1000,3,0.003
9,0.045,53,1000,5,0.005
9,0.045,54,1000,3,0.003
9,0.045,55,1000,4,0.004
9,0.045,56,1000,5,0.005
9,0.045,57,1000,3,0.003
9,0.045,58,1000,4,0.004
9,0.045,59,1000,2,0.002
9,0.045,60,1000,3,0.003
9,0.045,61,1000,5,0.005
9,0.045,62,1000,4,0.004
9,0.045,63,1000,7,0.007
9,0.045,64,1000,4,0.004
9,0.045,65,1000,4,0.004
9,0.045,66,1000,4,0.004
9,0.045,67,1000,6,0.006
9,0.045,68,1000,3,0.003
9,0.045,69,1000,2,0.002
9,0.045,70,1000,4,0.004
9,0.045,71,1000,3,0.003
9,0.045,72,1000,4,0.004
9,0.045,73,1000,5,0.005
9,0.045,74,1000,0,0.0
9,0.045,75,1000,5,0.005
9,0.045,76,1000,4,0.004
9,0.045,77,1000,7,0.007
9,0.045,78,1000,6,0.006
9,0.045,79,1000,4,0.004
9,0.045,80,1000,5,0.005
9,0.045,81,1000,8,0.008
9,0.045,82,1000,5,0.005
9,0.045,83,1000,3,0.003
9,0.045,84,1000,3,0.003
9,0.045,85,1000,3,0.003
9,0.045,86,1000,3,0.003
9,0.045,87,1000,3,0.003
9,0.045,88,1000,2,0.002
9,0.045,89,1000,4,0.004
9,0.045,90,1000,2,0.002
9,0.045,91,1000,2,0.002
9,0.045,92,1000,4,0.004
9,0.045,93,1000,6,0.006
9,0.045,94,1000,5,0.005
9,0.045,95,1000,3,0.003
9,0.045,96,1000,5,0.005
9,0.045,97,1000,4,0.004
9,0.045,98,1000,5,0.005
9,0.045,99,1000,3,0.003
9,0.045,100,1000,3,0.003
9,0.05,1,1000,5,0.005
9,0.05,2,1000,6,0.006
9,0.05,3,1000,5,0.005
9,0.05,4,1000,8,0.008
9,0.05,5,1000,9,0.009
9,0.05,6,1000,4,0.004
9,0.05,7,1000,5,0.005
9,0.05,8,1000,4,0.004
9,0.05,9,1000,11,0.011
9,0.05,10,1000,11,0.011
9,0.05,11,1000,5,0.005
9,0.05,12,1000,6,0.006
9,0.05,13,1000,5,0.005
9,0.05,14,1000,3,0.003
9,0.05,15,1000,12,0.012
9,0.05,16,1000,8,0.008
9,0.05,17,1000,6,0.006
9,0.05,18,1000,13,0.013
9,0.05,19,1000,4,0.004
9,0.05,20,1000,3,0.003
9,0.05,21,1000,4,0.004
9,0.05,22,1000,8,0.008
9,0.05,23,1000,4,0.004
9,0.05,24,1000,6,0.006
9,0.05,25,1000,7,0.007
9,0.05,26,1000,2,0.002
9,0.05,27,1000,5,0.005
9,0.05,28,1000,6,0.006
9,0.05,29,1000,6,0.006
9,0.05,30,1000,6,0.006
9,0.05,31,1000,6,0.006
9,0.05,32,1000,3,0.003
9,0.05,33,1000,6,0.006
9,0.05,34,1000,8,0.008
9,0.05,35,1000,8,0.008
9,0.05,36,1000,4,0.004
9,0.05,37,1000,5,0.005
9,0.05,38,1000,7,0.007
9,0.05,39,1000,6,0.006
9,0.05,40,1000,3,0.003
9,0.05,41,1000,8,0.008
9,0.05,42,1000,6,0.006
9,0.05,43,1000,7,0.007
9,0.05,44,1000,6,0.006
9,0.05,45,1000,9,0.009
9,0.05,46,1000,4,0.004
9,0.05,47,1000,5,0.005
9,0.05,48,1000,4,0.004
9,0.05,49,1000,8,0.008
9,0.05,50,1000,5,0.005
9,0.05,51,1000,7,0.007
9,0.05,52,1000,6,0.006
9,0.05,53,1000,7,0.007
9,0.05,54,1000,11,0.011
9,0.05,55,1000,4,0.004
9,0.05,56,1000,8,0.008
9,0.05,57,1000,8,0.008
9,0.05,58,1000,6,0.006
9,0.05,59,1000,7,0.007
9,0.05,60,1000,5,0.005
9,0.05,61,1000,7,0.007
9,0.05,62,1000,6,0.006
9,0.05,63,1000,11,0.011
9,0.05,64,1000,7,0.007
9,0.05,65,1000,9,0.009
9,0.05,66,1000,7,0.007
9,0.05,67,1000,6,0.006
9,0.05,68,1000,4,0.004
9,0.05,69,1000,5,0.005
9,0.05,70,1000,8,0.008
9,0.05,71,1000,12,0.012
9,0.05,72,1000,2,0.002
9,0.05,73,1000,9,0.009
9,0.05,74,1000,8,0.008
9,0.05,75,1000,9,0.009
9,0.05,76,1000,2,0.002
9,0.05,77,1000,8,0.008
9,0.05,78,1000,5,0.005
9,0.05,79,1000,7,0.007
9,0.05,80,1000,7,0.007
9,0.05,81,1000,10,0.01
9,0.05,82,1000,5,0.005
9,0.05,83,1000,9,0.009
9,0.05,84,1000,3,0.003
9,0.05,85,1000,2,0.002
9,0.05,86,1000,5,0.005
9,0.05,87,1000,9,0.009
9,0.05,88,1000,7,0.007
9,0.05,89,1000,8,0.008
9,0.05,90,1000,10,0.01
9,0.05,91,1000,9,0.009
9,0.05,92,1000,4,0.004
9,0.05,93,1000,4,0.004
9,0.05,94,1000,10,0.01
9,0.05,95,1000,11,0.011
9,0.05,96,1000,2,0.002
9,0.05,97,1000,5,0.005
9,0.05,98,1000,9,0.009
9,0.05,99,1000,7,0.007
9,0.05,100,1000,7,0.007
9,0.055,1,1000,8,0.008
9,0.055,2,1000,10,0.01
9,0.055,3,1000,7,0.007
9,0.055,4,1000,12,0.012
9,0.055,5,1000,9,0.009
9,0.055,6,1000,5,0.005
9,0.055,7,1000,12,0.012
9,0.055,8,1000,7,0.007
9,0.055,9,1000,7,0.007
9,0.055,10,1000,6,0.006
9,0.055,11,1000,9,0.009
9,0.055,12,1000,11,0.011
9,0.055,13,1000,6,0.006
9,0.055,14,1000,6,0.006
9,0.055,15,1000,12,0.012
9,0.055,16,1000,8,0.008
9,0.055,17,1000,9,0.009
9,0.055,18,1000,14,0.014
9,0.055,19,1000,8,0.008
9,0.055,20,1000,13,0.013
9,0.055,21,1000,3,0.003
9,0.055,22,1000,11,0.011
9,0.055,23,1000,10,0.01
9,0.055,24,1000,11,0.011
9,0.055,25,1000,9,0.009
9,0.055,26,1000,16,0.016
9,0.055,27,1000,13,0.013
9,0.055,28,1000,10,0.01
9,0.055,29,1000,10,0.01
9,0.055,30,1000,12,0.012
9,0.055,31,1000,7,0.007
9,0.055,32,1000,11,0.011
9,0.055,33,1000,15,0.015
9,0.055,34,1000,13,0.013
9,0.055,35,1000,13,0.013
9,0.055,36,1000,5,0.005
9,0.055,37,1000,16,0.016
9,0.055,38,1000,8,0.008
9,0.055,39,1000,7,0.007
9,0.055,40,1000,11,0.011
9,0.055,41,1000,7,0.007
9,0.055,42,1000,8,0.008
9,0.055,43,1000,11,0.011
9,0.055,44,1000,10,0.01
9,0.055,45,1000,8,0.008
9,0.055,46,1000,7,0.007
9,0.055,47,1000,11,0.011
9,0.055,48,1000,13,0.013
9,0.055,49,1000,10,0.01
9,0.055,50,1000,10,0.01
9,0.055,51,1000,11,0.011
9,0.055,52,1000,8,0.008
9,0.055,53,1000,9,0.009
9,0.055,54,1000,8,0.008
9,0.055,55,1000,6,0.006
9,0.055,56,1000,14,0.014
9,0.055,57,1000,11,0.011
9,0.055,58,1000,6,0.006
9,0.055,59,1000,8,0.008
9,0.055,60,1000,7,0.007
9,0.055,61,1000,8,0.008
9,0.055,62,1000,8,0.008
9,0.055,63,1000,11,0.011
9,0.055,64,1000,8,0.008
9,0.055,65,1000,6,0.006
9,0.055,66,1000,11,0.011
9,0.055,67,1000,8,0.008
9,0.055,68,1000,13,0.013
9,0.055,69,1000,11,0.011
9,0.055,70,1000,9,0.009
9,0.055,71,1000,9,0.009
9,0.055,72,1000,8,0.008
9,0.055,73,1000,14,0.014
9,0.055,74,1000,9,0.009
9,0.055,75,1000,9,0.009
9,0.055,76,1000,4,0.004
9,0.055,77,1000,13,0.013
9,0.055,78,1000,15,0.015
9,0.055,79,1000,12,0.012
9,0.055,80,1000,15,0.015
9,0.055,81,1000,7,0.007
9,0.055,82,1000,9,0.009
9,0.055,83,1000,12,0.012
9,0.055,84,1000,13,0.013
9,0.055,85,1000,13,0.013
9,0.055,86,1000,5,0.005
9,0.055,87,1000,12,0.012
9,0.055,88,1000,14,0.014
9,0.055,89,1000,5,0.005
9,0.055,90,1000,9,0.009
9,0.055,91,1000,7,0.007
9,0.055,92,1000,7,0.007
9,0.055,93,1000,9,0.009
9,0.055,94,1000,6,0.006
9,0.055,95,1000,9,0.009
9,0.055,96,1000,9,0.009
9,0.055,97,1000,6,0.006
9,0.055,98,1000,6,0.006
9,0.055,99,1000,8,0.008
9,0.055,100,1000,7,0.007
9,0.06,1,1000,9,0.009
9,0.06,2,1000,9,0.009
9,0.06,3,1000,13,0.013
9,0.06,4,1000,16,0.016
9,0.06,5,1000,14,0.014
9,0.06,6,1000,9,0.009
9,0.06,7,1000,17,0.017
9,0.06,8,1000,19,0.019
9,0.06,9,1000,13,0.013
9,0.06,10,1000,14,0.014
9,0.06,11,1000,14,0.014
9,0.06,12,1000,27,0.027
9,0.06,13,1000,14,0.014
9,0.06,14,1000,17,0.017
9,0.06,15,1000,12,0.012
9,0.06,16,1000,7,0.007
9,0.06,17,1000,14,0.014
9,0.06,18,1000,9,0.009
9,0.06,19,1000,10,0.01
9,0.06,20,1000,15,0.015
9,0.06,21,1000,15,0.015
9,0.06,22,1000,13,0.013
9,0.06,23,1000,13,0.013
9,0.06,24,1000,17,0.017
9,0.06,25,1000,12,0.012
9,0.06,26,1000,14,0.014
9,0.06,27,1000,11,0.011
9,0.06,28,1000,16,0.016
9,0.06,29,1000,11,0.011
9,0.06,30,1000,21,0.021
9,0.06,31,1000,14,0.014
9,0.06,32,1000,18,0.018
9,0.06,33,1000,14,0.014
9,0.06,34,1000,18,0.018
9,0.06,35,1000,11,0.011
9,0.06,36,1000,13,0.013
9,0.06,37,1000,20,0.02
9,0.06,38,1000,15,0.015
9,0.06,39,1000,9,0.009
9,0.06,40,1000,15,0.015
9,0.06,41,1000,11,0.011
9,0.06,42,1000,11,0.011
9,0.06,43,1000,15,0.015
9,0.06,44,1000,20,0.02
9,0.06,45,1000,15,0.015
9,0.06,46,1000,16,0.016
9,0.06,47,1000,10,0.01
9,0.06,48,1000,14,0.014
9,0.06,49,1000,10,0.01
9,0.06,50,1000,13,0.013
9,0.06,51,1000,13,0.013
9,0.06,52,1000,20,0.02
9,0.06,53,1000,8,0.008
9,0.06,54,1000,15,0.015
9,0.06,55,1000,16,0.016
9,0.06,56,1000,11,0.011
9,0.06,57,1000,15,0.015
9,0.06,58,1000,9,0.009
9,0.06,59,1000,15,0.015
9,0.06,60,1000,15,0.015
9,0.06,61,1000,21,0.021
9,0.06,62,1000,13,0.013
9,0.06,63,1000,26,0.026
9,0.06,64,1000,17,0.017
9,0.06,65,1000,14,0.014
9,0.06,66,1000,13,0.013
9,0.06,67,1000,17,0.017
9,0.06,68,1000,9,0.009
9,0.06,69,1000,12,0.012
9,0.06,70,1000,17,0.017
9,0.06,71,1000,11,0.011
9,0.06,72,1000,11,0.011
9,0.06,73,1000,10,0.01
9,0.06,74,1000,22,0.022
9,0.06,75,1000,19,0.019
9,0.06,76,1000,15,0.015
9,0.06,77,1000,12,0.012
9,0.06,78,1000,10,0.01
9,0.06,79,1000,17,0.017
9,0.06,80,1000,12,0.012
9,0.06,81,1000,16,0.016
9,0.06,82,1000,14,0.014
9,0.06,83,1000,22,0.022
9,0.06,84,1000,14,0.014
9,0.06,85,1000,25,0.025
9,0.06,86,1000,13,0.013
9,0.06,87,1000,12,0.012
9,0.06,88,1000,13,0.013
9,0.06,89,1000,15,0.015
9,0.06,90,1000,19,0.019
9,0.06,91,1000,24,0.024
9,0.06,92,1000,12,0.012
9,0.06,93,1000,13,0.013
9,0.06,94,1000,14,0.014
9,0.06,95,1000,16,0.016
9,0.06,96,1000,18,0.018
9,0.06,97,1000,16,0.016
9,0.06,98,1000,12,0.012
9,0.06,99,1000,17,0.017
9,0.06,100,1000,14,0.014
9,0.065,1,1000,23,0.023
9,0.065,2,1000,18,0.018
9,0.065,3,1000,22,0.022
9,0.065,4,1000,19,0.019
9,0.065,5,1000,17,0.017
9,0.065,6,1000,23,0.023
9,0.065,7,1000,20,0.02
9,0.065,8,1000,23,0.023
9,0.065,9,1000,15,0.015
9,0.065,10,1000,23,0.023
9,0.065,11,1000,24,0.024
9,0.065,12,1000,22,0.022
9,0.065,13,1000,25,0.025
9,0.065,14,1000,20,0.02
9,0.065,15,1000,29,0.029
9,0.065,16,1000,21,0.021
9,0.065,17,1000,26,0.026
9,0.065,18,1000,24,0.024
9,0.065,19,1000,20,0.02
9,0.065,20,1000,24,0.024
9,0.065,21,1000,24,0.024
9,0.065,22,1000,21,0.021
9,0.065,23,1000,25,0.025
9,0.065,24,1000,21,0.021
9,0.065,25,1000,22,0.022
9,0.065,26,1000,25,0.025
9,0.065,27,1000,23,0.023
9,0.065,28,1000,19,0.019
9,0.065,29,1000,25,0.025
9,0.065,30,1000,19,0.019
9,0.065,31,1000,11,0.011
9,0.065,32,1000,15,0.015
9,0.065,33,1000,21,0.021
9,0.065,34,1000,26,0.026
9,0.065,35,1000,18,0.018
9,0.065,36,1000,20,0.02
9,0.065,37,1000,20,0.02
9,0.065,38,1000,25,0.025
9,0.065,39,1000,18,0.018
9,0.065,40,1000,17,0.017
9,0.065,41,1000,13,0.013
9,0.065,42,1000,18,0.018
9,0.065,43,1000,22,0.022
9,0.065,44,1000,19,0.019
9,0.065,45,1000,18,0.018
9,0.065,46,1000,22,0.022
9,0.065,47,1000,11,0.011
9,0.065,48,1000,16,0.016
9,0.065,49,1000,20,0.02
9,0.065,50,1000,22,0.022
9,0.065,51,1000,31,0.031
9,0.065,52,1000,19,0.019
9,0.065,53,1000,21,0.021
9,0.065,54,1000,10,0.01
9,0.065,55,1000,27,0.027
9,0.065,56,1000,20,0.02
9,0.065,57,1000,22,0.022
9,0.065,58,1000,21,0.021
9,0.065,59,1000,17,0.017
9,0.065,60,1000,24,0.024
9,0.065,61,1000,19,0.019
9,0.065,62,1000,23,0.023
9,0.065,63,1000,20,0.02
9,0.065,64,1000,19,0.019
9,0.065,65,1000,22,0.022
9,0.065,66,1000,23,0.023
9,0.065,67,1000,23,0.023
9,0.065,68,1000,23,0.023
9,0.065,69,1000,21,0.021
9,0.065,70,1000,17,0.017
9,0.065,71,1000,21,0.021
9,0.065,72,1000,22,0.022
9,0.065,73,1000,17,0.017
9,0.065,74,1000,26,0.026
9,0.065,75,1000,15,0.015
9,0.065,76,1000,22,0.022
9,0.065,77,1000,20,0.02
9,0.065,78,1000,27,0.027
9,0.065,79,1000,15,0.015
9,0.065,80,1000,20,0.02
9,0.065,81,1000,22,0.022
9,0.065,82,1000,17,0.017
9,0.065,83,1000,24,0.024
9,0.065,84,1000,27,0.027
9,0.065,85,1000,22,0.022
9,0.065,86,1000,23,0.023
9,0.065,87,1000,19,0.019
9,0.065,88,1000,22,0.022
9,0.065,89,1000,20,0.02
9,0.065,90,1000,18,0.018
9,0.065,91,1000,32,0.032
9,0.065,92,1000,16,0.016
9,0.065,93,1000,24,0.024
9,0.065,94,1000,18,0.018
9,0.065,95,1000,25,0.025
9,0.065,96,1000,23,0.023
9,0.065,97,1000,18,0.018
9,0.065,98,1000,13,0.013
9,0.065,99,1000,33,0.033
9,0.065,100,1000,20,0.02
9,0.07,1,1000,34,0.034
9,0.07,2,1000,29,0.029
9,0.07,3,1000,15,0.015
9,0.07,4,1000,28,0.028
9,0.07,5,1000,35,0.035
9,0.07,6,1000,27,0.027
9,0.07,7,1000,26,0.026
9,0.07,8,1000,23,0.023
9,0.07,9,1000,32,0.032
9,0.07,10,1000,34,0.034
9,0.07,11,1000,28,0.028
9,0.07,12,1000,33,0.033
9,0.07,13,1000,30,0.03
9,0.07,14,1000,28,0.028
9,0.07,15,1000,34,0.034
9,0.07,16,1000,36,0.036
9,0.07,17,1000,37,0.037
9,0.07,18,1000,23,0.023
9,0.07,19,1000,31,0.031
9,0.07,20,1000,30,0.03
9,0.07,21,1000,40,0.04
9,0.07,22,1000,45,0.045
9,0.07,23,1000,36,0.036
9,0.07,24,1000,35,0.035
9,0.07,25,1000,24,0.024
9,0.07,26,1000,26,0.026
9,0.07,27,1000,28,0.028
9,0.07,28,1000,44,0.044
9,0.07,29,1000,30,0.03
9,0.07,30,1000,40,0.04
9,0.07,31,1000,33,0.033
9,0.07,32,1000,32,0.032
9,0.07,33,1000,36,0.036
9,0.07,34,1000,29,0.029
9,0.07,35,1000,28,0.028
9,0.07,36,1000,29,0.029
9,0.07,37,1000,36,0.036
9,0.07,38,1000,31,0.031
9,0.07,39,1000,35,0.035
9,0.07,40,1000,31,0.031
9,0.07,41,1000,43,0.043
9,0.07,42,1000,29,0.029
9,0.07,43,1000,23,0.023
9,0.07,44,1000,28,0.028
9,0.07,45,1000,33,0.033
9,0.07,46,1000,19,0.019
9,0.07,47,1000,30,0.03
9,0.07,48,1000,35,0.035
9,0.07,49,1000,26,0.026
9,0.07,50,1000,25,0.025
9,0.07,51,1000,26,0.026
9,0.07,52,1000,26,0.026
9,0.07,53,1000,38,0.038
9,0.07,54,1000,24,0.024
9,0.07,55,1000,31,0.031
9,0.07,56,1000,39,0.039
9,0.07,57,1000,26,0.026
9,0.07,58,1000,36,0.036
9,0.07,59,1000,37,0.037
9,0.07,60,1000,31,0.031
9,0.07,61,1000,31,0.031
9,0.07,62,1000,35,0.035
9,0.07,63,1000,35,0.035
9,0.07,64,1000,33,0.033
9,0.07,65,1000,30,0.03
9,0.07,66,1000,27,0.027
9,0.07,67,1000,32,0.032
9,0.07,68,1000,37,0.037
9,0.07,69,1000,32,0.032
9,0.07,70,1000,36,0.036
9,0.07,71,1000,32,0.032
9,0.07,72,1000,19,0.019
9,0.07,73,1000,31,0.031
9,0.07,74,1000,34,0.034
9,0.07,75,1000,19,0.019
9,0.07,76,1000,31,0.031
9,0.07,77,1000,25,0.025
9,0.07,78,1000,28,0.028
9,0.07,79,1000,22,0.022
9,0.07,80,1000,38,0.038
9,0.07,81,1000,21,0.021
9,0.07,82,1000,28,0.028
9,0.07,83,1000,33,0.033
9,0.07,84,1000,39,0.039
9,0.07,85,1000,34,0.034
9,0.07,86,1000,24,0.024
9,0.07,87,1000,31,0.031
9,0.07,88,1000,22,0.022
9,0.07,89,1000,26,0.026
9,0.07,90,1000,30,0.03
9,0.07,91,1000,29,0.029
9,0.07,92,1000,21,0.021
9,0.07,93,1000,22,0.022
9,0.07,94,1000,34,0.034
9,0.07,95,1000,21,0.021
9,0.07,96,1000,30,0.03
9,0.07,97,1000,30,0.03
9,0.07,98,1000,35,0.035
9,0.07,99,1000,43,0.043
9,0.07,100,1000,26,0.026
9,0.075,1,1000,40,0.04
9,0.075,2,1000,41,0.041
9,0.075,3,1000,32,0.032
9,0.075,4,1000,42,0.042
9,0.075,5,1000,42,0.042
9,0.075,6,1000,37,0.037
9,0.075,7,1000,31,0.031
9,0.075,8,1000,46,0.046
9,0.075,9,1000,39,0.039
9,0.075,10,1000,32,0.032
9,0.075,11,1000,50,0.05
9,0.075,12,1000,44,0.044
9,0.075,13,1000,43,0.043
9,0.075,14,1000,40,0.04
9,0.075,15,1000,31,0.031
9,0.075,16,1000,32,0.032
9,0.075,17,1000,43,0.043
9,0.075,18,1000,40,0.04
9,0.075,19,1000,46,0.046
9,0.075,20,1000,33,0.033
9,0.075,21,1000,35,0.035
9,0.075,22,1000,40,0.04
9,0.075,23,1000,49,0.049
9,0.075,24,1000,40,0.04
9,0.075,25,1000,40,0.04
9,0.075,26,1000,48,0.048
9,0.075,27,1000,38,0.038
9,0.075,28,1000,38,0.038
9,0.075,29,1000,35,0.035
9,0.075,30,1000,36,0.036
9,0.075,31,1000,44,0.044
9,0.075,32,1000,41,0.041
9,0.075,33,1000,40,0.04
9,0.075,34,1000,44,0.044
9,0.075,35,1000,46,0.046
9,0.075,36,1000,43,0.043
9,0.075,37,1000,38,0.038
9,0.075,38,1000,45,0.045
9,0.075,39,1000,50,0.05
9,0.075,40,1000,43,0.043
9,0.075,41,1000,49,0.049
9,0.075,42,1000,34,0.034
9,0.075,43,1000,34,0.034
9,0.075,44,1000,43,0.043
9,0.075,45,1000,49,0.049
9,0.075,46,1000,47,0.047
9,0.075,47,1000,41,0.041
9,0.075,48,1000,45,0.045
9,0.075,49,1000,45,0.045
9,0.075,50,1000,42,0.042
9,0.075,51,1000,41,0.041
9,0.075,52,1000,39,0.039
9,0.075,53,1000,35,0.035
9,0.075,54,1000,38,0.038
9,0.075,55,1000,44,0.044
9,0.075,56,1000,36,0.036
9,0.075,57,1000,46,0.046
9,0.075,58,1000,37,0.037
9,0.075,59,1000,44,0.044
9,0.075,60,1000,27,0.027
9,0.075,61,1000,39,0.039
9,0.075,62,1000,33,0.033
9,0.075,63,1000,45,0.045
9,0.075,64,1000,37,0.037
9,0.075,65,1000,40,0.04
9,0.075,66,1000,33,0.033
9,0.075,67,1000,44,0.044
9,0.075,68,1000,19,0.019
9,0.075,69,1000,34,0.034
9,0.075,70,1000,35,0.035
9,0.075,71,1000,38,0.038
9,0.075,72,1000,36,0.036
9,0.075,73,1000,39,0.039
9,0.075,74,1000,43,0.043
9,0.075,75,1000,46,0.046
9,0.075,76,1000,38,0.038
9,0.075,77,1000,42,0.042
9,0.075,78,1000,35,0.035
9,0.075,79,1000,48,0.048
9,0.075,80,1000,45,0.045
9,0.075,81,1000,44,0.044
9,0.075,82,1000,37,0.037
9,0.075,83,1000,33,0.033
9,0.075,84,1000,42,0.042
9,0.075,85,1000,36,0.036
9,0.075,86,1000,39,0.039
9,0.075,87,1000,40,0.04
9,0.075,88,1000,34,0.034
9,0.075,89,1000,48,0.048
9,0.075,90,1000,53,0.053
9,0.075,91,1000,42,0.042
9,0.075,92,1000,41,0.041
9,0.075,93,1000,32,0.032
9,0.075,94,1000,33,0.033
9,0.075,95,1000,38,0.038
9,0.075,96,1000,45,0.045
9,0.075,97,1000,37,0.037
9,0.075,98,1000,40,0.04
9,0.075,99,1000,39,0.039
9,0.075,100,1000,36,0.036
9,0.08,1,1000,52,0.052
9,0.08,2,1000,55,0.055
9,0.08,3,1000,46,0.046
9,0.08,4,1000,42,0.042
9,0.08,5,1000,51,0.051
9,0.08,6,1000,48,0.048
9,0.08,7,1000,46,0.046
9,0.08,8,1000,56,0.056
9,0.08,9,1000,44,0.044
9,0.08,10,1000,48,0.048
9,0.08,11,1000,49,0.049
9,0.08,12,1000,50,0.05
9,0.08,13,1000,57,0.057
9,0.08,14,1000,54,0.054
9,0.08,15,1000,45,0.045
9,0.08,16,1000,46,0.046
9,0.08,17,1000,46,0.046
9,0.08,18,1000,57,0.057
9,0.08,19,1000,57,0.057
9,0.08,20,1000,66,0.066
9,0.08,21,1000,52,0.052
9,0.08,22,1000,56,0.056
9,0.08,23,1000,42,0.042
9,0.08,24,1000,62,0.062
9,0.08,25,1000,38,0.038
9,0.08,26,1000,48,0.048
9,0.08,27,1000,49,0.049
9,0.08,28,1000,55,0.055
9,0.08,29,1000,57,0.057
9,0.08,30,1000,47,0.047
9,0.08,31,1000,57,0.057
9,0.08,32,1000,64,0.064
9,0.08,33,1000,59,0.059
9,0.08,34,1000,69,0.069
9,0.08,35,1000,51,0.051
9,0.08,36,1000,53,0.053
9,0.08,37,1000,42,0.042
9,0.08,38,1000,54,0.054
9,0.08,39,1000,57,0.057
9,0.08,40,1000,47,0.047
9,0.08,41,1000,57,0.057
9,0.08,42,1000,66,0.066
9,0.08,43,1000,63,0.063
9,0.08,44,1000,60,0.06
9,0.08,45,1000,49,0.049
9,0.08,46,1000,54,0.054
9,0.08,47,1000,59,0.059
9,0.08,48,1000,39,0.039
9,0.08,49,1000,55,0.055
9,0.08,50,1000,56,0.056
9,0.08,51,1000,51,0.051
9,0.08,52,1000,75,0.075
9,0.08,53,1000,51,0.051
9,0.08,54,1000,58,0.058
9,0.08,55,1000,58,0.058
9,0.08,56,1000,49,0.049
9,0.08,57,1000,48,0.048
9,0.08,58,1000,50,0.05
9,0.08,59,1000,55,0.055
9,0.08,60,1000,58,0.058
9,0.08,61,1000,60,0.06
9,0.08,62,1000,57,0.057
9,0.08,63,1000,41,0.041
9,0.08,64,1000,39,0.039
9,0.08,65,1000,57,0.057
9,0.08,66,1000,52,0.052
9,0.08,67,1000,59,0.059
9,0.08,68,1000,53,0.053
9,0.08,69,1000,43,0.043
9,0.08,70,1000,66,0.066
9,0.08,71,1000,51,0.051
9,0.08,72,1000,61,0.061
9,0.08,73,1000,49,0.049
9,0.08,74,1000,57,0.057
9,0.08,75,1000,53,0.053
9,0.08,76,1000,53,0.053
9,0.08,77,1000,62,0.062
9,0.08,78,1000,51,0.051
9,0.08,79,1000,50,0.05
9,0.08,80,1000,64,0.064
9,0.08,81,1000,49,0.049
9,0.08,82,1000,48,0.048
9,0.08,83,1000,48,0.048
9,0.08,84,1000,47,0.047
9,0.08,85,1000,47,0.047
9,0.08,86,1000,51,0.051
9,0.08,87,1000,55,0.055
9,0.08,88,1000,59,0.059
9,0.08,89,1000,50,0.05
9,0.08,90,1000,49,0.049
9,0.08,91,1000,55,0.055
9,0.08,92,1000,48,0.048
9,0.08,93,1000,48,0.048
9,0.08,94,1000,59,0.059
9,0.08,95,1000,65,0.065
9,0.08,96,1000,50,0.05
9,0.08,97,1000,52,0.052
9,0.08,98,1000,53,0.053
9,0.08,99,1000,56,0.056
9,0.08,100,1000,47,0.047
9,0.085,1,1000,64,0.064
9,0.085,2,1000,62,0.062
9,0.085,3,1000,59,0.059
9,0.085,4,1000,53,0.053
9,0.085,5,1000,59,0.059
9,0.085,6,1000,54,0.054
9,0.085,7,1000,75,0.075
9,0.085,8,1000,83,0.083
9,0.085,9,1000,60,0.06
9,0.085,10,1000,58,0.058
9,0.085,11,1000,67,0.067
9,0.085,12,1000,75,0.075
9,0.085,13,1000,63,0.063
9,0.085,14,1000,66,0.066
9,0.085,15,1000,65,0.065
9,0.085,16,1000,54,0.054
9,0.085,17,1000,74,0.074
9,0.085,18,1000,71,0.071
9,0.085,19,1000,81,0.081
9,0.085,20,1000,68,0.068
9,0.085,21,1000,58,0.058
9,0.085,22,1000,62,0.062
9,0.085,23,1000,61,0.061
9,0.085,24,1000,61,0.061
9,0.085,25,1000,70,0.07
9,0.085,26,1000,64,0.064
9,0.085,27,1000,54,0.054
9,0.085,28,1000,73,0.073
9,0.085,29,1000,70,0.07
9,0.085,30,1000,72,0.072
9,0.085,31,1000,72,0.072
9,0.085,32,1000,61,0.061
9,0.085,33,1000,69,0.069
9,0.085,34,1000,58,0.058
9,0.085,35,1000,77,0.077
9,0.085,36,1000,63,0.063
9,0.085,37,1000,59,0.059
9,0.085,38,1000,70,0.07
9,0.085,39,1000,70,0.07
9,0.085,40,1000,73,0.073
9,0.085,41,1000,73,0.073
9,0.085,42,1000,58,0.058
9,0.085,43,1000,64,0.064
9,0.085,44,1000,57,0.057
9,0.085,45,1000,62,0.062
9,0.085,46,1000,64,0.064
9,0.085,47,1000,71,0.071
9,0.085,48,1000,47,0.047
9,0.085,49,1000,65,0.065
9,0.085,50,1000,66,0.066
9,0.085,51,1000,67,0.067
9,0.085,52,1000,62,0.062
9,0.085,53,1000,59,0.059
9,0.085,54,1000,59,0.059
9,0.085,55,1000,67,0.067
9,0.085,56,1000,73,0.073
9,0.085,57,1000,76,0.076
9,0.085,58,1000,62,0.062
9,0.085,59,1000,62,0.062
9,0.085,60,1000,67,0.067
9,0.085,61,1000,76,0.076
9,0.085,62,1000,75,0.075
9,0.085,63,1000,72,0.072
9,0.085,64,1000,62,0.062
9,0.085,65,1000,77,0.077
9,0.085,66,1000,58,0.058
9,0.085,67,1000,61,0.061
9,0.085,68,1000,55,0.055
9,0.085,69,1000,69,0.069
9,0.085,70,1000,70,0.07
9,0.085,71,1000,57,0.057
9,0.085,72,1000,61,0.061
9,0.085,73,1000,76,0.076
9,0.085,74,1000,66,0.066
9,0.085,75,1000,65,0.065
9,0.085,76,1000,62,0.062
9,0.085,77,1000,70,0.07
9,0.085,78,1000,69,0.069
9,0.085,79,1000,65,0.065
9,0.085,80,1000,66,0.066
9,0.085,81,1000,62,0.062
9,0.085,82,1000,69,0.069
9,0.085,83,1000,63,0.063
9,0.085,84,1000,58,0.058
9,0.085,85,1000,51,0.051
9,0.085,86,1000,61,0.061
9,0.085,87,1000,71,0.071
9,0.085,88,1000,69,0.069
9,0.085,89,1000,64,0.064
9,0.085,90,1000,62,0.062
9,0.085,91,1000,78,0.078
9,0.085,92,1000,77,0.077
9,0.085,93,1000,74,0.074
9,0.085,94,1000,77,0.077
9,0.085,95,1000,56,0.056
9,0.085,96,1000,64,0.064
9,0.085,97,1000,59,0.059
9,0.085,98,1000,60,0.06
9,0.085,99,1000,64,0.064
9,0.085,100,1000,50,0.05
9,0.09,1,1000,93,0.093
9,0.09,2,1000,73,0.073
9,0.09,3,1000,73,0.073
9,0.09,4,1000,75,0.075
9,0.09,5,1000,72,0.072
9,0.09,6,1000,85,0.085
9,0.09,7,1000,87,0.087
9,0.09,8,1000,79,0.079
9,0.09,9,1000,80,0.08
9,0.09,10,1000,79,0.079
9,0.09,11,1000,82,0.082
9,0.09,12,1000,89,0.089
9,0.09,13,1000,80,0.08
9,0.09,14,1000,87,0.087
9,0.09,15,1000,91,0.091
9,0.09,16,1000,81,0.081
9,0.09,17,1000,72,0.072
9,0.09,18,1000,97,0.097
9,0.09,19,1000,77,0.077
9,0.09,20,1000,80,0.08
9,0.09,21,1000,71,0.071
9,0.09,22,1000,98,0.098
9,0.09,23,1000,69,0.069
9,0.09,24,1000,83,0.083
9,0.09,25,1000,91,0.091
9,0.09,26,1000,91,0.091
9,0.09,27,1000,81,0.081
9,0.09,28,1000,67,0.067
9,0.09,29,1000,92,0.092
9,0.09,30,1000,79,0.079
9,0.09,31,1000,97,0.097
9,0.09,32,1000,75,0.075
9,0.09,33,1000,83,0.083
9,0.09,34,1000,84,0.084
9,0.09,35,1000,79,0.079
9,0.09,36,1000,93,0.093
9,0.09,37,1000,92,0.092
9,0.09,38,1000,93,0.093
9,0.09,39,1000,73,0.073
9,0.09,40,1000,91,0.091
9,0.09,41,1000,68,0.068
9,0.09,42,1000,77,0.077
9,0.09,43,1000,75,0.075
9,0.09,44,1000,84,0.084
9,0.09,45,1000,89,0.089
9,0.09,46,1000,85,0.085
9,0.09,47,1000,81,0.081
9,0.09,48,1000,74,0.074
9,0.09,49,1000,91,0.091
9,0.09,50,1000,70,0.07
9,0.09,51,1000,73,0.073
9,0.09,52,1000,84,0.084
9,0.09,53,1000,93,0.093
9,0.09,54,1000,95,0.095
9,0.09,55,1000,84,0.084
9,0.09,56,1000,69,0.069
9,0.09,57,1000,77,0.077
9,0.09,58,1000,67,0.067
9,0.09,59,1000,84,0.084
9,0.09,60,1000,72,0.072
9,0.09,61,1000,76,0.076
9,0.09,62,1000,82,0.082
9,0.09,63,1000,92,0.092
9,0.09,64,1000,80,0.08
9,0.09,65,1000,84,0.084
9,0.09,66,1000,104,0.104
9,0.09,67,1000,79,0.079
9,0.09,68,1000,86,0.086
9,0.09,69,1000,86,0.086
9,0.09,70,1000,89,0.089
9,0.09,71,1000,88,0.088
9,0.09,72,1000,82,0.082
9,0.09,73,1000,89,0.089
9,0.09,74,1000,78,0.078
9,0.09,75,1000,74,0.074
9,0.09,76,1000,82,0.082
9,0.09,77,1000,82,0.082
9,0.09,78,1000,67,0.067
9,0.09,79,1000,84,0.084
9,0.09,80,1000,83,0.083
9,0.09,81,1000,81,0.081
9,0.09,82,1000,77,0.077
9,0.09,83,1000,86,0.086
9,0.09,84,1000,76,0.076
9,0.09,85,1000,86,0.086
9,0.09,86,1000,88,0.088
9,0.09,87,1000,80,0.08
9,0.09,88,1000,78,0.078
9,0.09,89,1000,86,0.086
9,0.09,90,1000,93,0.093
9,0.09,91,1000,87,0.087
9,0.09,92,1000,86,0.086
9,0.09,93,1000,74,0.074
9,0.09,94,1000,63,0.063
9,0.09,95,1000,92,0.092
9,0.09,96,1000,84,0.084
9,0.09,97,1000,87,0.087
9,0.09,98,1000,76,0.076
9,0.09,99,1000,82,0.082
9,0.09,100,1000,83,0.083
9,0.095,1,1000,104,0.104
9,0.095,2,1000,98,0.098
9,0.095,3,1000,103,0.103
9,0.095,4,1000,107,0.107
9,0.095,5,1000,104,0.104
9,0.095,6,1000,96,0.096
9,0.095,7,1000,99,0.099
9,0.095,8,1000,91,0.091
9,0.095,9,1000,95,0.095
9,0.095,10,1000,111,0.111
9,0.095,11,1000,104,0.104
9,0.095,12,1000,88,0.088
9,0.095,13,1000,106,0.106
9,0.095,14,1000,93,0.093
9,0.095,15,1000,93,0.093
9,0.095,16,1000,102,0.102
9,0.095,17,1000,116,0.116
9,0.095,18,1000,103,0.103
9,0.095,19,1000,101,0.101
9,0.095,20,1000,96,0.096
9,0.095,21,1000,98,0.098
9,0.095,22,1000,88,0.088
9,0.095,23,1000,90,0.09
9,0.095,24,1000,88,0.088
9,0.095,25,1000,89,0.089
9,0.095,26,1000,93,0.093
9,0.095,27,1000,97,0.097
9,0.095,28,1000,107,0.107
9,0.095,29,1000,101,0.101
9,0.095,30,1000,85,0.085
9,0.095,31,1000,90,0.09
9,0.095,32,1000,105,0.105
9,0.095,33,1000,94,0.094
9,0.095,34,1000,102,0.102
9,0.095,35,1000,90,0.09
9,0.095,36,1000,110,0.11
9,0.095,37,1000,104,0.104
9,0.095,38,1000,98,0.098
9,0.095,39,1000,110,0.11
9,0.095,40,1000,102,0.102
9,0.095,41,1000,111,0.111
9,0.095,42,1000,104,0.104
9,0.095,43,1000,97,0.097
9,0.095,44,1000,118,0.118
9,0.095,45,1000,98,0.098
9,0.095,46,1000,92,0.092
9,0.095,47,1000,97,0.097
9,0.095,48,1000,90,0.09
9,0.095,49,1000,101,0.101
9,0.095,50,1000,116,0.116
9,0.095,51,1000,103,0.103
9,0.095,52,1000,84,0.084
9,0.095,53,1000,91,0.091
9,0.095,54,1000,89,0.089
9,0.095,55,1000,85,0.085
9,0.095,56,1000,101,0.101
9,0.095,57,1000,98,0.098
9,0.095,58,1000,94,0.094
9,0.095,59,1000,87,0.087
9,0.095,60,1000,97,0.097
9,0.095,61,1000,101,0.101
9,0.095,62,1000,108,0.108
9,0.095,63,1000,113,0.113
9,0.095,64,1000,101,0.101
9,0.095,65,1000,105,0.105
9,0.095,66,1000,98,0.098
9,0.095,67,1000,108,0.108
9,0.095,68,1000,98,0.098
9,0.095,69,1000,99,0.099
9,0.095,70,1000,104,0.104
9,0.095,71,1000,86,0.086
9,0.095,72,1000,96,0.096
9,0.095,73,1000,91,0.091
9,0.095,74,1000,100,0.1
9,0.095,75,1000,102,0.102
9,0.095,76,1000,103,0.103
9,0.095,77,1000,105,0.105
9,0.095,78,1000,93,0.093
9,0.095,79,1000,91,0.091
9,0.095,80,1000,99,0.099
9,0.095,81,1000,93,0.093
9,0.095,82,1000,102,0.102
9,0.095,83,1000,105,0.105
9,0.095,84,1000,122,0.122
9,0.095,85,1000,119,0.119
9,0.095,86,1000,99,0.099
9,0.095,87,1000,98,0.098
9,0.095,88,1000,92,0.092
9,0.095,89,1000,100,0.1
9,0.095,90,1000,111,0.111
9,0.095,91,1000,106,0.106
9,0.095,92,1000,115,0.115
9,0.095,93,1000,101,0.101
9,0.095,94,1000,94,0.094
9,0.095,95,1000,105,0.105
9,0.095,96,1000,94,0.094
9,0.095,97,1000,97,0.097
9,0.095,98,1000,90,0.09
9,0.095,99,1000,92,0.092
9,0.095,100,1000,100,0.1
9,0.1,1,1000,119,0.119
9,0.1,2,1000,115,0.115
9,0.1,3,1000,135,0.135
9,0.1,4,1000,115,0.115
9,0.1,5,1000,101,0.101
9,0.1,6,1000,133,0.133
9,0.1,7,1000,117,0.117
9,0.1,8,1000,121,0.121
9,0.1,9,1000,100,0.1
9,0.1,10,1000,131,0.131
9,0.1,11,1000,132,0.132
9,0.1,12,1000,120,0.12
9,0.1,13,1000,107,0.107
9,0.1,14,1000,134,0.134
9,0.1,15,1000,122,0.122
9,0.1,16,1000,119,0.119
9,0.1,17,1000,107,0.107
9,0.1,18,1000,103,0.103
9,0.1,19,1000,119,0.119
9,0.1,20,1000,127,0.127
9,0.1,21,1000,106,0.106
9,0.1,22,1000,113,0.113
9,0.1,23,1000,117,0.117
9,0.1,24,1000,134,0.134
9,0.1,25,1000,125,0.125
9,0.1,26,1000,96,0.096
9,0.1,27,1000,115,0.115
9,0.1,28,1000,124,0.124
9,0.1,29,1000,112,0.112
9,0.1,30,1000,122,0.122
9,0.1,31,1000,118,0.118
9,0.1,32,1000,117,0.117
9,0.1,33,1000,118,0.118
9,0.1,34,1000,133,0.133
9,0.1,35,1000,111,0.111
9,0.1,36,1000,124,0.124
9,0.1,37,1000,127,0.127
9,0.1,38,1000,116,0.116
9,0.1,39,1000,124,0.124
9,0.1,40,1000,120,0.12
9,0.1,41,1000,123,0.123
9,0.1,42,1000,108,0.108
9,0.1,43,1000,124,0.124
9,0.1,44,1000,127,0.127
9,0.1,45,1000,123,0.123
9,0.1,46,1000,114,0.114
9,0.1,47,1000,137,0.137
9,0.1,48,1000,104,0.104
9,0.1,49,1000,120,0.12
9,0.1,50,1000,125,0.125
9,0.1,51,1000,111,0.111
9,0.1,52,1000,107,0.107
9,0.1,53,1000,111,0.111
9,0.1,54,1000,125,0.125
9,0.1,55,1000,120,0.12
9,0.1,56,1000,132,0.132
9,0.1,57,1000,110,0.11
9,0.1,58,1000,120,0.12
9,0.1,59,1000,107,0.107
9,0.1,60,1000,93,0.093
9,0.1,61,1000,104,0.104
9,0.1,62,1000,99,0.099
9,0.1,63,1000,117,0.117
9,0.1,64,1000,102,0.102
9,0.1,65,1000,125,0.125
9,0.1,66,1000,101,0.101
9,0.1,67,1000,107,0.107
9,0.1,68,1000,129,0.129
9,0.1,69,1000,111,0.111
9,0.1,70,1000,96,0.096
9,0.1,71,1000,120,0.12
9,0.1,72,1000,105,0.105
9,0.1,73,1000,115,0.115
9,0.1,74,1000,111,0.111
9,0.1,75,1000,104,0.104
9,0.1,76,1000,116,0.116
9,0.1,77,1000,142,0.142
9,0.1,78,1000,112,0.112
9,0.1,79,1000,107,0.107
9,0.1,80,1000,117,0.117
9,0.1,81,1000,105,0.105
9,0.1,82,1000,111,0.111
9,0.1,83,1000,143,0.143
9,0.1,84,1000,147,0.147
9,0.1,85,1000,124,0.124
9,0.1,86,1000,117,0.117
9,0.1,87,1000,111,0.111
9,0.1,88,1000,127,0.127
9,0.1,89,1000,111,0.111
9,0.1,90,1000,120,0.12
9,0.1,91,1000,127,0.127
9,0.1,92,1000,134,0.134
9,0.1,93,1000,120,0.12
9,0.1,94,1000,107,0.107
9,0.1,95,1000,126,0.126
9,0.1,96,1000,107,0.107
9,0.1,97,1000,118,0.118
9,0.1,98,1000,118,0.118
9,0.1,99,1000,113,0.113
9,0.1,100,1000,122,0.122
9,0.105,1,1000,131,0.131
9,0.105,2,1000,158,0.158
9,0.105,3,1000,130,0.13
9,0.105,4,1000,141,0.141
9,0.105,5,1000,146,0.146
9,0.105,6,1000,131,0.131
9,0.105,7,1000,141,0.141
9,0.105,8,1000,145,0.145
9,0.105,9,1000,136,0.136
9,0.105,10,1000,129,0.129
9,0.105,11,1000,120,0.12
9,0.105,12,1000,138,0.138
9,0.105,13,1000,142,0.142
9,0.105,14,1000,147,0.147
9,0.105,15,1000,158,0.158
9,0.105,16,1000,136,0.136
9,0.105,17,1000,151,0.151
9,0.105,18,1000,123,0.123
9,0.105,19,1000,133,0.133
9,0.105,20,1000,122,0.122
9,0.105,21,1000,135,0.135
9,0.105,22,1000,121,0.121
9,0.105,23,1000,144,0.144
9,0.105,24,1000,148,0.148
9,0.105,25,1000,152,0.152
9,0.105,26,1000,137,0.137
9,0.105,27,1000,149,0.149
9,0.105,28,1000,147,0.147
9,0.105,29,1000,147,0.147
9,0.105,30,1000,142,0.142
9,0.105,31,1000,151,0.151
9,0.105,32,1000,136,0.136
9,0.105,33,1000,126,0.126
9,0.105,34,1000,145,0.145
9,0.105,35,1000,128,0.128
9,0.105,36,1000,129,0.129
9,0.105,37,1000,149,0.149
9,0.105,38,1000,130,0.13
9,0.105,39,1000,139,0.139
9,0.105,40,1000,130,0.13
9,0.105,41,1000,147,0.147
9,0.105,42,1000,138,0.138
9,0.105,43,1000,166,0.166
9,0.105,44,1000,131,0.131
9,0.105,45,1000,147,0.147
9,0.105,46,1000,130,0.13
9,0.105,47,1000,145,0.145
9,0.105,48,1000,138,0.138
9,0.105,49,1000,143,0.143
9,0.105,50,1000,141,0.141
9,0.105,51,1000,121,0.121
9,0.105,52,1000,137,0.137
9,0.105,53,1000,134,0.134
9,0.105,54,1000,136,0.136
9,0.105,55,1000,114,0.114
9,0.105,56,1000,154,0.154
9,0.105,57,1000,141,0.141
9,0.105,58,1000,138,0.138
9,0.105,59,1000,138,0.138
9,0.105,60,1000,143,0.143
9,0.105,61,1000,124,0.124
9,0.105,62,1000,115,0.115
9,0.105,63,1000,138,0.138
9,0.105,64,1000,161,0.161
9,0.105,65,1000,124,0.124
9,0.105,66,1000,129,0.129
9,0.105,67,1000,140,0.14
9,0.105,68,1000,152,0.152
9,0.105,69,1000,137,0.137
9,0.105,70,1000,139,0.139
9,0.105,71,1000,146,0.146
9,0.105,72,1000,142,0.142
9,0.105,73,1000,130,0.13
9,0.105,74,1000,157,0.157
9,0.105,75,1000,140,0.14
9,0.105,76,1000,128,0.128
9,0.105,77,1000,146,0.146
9,0.105,78,1000,122,0.122
9,0.105,79,1000,162,0.162
9,0.105,80,1000,157,0.157
9,0.105,81,1000,143,0.143
9,0.105,82,1000,130,0.13
9,0.105,83,1000,131,0.131
9,0.105,84,1000,125,0.125
9,0.105,85,1000,135,0.135
9,0.105,86,1000,135,0.135
9,0.105,87,1000,132,0.132
9,0.105,88,1000,151,0.151
9,0.105,89,1000,144,0.144
9,0.105,90,1000,149,0.149
9,0.105,91,1000,149,0.149
9,0.105,92,1000,141,0.141
9,0.105,93,1000,146,0.146
9,0.105,94,1000,122,0.122
9,0.105,95,1000,142,0.142
9,0.105,96,1000,148,0.148
9,0.105,97,1000,114,0.114
9,0.105,98,1000,141,0.141
9,0.105,99,1000,129,0.129
9,0.105,100,1000,146,0.146
9,0.11,1,1000,166,0.166
9,0.11,2,1000,159,0.159
9,0.11,3,1000,149,0.149
9,0.11,4,1000,129,0.129
9,0.11,5,1000,157,0.157
9,0.11,6,1000,170,0.17
9,0.11,7,1000,165,0.165
9,0.11,8,1000,152,0.152
9,0.11,9,1000,206,0.206
9,0.11,10,1000,164,0.164
9,0.11,11,1000,169,0.169
9,0.11,12,1000,146,0.146
9,0.11,13,1000,164,0.164
9,0.11,14,1000,161,0.161
9,0.11,15,1000,157,0.157
9,0.11,16,1000,162,0.162
9,0.11,17,1000,144,0.144
9,0.11,18,1000,159,0.159
9,0.11,19,1000,144,0.144
9,0.11,20,1000,167,0.167
9,0.11,21,1000,154,0.154
9,0.11,22,1000,143,0.143
9,0.11,23,1000,177,0.177
9,0.11,24,1000,141,0.141
9,0.11,25,1000,151,0.151
9,0.11,26,1000,161,0.161
9,0.11,27,1000,185,0.185
9,0.11,28,1000,166,0.166
9,0.11,29,1000,179,0.179
9,0.11,30,1000,158,0.158
9,0.11,31,1000,156,0.156
9,0.11,32,1000,186,0.186
9,0.11,33,1000,152,0.152
9,0.11,34,1000,162,0.162
9,0.11,35,1000,153,0.153
9,0.11,36,1000,134,0.134
9,0.11,37,1000,166,0.166
9,0.11,38,1000,164,0.164
9,0.11,39,1000,154,0.154
9,0.11,40,1000,169,0.169
9,0.11,41,1000,148,0.148
9,0.11,42,1000,148,0.148
9,0.11,43,1000,149,0.149
9,0.11,44,1000,168,0.168
9,0.11,45,1000,158,0.158
9,0.11,46,1000,157,0.157
9,0.11,47,1000,163,0.163
9,0.11,48,1000,157,0.157
9,0.11,49,1000,158,0.158
9,0.11,50,1000,166,0.166
9,0.11,51,1000,164,0.164
9,0.11,52,1000,163,0.163
9,0.11,53,1000,166,0.166
9,0.11,54,1000,158,0.158
9,0.11,55,1000,152,0.152
9,0.11,56,1000,164,0.164
9,0.11,57,1000,157,0.157
9,0.11,58,1000,147,0.147
9,0.11,59,1000,161,0.161
9,0.11,60,1000,165,0.165
9,0.11,61,1000,164,0.164
9,0.11,62,1000,180,0.18
9,0.11,63,1000,161,0.161
9,0.11,64,1000,148,0.148
9,0.11,65,1000,178,0.178
9,0.11,66,1000,171,0.171
9,0.11,67,1000,164,0.164
9,0.11,68,1000,144,0.144
9,0.11,69,1000,147,0.147
9,0.11,70,1000,157,0.157
9,0.11,71,1000,164,0.164
9,0.11,72,1000,155,0.155
9,0.11,73,1000,171,0.171
9,0.11,74,1000,152,0.152
9,0.11,75,1000,153,0.153
9,0.11,76,1000,152,0.152
9,0.11,77,1000,148,0.148
9,0.11,78,1000,166,0.166
9,0.11,79,1000,158,0.158
9,0.11,80,1000,150,0.15
9,0.11,81,1000,160,0.16
9,0.11,82,1000,169,0.169
9,0.11,83,1000,167,0.167
9,0.11,84,1000,174,0.174
9,0.11,85,1000,148,0.148
9,0.11,86,1000,159,0.159
9,0.11,87,1000,145,0.145
9,0.11,88,1000,152,0.152
9,0.11,89,1000,153,0.153
9,0.11,90,1000,148,0.148
9,0.11,91,1000,166,0.166
9,0.11,92,1000,150,0.15
9,0.11,93,1000,151,0.151
9,0.11,94,1000,164,0.164
9,0.11,95,1000,176,0.176
9,0.11,96,1000,164,0.164
9,0.11,97,1000,148,0.148
9,0.11,98,1000,165,0.165
9,0.11,99,1000,140,0.14
9,0.11,100,1000,184,0.184
9,0.115,1,1000,187,0.187
9,0.115,2,1000,184,0.184
9,0.115,3,1000,182,0.182
9,0.115,4,1000,159,0.159
9,0.115,5,1000,179,0.179
9,0.115,6,1000,184,0.184
9,0.115,7,1000,180,0.18
9,0.115,8,1000,179,0.179
9,0.115,9,1000,183,0.183
9,0.115,10,1000,179,0.179
9,0.115,11,1000,175,0.175
9,0.115,12,1000,179,0.179
9,0.115,13,1000,177,0.177
9,0.115,14,1000,169,0.169
9,0.115,15,1000,179,0.179
9,0.115,16,1000,189,0.189
9,0.115,17,1000,197,0.197
9,0.115,18,1000,163,0.163
9,0.115,19,1000,157,0.157
9,0.115,20,1000,201,0.201
9,0.115,21,1000,181,0.181
9,0.115,22,1000,186,0.186
9,0.115,23,1000,184,0.184
9,0.115,24,1000,160,0.16
9,0.115,25,1000,193,0.193
9,0.115,26,1000,203,0.203
9,0.115,27,1000,171,0.171
9,0.115,28,1000,210,0.21
9,0.115,29,1000,178,0.178
9,0.115,30,1000,167,0.167
9,0.115,31,1000,204,0.204
9,0.115,32,1000,158,0.158
9,0.115,33,1000,188,0.188
9,0.115,34,1000,194,0.194
9,0.115,35,1000,194,0.194
9,0.115,36,1000,171,0.171
9,0.115,37,1000,195,0.195
9,0.115,38,1000,192,0.192
9,0.115,39,1000,172,0.172
9,0.115,40,1000,179,0.179
9,0.115,41,1000,164,0.164
9,0.115,42,1000,180,0.18
9,0.115,43,1000,172,0.172
9,0.115,44,1000,171,0.171
9,0.115,45,1000,182,0.182
9,0.115,46,1000,194,0.194
9,0.115,47,1000,209,0.209
9,0.115,48,1000,190,0.19
9,0.115,49,1000,167,0.167
9,0.115,50,1000,158,0.158
9,0.115,51,1000,177,0.177
9,0.115,52,1000,198,0.198
9,0.115,53,1000,172,0.172
9,0.115,54,1000,183,0.183
9,0.115,55,1000,173,0.173
9,0.115,56,1000,172,0.172
9,0.115,57,1000,179,0.179
9,0.115,58,1000,196,0.196
9,0.115,59,1000,164,0.164
9,0.115,60,1000,178,0.178
9,0.115,61,1000,181,0.181
9,0.115,62,1000,192,0.192
9,0.115,63,1000,197,0.197
9,0.115,64,1000,158,0.158
9,0.115,65,1000,189,0.189
9,0.115,66,1000,153,0.153
9,0.115,67,1000,186,0.186
9,0.115,68,1000,186,0.186
9,0.115,69,1000,176,0.176
9,0.115,70,1000,158,0.158
9,0.115,71,1000,198,0.198
9,0.115,72,1000,171,0.171
9,0.115,73,1000,175,0.175
9,0.115,74,1000,194,0.194
9,0.115,75,1000,183,0.183
9,0.115,76,1000,165,0.165
9,0.115,77,1000,188,0.188
9,0.115,78,1000,186,0.186
9,0.115,79,1000,176,0.176
9,0.115,80,1000,203,0.203
9,0.115,81,1000,173,0.173
9,0.115,82,1000,192,0.192
9,0.115,83,1000,188,0.188
9,0.115,84,1000,199,0.199
9,0.115,85,1000,188,0.188
9,0.115,86,1000,166,0.166
9,0.115,87,1000,184,0.184
9,0.115,88,1000,182,0.182
9,0.115,89,1000,205,0.205
9,0.115,90,1000,166,0.166
9,0.115,91,1000,178,0.178
9,0.115,92,1000,186,0.186
9,0.115,93,1000,187,0.187
9,0.115,94,1000,163,0.163
9,0.115,95,1000,169,0.169
9,0.115,96,1000,179,0.179
9,0.115,97,1000,179,0.179
9,0.115,98,1000,170,0.17
9,0.115,99,1000,182,0.182
9,0.115,100,1000,202,0.202
9,0.12,1,1000,201,0.201
9,0.12,2,1000,217,0.217
9,0.12,3,1000,192,0.192
9,0.12,4,1000,218,0.218
9,0.12,5,1000,204,0.204
9,0.12,6,1000,212,0.212
9,0.12,7,1000,219,0.219
9,0.12,8,1000,198,0.198
9,0.12,9,1000,197,0.197
9,0.12,10,1000,205,0.205
9,0.12,11,1000,212,0.212
9,0.12,12,1000,192,0.192
9,0.12,13,1000,185,0.185
9,0.12,14,1000,225,0.225
9,0.12,15,1000,195,0.195
9,0.12,16,1000,213,0.213
9,0.12,17,1000,218,0.218
9,0.12,18,1000,227,0.227
9,0.12,19,1000,219,0.219
9,0.12,20,1000,206,0.206
9,0.12,21,1000,218,0.218
9,0.12,22,1000,210,0.21
9,0.12,23,1000,207,0.207
9,0.12,24,1000,199,0.199
9,0.12,25,1000,209,0.209
9,0.12,26,1000,190,0.19
9,0.12,27,1000,207,0.207
9,0.12,28,1000,199,0.199
9,0.12,29,1000,203,0.203
9,0.12,30,1000,186,0.186
9,0.12,31,1000,196,0.196
9,0.12,32,1000,211,0.211
9,0.12,33,1000,188,0.188
9,0.12,34,1000,209,0.209
9,0.12,35,1000,199,0.199
9,0.12,36,1000,223,0.223
9,0.12,37,1000,205,0.205
9,0.12,38,1000,221,0.221
9,0.12,39,1000,189,0.189
9,0.12,40,1000,224,0.224
9,0.12,41,1000,197,0.197
9,0.12,42,1000,225,0.225
9,0.12,43,1000,169,0.169
9,0.12,44,1000,199,0.199
9,0.12,45,1000,215,0.215
9,0.12,46,1000,205,0.205
9,0.12,47,1000,202,0.202
9,0.12,48,1000,191,0.191
9,0.12,49,1000,200,0.2
9,0.12,50,1000,216,0.216
9,0.12,51,1000,179,0.179
9,0.12,52,1000,180,0.18
9,0.12,53,1000,183,0.183
9,0.12,54,1000,198,0.198
9,0.12,55,1000,191,0.191
9,0.12,56,1000,194,0.194
9,0.12,57,1000,216,0.216
9,0.12,58,1000,199,0.199
9,0.12,59,1000,211,0.211
9,0.12,60,1000,199,0.199
9,0.12,61,1000,203,0.203
9,0.12,62,1000,190,0.19
9,0.12,63,1000,219,0.219
9,0.12,64,1000,215,0.215
9,0.12,65,1000,195,0.195
9,0.12,66,1000,201,0.201
9,0.12,67,1000,181,0.181
9,0.12,68,1000,224,0.224
9,0.12,69,1000,174,0.174
9,0.12,70,1000,219,0.219
9,0.12,71,1000,198,0.198
9,0.12,72,1000,229,0.229
9,0.12,73,1000,208,0.208
9,0.12,74,1000,215,0.215
9,0.12,75,1000,192,0.192
9,0.12,76,1000,216,0.216
9,0.12,77,1000,219,0.219
9,0.12,78,1000,186,0.186
9,0.12,79,1000,201,0.201
9,0.12,80,1000,217,0.217
9,0.12,81,1000,179,0.179
9,0.12,82,1000,201,0.201
9,0.12,83,1000,199,0.199
9,0.12,84,1000,238,0.238
9,0.12,85,1000,206,0.206
9,0.12,86,1000,199,0.199
9,0.12,87,1000,234,0.234
9,0.12,88,1000,203,0.203
9,0.12,89,1000,189,0.189
9,0.12,90,1000,217,0.217
9,0.12,91,1000,218,0.218
9,0.12,92,1000,197,0.197
9,0.12,93,1000,198,0.198
9,0.12,94,1000,213,0.213
9,0.12,95,1000,203,0.203
9,0.12,96,1000,200,0.2
9,0.12,97,1000,193,0.193
9,0.12,98,1000,200,0.2
9,0.12,99,1000,188,0.188
9,0.12,100,1000,192,0.192
9,0.125,1,1000,242,0.242
9,0.125,2,1000,248,0.248
9,0.125,3,1000,239,0.239
9,0.125,4,1000,243,0.243
9,0.125,5,1000,224,0.224
9,0.125,6,1000,235,0.235
9,0.125,7,1000,210,0.21
9,0.125,8,1000,216,0.216
9,0.125,9,1000,213,0.213
9,0.125,10,1000,216,0.216
9,0.125,11,1000,247,0.247
9,0.125,12,1000,226,0.226
9,0.125,13,1000,232,0.232
9,0.125,14,1000,232,0.232
9,0.125,15,1000,218,0.218
9,0.125,16,1000,207,0.207
9,0.125,17,1000,223,0.223
9,0.125,18,1000,202,0.202
9,0.125,19,1000,197,0.197
9,0.125,20,1000,218,0.218
9,0.125,21,1000,191,0.191
9,0.125,22,1000,233,0.233
9,0.125,23,1000,230,0.23
9,0.125,24,1000,207,0.207
9,0.125,25,1000,238,0.238
9,0.125,26,1000,216,0.216
9,0.125,27,1000,229,0.229
9,0.125,28,1000,222,0.222
9,0.125,29,1000,247,0.247
9,0.125,30,1000,253,0.253
9,0.125,31,1000,219,0.219
9,0.125,32,1000,229,0.229
9,0.125,33,1000,233,0.233
9,0.125,34,1000,224,0.224
9,0.125,35,1000,222,0.222
9,0.125,36,1000,228,0.228
9,0.125,37,1000,215,0.215
9,0.125,38,1000,220,0.22
9,0.125,39,1000,227,0.227
9,0.125,40,1000,236,0.236
9,0.125,41,1000,231,0.231
9,0.125,42,1000,232,0.232
9,0.125,43,1000,230,0.23
9,0.125,44,1000,228,0.228
9,0.125,45,1000,227,0.227
9,0.125,46,1000,220,0.22
9,0.125,47,1000,221,0.221
9,0.125,48,1000,245,0.245
9,0.125,49,1000,223,0.223
9,0.125,50,1000,211,0.211
9,0.125,51,1000,233,0.233
9,0.125,52,1000,235,0.235
9,0.125,53,1000,229,0.229
9,0.125,54,1000,244,0.244
9,0.125,55,1000,216,0.216
9,0.125,56,1000,201,0.201
9,0.125,57,1000,218,0.218
9,0.125,58,1000,234,0.234
9,0.125,59,1000,212,0.212
9,0.125,60,1000,208,0.208
9,0.125,61,1000,208,0.208
9,0.125,62,1000,238,0.238
9,0.125,63,1000,239,0.239
9,0.125,64,1000,235,0.235
9,0.125,65,1000,210,0.21
9,0.125,66,1000,250,0.25
9,0.125,67,1000,232,0.232
9,0.125,68,1000,243,0.243
9,0.125,69,1000,242,0.242
9,0.125,70,1000,219,0.219
9,0.125,71,1000,222,0.222
9,0.125,72,1000,213,0.213
9,0.125,73,1000,230,0.23
9,0.125,74,1000,249,0.249
9,0.125,75,1000,207,0.207
9,0.125,76,1000,218,0.218
9,0.125,77,1000,225,0.225
9,0.125,78,1000,220,0.22
9,0.125,79,1000,216,0.216
9,0.125,80,1000,233,0.233
9,0.125,81,1000,238,0.238
9,0.125,82,1000,219,0.219
9,0.125,83,1000,235,0.235
9,0.125,84,1000,223,0.223
9,0.125,85,1000,229,0.229
9,0.125,86,1000,245,0.245
9,0.125,87,1000,224,0.224
9,0.125,88,1000,250,0.25
9,0.125,89,1000,240,0.24
9,0.125,90,1000,257,0.257
9,0.125,91,1000,233,0.233
9,0.125,92,1000,218,0.218
9,0.125,93,1000,206,0.206
9,0.125,94,1000,217,0.217
9,0.125,95,1000,245,0.245
9,0.125,96,1000,249,0.249
9,0.125,97,1000,229,0.229
9,0.125,98,1000,225,0.225
9,0.125,99,1000,216,0.216
9,0.125,100,1000,239,0.239
9,0.13,1,1000,240,0.24
9,0.13,2,1000,274,0.274
9,0.13,3,1000,254,0.254
9,0.13,4,1000,236,0.236
9,0.13,5,1000,256,0.256
9,0.13,6,1000,228,0.228
9,0.13,7,1000,264,0.264
9,0.13,8,1000,258,0.258
9,0.13,9,1000,243,0.243
9,0.13,10,1000,247,0.247
9,0.13,11,1000,253,0.253
9,0.13,12,1000,244,0.244
9,0.13,13,1000,272,0.272
9,0.13,14,1000,267,0.267
9,0.13,15,1000,285,0.285
9,0.13,16,1000,248,0.248
9,0.13,17,1000,247,0.247
9,0.13,18,1000,249,0.249
9,0.13,19,1000,249,0.249
9,0.13,20,1000,253,0.253
9,0.13,21,1000,237,0.237
9,0.13,22,1000,235,0.235
9,0.13,23,1000,239,0.239
9,0.13,24,1000,270,0.27
9,0.13,25,1000,255,0.255
9,0.13,26,1000,229,0.229
9,0.13,27,1000,235,0.235
9,0.13,28,1000,245,0.245
9,0.13,29,1000,243,0.243
9,0.13,30,1000,252,0.252
9,0.13,31,1000,250,0.25
9,0.13,32,1000,244,0.244
9,0.13,33,1000,266,0.266
9,0.13,34,1000,241,0.241
9,0.13,35,1000,250,0.25
9,0.13,36,1000,252,0.252
9,0.13,37,1000,253,0.253
9,0.13,38,1000,240,0.24
9,0.13,39,1000,243,0.243
9,0.13,40,1000,230,0.23
9,0.13,41,1000,262,0.262
9,0.13,42,1000,244,0.244
9,0.13,43,1000,248,0.248
9,0.13,44,1000,243,0.243
9,0.13,45,1000,245,0.245
9,0.13,46,1000,252,0.252
9,0.13,47,1000,245,0.245
9,0.13,48,1000,251,0.251
9,0.13,49,1000,248,0.248
9,0.13,50,1000,247,0.247
9,0.13,51,1000,262,0.262
9,0.13,52,1000,250,0.25
9,0.13,53,1000,267,0.267
9,0.13,54,1000,248,0.248
9,0.13,55,1000,257,0.257
9,0.13,56,1000,264,0.264
9,0.13,57,1000,254,0.254
9,0.13,58,1000,270,0.27
9,0.13,59,1000,252,0.252
9,0.13,60,1000,251,0.251
9,0.13,61,1000,261,0.261
9,0.13,62,1000,258,0.258
9,0.13,63,1000,241,0.241
9,0.13,64,1000,228,0.228
9,0.13,65,1000,238,0.238
9,0.13,66,1000,240,0.24
9,0.13,67,1000,244,0.244
9,0.13,68,1000,289,0.289
9,0.13,69,1000,256,0.256
9,0.13,70,1000,252,0.252
9,0.13,71,1000,258,0.258
9,0.13,72,1000,241,0.241
9,0.13,73,1000,220,0.22
9,0.13,74,1000,229,0.229
9,0.13,75,1000,248,0.248
9,0.13,76,1000,268,0.268
9,0.13,77,1000,257,0.257
9,0.13,78,1000,267,0.267
9,0.13,79,1000,245,0.245
9,0.13,80,1000,245,0.245
9,0.13,81,1000,266,0.266
9,0.13,82,1000,254,0.254
9,0.13,83,1000,258,0.258
9,0.13,84,1000,260,0.26
9,0.13,85,1000,234,0.234
9,0.13,86,1000,259,0.259
9,0.13,87,1000,239,0.239
9,0.13,88,1000,263,0.263
9,0.13,89,1000,248,0.248
9,0.13,90,1000,260,0.26
9,0.13,91,1000,284,0.284
9,0.13,92,1000,244,0.244
9,0.13,93,1000,241,0.241
9,0.13,94,1000,242,0.242
9,0.13,95,1000,260,0.26
9,0.13,96,1000,244,0.244
9,0.13,97,1000,264,0.264
9,0.13,98,1000,236,0.236
9,0.13,99,1000,272,0.272
9,0.13,100,1000,259,0.259
9,0.135,1,1000,289,0.289
9,0.135,2,1000,270,0.27
9,0.135,3,1000,271,0.271
9,0.135,4,1000,272,0.272
9,0.135,5,1000,261,0.261
9,0.135,6,1000,291,0.291
9,0.135,7,1000,287,0.287
9,0.135,8,1000,256,0.256
9,0.135,9,1000,288,0.288
9,0.135,10,1000,288,0.288
9,0.135,11,1000,256,0.256
9,0.135,12,1000,262,0.262
9,0.135,13,1000,259,0.259
9,0.135,14,1000,277,0.277
9,0.135,15,1000,283,0.283
9,0.135,16,1000,275,0.275
9,0.135,17,1000,289,0.289
9,0.135,18,1000,280,0.28
9,0.135,19,1000,279,0.279
9,0.135,20,1000,248,0.248
9,0.135,21,1000,277,0.277
9,0.135,22,1000,266,0.266
9,0.135,23,1000,252,0.252
9,0.135,24,1000,266,0.266
9,0.135,25,1000,280,0.28
9,0.135,26,1000,273,0.273
9,0.135,27,1000,245,0.245
9,0.135,28,1000,274,0.274
9,0.135,29,1000,277,0.277
9,0.135,30,1000,262,0.262
9,0.135,31,1000,267,0.267
9,0.135,32,1000,260,0.26
9,0.135,33,1000,288,0.288
9,0.135,34,1000,279,0.279
9,0.135,35,1000,276,0.276
9,0.135,36,1000,244,0.244
9,0.135,37,1000,236,0.236
9,0.135,38,1000,290,0.29
9,0.135,39,1000,248,0.248
9,0.135,40,1000,255,0.255
9,0.135,41,1000,279,0.279
9,0.135,42,1000,277,0.277
9,0.135,43,1000,263,0.263
9,0.135,44,1000,274,0.274
9,0.135,45,1000,268,0.268
9,0.135,46,1000,278,0.278
9,0.135,47,1000,291,0.291
9,0.135,48,1000,263,0.263
9,0.135,49,1000,252,0.252
9,0.135,50,1000,281,0.281
9,0.135,51,1000,289,0.289
9,0.135,52,1000,257,0.257
9,0.135,53,1000,276,0.276
9,0.135,54,1000,276,0.276
9,0.135,55,1000,270,0.27
9,0.135,56,1000,287,0.287
9,0.135,57,1000,267,0.267
9,0.135,58,1000,293,0.293
9,0.135,59,1000,281,0.281
9,0.135,60,1000,273,0.273
9,0.135,61,1000,271,0.271
9,0.135,62,1000,269,0.269
9,0.135,63,1000,266,0.266
9,0.135,64,1000,262,0.262
9,0.135,65,1000,264,0.264
9,0.135,66,1000,291,0.291
9,0.135,67,1000,299,0.299
9,0.135,68,1000,287,0.287
9,0.135,69,1000,264,0.264
9,0.135,70,1000,266,0.266
9,0.135,71,1000,274,0.274
9,0.135,72,1000,260,0.26
9,0.135,73,1000,257,0.257
9,0.135,74,1000,270,0.27
9,0.135,75,1000,269,0.269
9,0.135,76,1000,281,0.281
9,0.135,77,1000,283,0.283
9,0.135,78,1000,283,0.283
9,0.135,79,1000,283,0.283
9,0.135,80,1000,292,0.292
9,0.135,81,1000,290,0.29
9,0.135,82,1000,283,0.283
9,0.135,83,1000,277,0.277
9,0.135,84,1000,255,0.255
9,0.135,85,1000,251,0.251
9,0.135,86,1000,270,0.27
9,0.135,87,1000,252,0.252
9,0.135,88,1000,275,0.275
9,0.135,89,1000,279,0.279
9,0.135,90,1000,268,0.268
9,0.135,91,1000,266,0.266
9,0.135,92,1000,292,0.292
9,0.135,93,1000,232,0.232
9,0.135,94,1000,264,0.264
9,0.135,95,1000,273,0.273
9,0.135,96,1000,286,0.286
9,0.135,97,1000,262,0.262
9,0.135,98,1000,279,0.279
9,0.135,99,1000,263,0.263
9,0.135,100,1000,284,0.284
9,0.14,1,1000,292,0.292
9,0.14,2,1000,305,0.305
9,0.14,3,1000,297,0.297
9,0.14,4,1000,281,0.281
9,0.14,5,1000,285,0.285
9,0.14,6,1000,271,0.271
9,0.14,7,1000,295,0.295
9,0.14,8,1000,279,0.279
9,0.14,9,1000,287,0.287
9,0.14,10,1000,284,0.284
9,0.14,11,1000,297,0.297
9,0.14,12,1000,266,0.266
9,0.14,13,1000,296,0.296
9,0.14,14,1000,291,0.291
9,0.14,15,1000,309,0.309
9,0.14,16,1000,284,0.284
9,0.14,17,1000,291,0.291
9,0.14,18,1000,291,0.291
9,0.14,19,1000,295,0.295
9,0.14,20,1000,281,0.281
9,0.14,21,1000,272,0.272
9,0.14,22,1000,280,0.28
9,0.14,23,1000,299,0.299
9,0.14,24,1000,266,0.266
9,0.14,25,1000,290,0.29
9,0.14,26,1000,298,0.298
9,0.14,27,1000,312,0.312
9,0.14,28,1000,274,0.274
9,0.14,29,1000,280,0.28
9,0.14,30,1000,272,0.272
9,0.14,31,1000,298,0.298
9,0.14,32,1000,313,0.313
9,0.14,33,1000,293,0.293
9,0.14,34,1000,278,0.278
9,0.14,35,1000,273,0.273
9,0.14,36,1000,284,0.284
9,0.14,37,1000,300,0.3
9,0.14,38,1000,318,0.318
9,0.14,39,1000,312,0.312
9,0.14,40,1000,250,0.25
9,0.14,41,1000,293,0.293
9,0.14,42,1000,280,0.28
9,0.14,43,1000,287,0.287
9,0.14,44,1000,308,0.308
9,0.14,45,1000,291,0.291
9,0.14,46,1000,301,0.301
9,0.14,47,1000,273,0.273
9,0.14,48,1000,281,0.281
9,0.14,49,1000,283,0.283
9,0.14,50,1000,281,0.281
9,0.14,51,1000,330,0.33
9,0.14,52,1000,275,0.275
9,0.14,53,1000,283,0.283
9,0.14,54,1000,282,0.282
9,0.14,55,1000,277,0.277
9,0.14,56,1000,291,0.291
9,0.14,57,1000,304,0.304
9,0.14,58,1000,285,0.285
9,0.14,59,1000,287,0.287
9,0.14,60,1000,287,0.287
9,0.14,61,1000,275,0.275
9,0.14,62,1000,313,0.313
9,0.14,63,1000,277,0.277
9,0.14,64,1000,273,0.273
9,0.14,65,1000,288,0.288
9,0.14,66,1000,282,0.282
9,0.14,67,1000,314,0.314
9,0.14,68,1000,293,0.293
9,0.14,69,1000,296,0.296
9,0.14,70,1000,304,0.304
9,0.14,71,1000,286,0.286
9,0.14,72,1000,274,0.274
9,0.14,73,1000,284,0.284
9,0.14,74,1000,296,0.296
9,0.14,75,1000,279,0.279
9,0.14,76,1000,274,0.274
9,0.14,77,1000,284,0.284
9,0.14,78,1000,281,0.281
9,0.14,79,1000,271,0.271
9,0.14,80,1000,293,0.293
9,0.14,81,1000,288,0.288
9,0.14,82,1000,290,0.29
9,0.14,83,1000,280,0.28
9,0.14,84,1000,294,0.294
9,0.14,85,1000,283,0.283
9,0.14,86,1000,309,0.309
9,0.14,87,1000,309,0.309
9,0.14,88,1000,292,0.292
9,0.14,89,1000,283,0.283
9,0.14,90,1000,290,0.29
9,0.14,91,1000,295,0.295
9,0.14,92,1000,265,0.265
9,0.14,93,1000,307,0.307
9,0.14,94,1000,274,0.274
9,0.14,95,1000,287,0.287
9,0.14,96,1000,289,0.289
9,0.14,97,1000,284,0.284
9,0.14,98,1000,291,0.291
9,0.14,99,1000,281,0.281
9,0.14,100,1000,272,0.272
9,0.145,1,1000,270,0.27
9,0.145,2,1000,296,0.296
9,0.145,3,1000,316,0.316
9,0.145,4,1000,329,0.329
9,0.145,5,1000,298,0.298
9,0.145,6,1000,317,0.317
9,0.145,7,1000,312,0.312
9,0.145,8,1000,305,0.305
9,0.145,9,1000,299,0.299
9,0.145,10,1000,310,0.31
9,0.145,11,1000,311,0.311
9,0.145,12,1000,335,0.335
9,0.145,13,1000,298,0.298
9,0.145,14,1000,313,0.313
9,0.145,15,1000,330,0.33
9,0.145,16,1000,298,0.298
9,0.145,17,1000,327,0.327
9,0.145,18,1000,319,0.319
9,0.145,19,1000,325,0.325
9,0.145,20,1000,305,0.305
9,0.145,21,1000,289,0.289
9,0.145,22,1000,319,0.319
9,0.145,23,1000,317,0.317
9,0.145,24,1000,294,0.294
9,0.145,25,1000,325,0.325
9,0.145,26,1000,309,0.309
9,0.145,27,1000,315,0.315
9,0.145,28,1000,306,0.306
9,0.145,29,1000,316,0.316
9,0.145,30,1000,306,0.306
9,0.145,31,1000,334,0.334
9,0.145,32,1000,315,0.315
9,0.145,33,1000,321,0.321
9,0.145,34,1000,302,0.302
9,0.145,35,1000,312,0.312
9,0.145,36,1000,341,0.341
9,0.145,37,1000,314,0.314
9,0.145,38,1000,319,0.319
9,0.145,39,1000,318,0.318
9,0.145,40,1000,286,0.286
9,0.145,41,1000,304,0.304
9,0.145,42,1000,337,0.337
9,0.145,43,1000,310,0.31
9,0.145,44,1000,301,0.301
9,0.145,45,1000,326,0.326
9,0.145,46,1000,313,0.313
9,0.145,47,1000,290,0.29
9,0.145,48,1000,293,0.293
9,0.145,49,1000,340,0.34
9,0.145,50,1000,323,0.323
9,0.145,51,1000,331,0.331
9,0.145,52,1000,305,0.305
9,0.145,53,1000,291,0.291
9,0.145,54,1000,341,0.341
9,0.145,55,1000,331,0.331
9,0.145,56,1000,300,0.3
9,0.145,57,1000,344,0.344
9,0.145,58,1000,319,0.319
9,0.145,59,1000,310,0.31
9,0.145,60,1000,328,0.328
9,0.145,61,1000,314,0.314
9,0.145,62,1000,314,0.314
9,0.145,63,1000,322,0.322
9,0.145,64,1000,322,0.322
9,0.145,65,1000,302,0.302
9,0.145,66,1000,297,0.297
9,0.145,67,1000,299,0.299
9,0.145,68,1000,300,0.3
9,0.145,69,1000,312,0.312
9,0.145,70,1000,279,0.279
9,0.145,71,1000,307,0.307
9,0.145,72,1000,298,0.298
9,0.145,73,1000,322,0.322
9,0.145,74,1000,326,0.326
9,0.145,75,1000,301,0.301
9,0.145,76,1000,305,0.305
9,0.145,77,1000,326,0.326
9,0.145,78,1000,319,0.319
9,0.145,79,1000,312,0.312
9,0.145,80,1000,334,0.334
9,0.145,81,1000,302,0.302
9,0.145,82,1000,284,0.284
9,0.145,83,1000,306,0.306
9,0.145,84,1000,303,0.303
9,0.145,85,1000,305,0.305
9,0.145,86,1000,291,0.291
9,0.145,87,1000,292,0.292
9,0.145,88,1000,293,0.293
9,0.145,89,1000,318,0.318
9,0.145,90,1000,306,0.306
9,0.145,91,1000,323,0.323
9,0.145,92,1000,311,0.311
9,0.145,93,1000,276,0.276
9,0.145,94,1000,293,0.293
9,0.145,95,1000,323,0.323
9,0.145,96,1000,302,0.302
9,0.145,97,1000,315,0.315
9,0.145,98,1000,318,0.318
9,0.145,99,1000,314,0.314
9,0.145,100,1000,300,0.3
9,0.15,1,1000,336,0.336
9,0.15,2,1000,338,0.338
9,0.15,3,1000,339,0.339
9,0.15,4,1000,334,0.334
9,0.15,5,1000,350,0.35
9,0.15,6,1000,343,0.343
9,0.15,7,1000,331,0.331
9,0.15,8,1000,326,0.326
9,0.15,9,1000,341,0.341
9,0.15,10,1000,323,0.323
9,0.15,11,1000,360,0.36
9,0.15,12,1000,363,0.363
9,0.15,13,1000,332,0.332
9,0.15,14,1000,362,0.362
9,0.15,15,1000,323,0.323
9,0.15,16,1000,334,0.334
9,0.15,17,1000,345,0.345
9,0.15,18,1000,341,0.341
9,0.15,19,1000,321,0.321
9,0.15,20,1000,333,0.333
9,0.15,21,1000,369,0.369
9,0.15,22,1000,343,0.343
9,0.15,23,1000,339,0.339
9,0.15,24,1000,349,0.349
9,0.15,25,1000,312,0.312
9,0.15,26,1000,343,0.343
9,0.15,27,1000,299,0.299
9,0.15,28,1000,346,0.346
9,0.15,29,1000,300,0.3
9,0.15,30,1000,326,0.326
9,0.15,31,1000,335,0.335
9,0.15,32,1000,342,0.342
9,0.15,33,1000,334,0.334
9,0.15,34,1000,328,0.328
9,0.15,35,1000,329,0.329
9,0.15,36,1000,319,0.319
9,0.15,37,1000,321,0.321
9,0.15,38,1000,331,0.331
9,0.15,39,1000,323,0.323
9,0.15,40,1000,335,0.335
9,0.15,41,1000,307,0.307
9,0.15,42,1000,346,0.346
9,0.15,43,1000,372,0.372
9,0.15,44,1000,324,0.324
9,0.15,45,1000,336,0.336
9,0.15,46,1000,330,0.33
9,0.15,47,1000,301,0.301
9,0.15,48,1000,327,0.327
9,0.15,49,1000,332,0.332
9,0.15,50,1000,333,0.333
9,0.15,51,1000,323,0.323
9,0.15,52,1000,316,0.316
9,0.15,53,1000,340,0.34
9,0.15,54,1000,346,0.346
9,0.15,55,1000,305,0.305
9,0.15,56,1000,330,0.33
9,0.15,57,1000,339,0.339
9,0.15,58,1000,312,0.312
9,0.15,59,1000,345,0.345
9,0.15,60,1000,326,0.326
9,0.15,61,1000,326,0.326
9,0.15,62,1000,359,0.359
9,0.15,63,1000,335,0.335
9,0.15,64,1000,338,0.338
9,0.15,65,1000,335,0.335
9,0.15,66,1000,328,0.328
9,0.15,67,1000,297,0.297
9,0.15,68,1000,326,0.326
9,0.15,69,1000,337,0.337
9,0.15,70,1000,356,0.356
9,0.15,71,1000,329,0.329
9,0.15,72,1000,294,0.294
9,0.15,73,1000,309,0.309
9,0.15,74,1000,307,0.307
9,0.15,75,1000,319,0.319
9,0.15,76,1000,346,0.346
9,0.15,77,1000,324,0.324
9,0.15,78,1000,337,0.337
9,0.15,79,1000,342,0.342
9,0.15,80,1000,342,0.342
9,0.15,81,1000,315,0.315
9,0.15,82,1000,341,0.341
9,0.15,83,1000,322,0.322
9,0.15,84,1000,335,0.335
9,0.15,85,1000,331,0.331
9,0.15,86,1000,316,0.316
9,0.15,87,1000,343,0.343
9,0.15,88,1000,334,0.334
9,0.15,89,1000,328,0.328
9,0.15,90,1000,319,0.319
9,0.15,91,1000,281,0.281
9,0.15,92,1000,322,0.322
9,0.15,93,1000,334,0.334
9,0.15,94,1000,303,0.303
9,0.15,95,1000,356,0.356
9,0.15,96,1000,317,0.317
9,0.15,97,1000,351,0.351
9,0.15,98,1000,318,0.318
9,0.15,99,1000,348,0.348
9,0.15,100,1000,351,0.351
9,0.155,1,1000,349,0.349
9,0.155,2,1000,365,0.365
9,0.155,3,1000,358,0.358
9,0.155,4,1000,350,0.35
9,0.155,5,1000,364,0.364
9,0.155,6,1000,336,0.336
9,0.155,7,1000,328,0.328
9,0.155,8,1000,357,0.357
9,0.155,9,1000,375,0.375
9,0.155,10,1000,359,0.359
9,0.155,11,1000,343,0.343
9,0.155,12,1000,341,0.341
9,0.155,13,1000,360,0.36
9,0.155,14,1000,332,0.332
9,0.155,15,1000,342,0.342
9,0.155,16,1000,360,0.36
9,0.155,17,1000,333,0.333
9,0.155,18,1000,361,0.361
9,0.155,19,1000,331,0.331
9,0.155,20,1000,359,0.359
9,0.155,21,1000,331,0.331
9,0.155,22,1000,322,0.322
9,0.155,23,1000,333,0.333
9,0.155,24,1000,354,0.354
9,0.155,25,1000,339,0.339
9,0.155,26,1000,398,0.398
9,0.155,27,1000,359,0.359
9,0.155,28,1000,370,0.37
9,0.155,29,1000,344,0.344
9,0.155,30,1000,335,0.335
9,0.155,31,1000,365,0.365
9,0.155,32,1000,342,0.342
9,0.155,33,1000,331,0.331
9,0.155,34,1000,334,0.334
9,0.155,35,1000,348,0.348
9,0.155,36,1000,326,0.326
9,0.155,37,1000,357,0.357
9,0.155,38,1000,360,0.36
9,0.155,39,1000,381,0.381
9,0.155,40,1000,342,0.342
9,0.155,41,1000,339,0.339
9,0.155,42,1000,355,0.355
9,0.155,43,1000,313,0.313
9,0.155,44,1000,354,0.354
9,0.155,45,1000,345,0.345
9,0.155,46,1000,350,0.35
9,0.155,47,1000,354,0.354
9,0.155,48,1000,355,0.355
9,0.155,49,1000,365,0.365
9,0.155,50,1000,315,0.315
9,0.155,51,1000,323,0.323
9,0.155,52,1000,363,0.363
9,0.155,53,1000,351,0.351
9,0.155,54,1000,325,0.325
9,0.155,55,1000,358,0.358
9,0.155,56,1000,328,0.328
9,0.155,57,1000,353,0.353
9,0.155,58,1000,362,0.362
9,0.155,59,1000,337,0.337
9,0.155,60,1000,333,0.333
9,0.155,61,1000,356,0.356
9,0.155,62,1000,372,0.372
9,0.155,63,1000,331,0.331
9,0.155,64,1000,368,0.368
9,0.155,65,1000,329,0.329
9,0.155,66,1000,340,0.34
9,0.155,67,1000,352,0.352
9,0.155,68,1000,347,0.347
9,0.155,69,1000,362,0.362
9,0.155,70,1000,371,0.371
9,0.155,71,1000,343,0.343
9,0.155,72,1000,362,0.362
9,0.155,73,1000,343,0.343
9,0.155,74,1000,337,0.337
9,0.155,75,1000,342,0.342
9,0.155,76,1000,355,0.355
9,0.155,77,1000,384,0.384
9,0.155,78,1000,345,0.345
9,0.155,79,1000,341,0.341
9,0.155,80,1000,344,0.344
9,0.155,81,1000,360,0.36
9,0.155,82,1000,344,0.344
9,0.155,83,1000,363,0.363
9,0.155,84,1000,347,0.347
9,0.155,85,1000,347,0.347
9,0.155,86,1000,350,0.35
9,0.155,87,1000,328,0.328
9,0.155,88,1000,365,0.365
9,0.155,89,1000,347,0.347
9,0.155,90,1000,322,0.322
9,0.155,91,1000,329,0.329
9,0.155,92,1000,348,0.348
9,0.155,93,1000,360,0.36
9,0.155,94,1000,367,0.367
9,0.155,95,1000,328,0.328
9,0.155,96,1000,362,0.362
9,0.155,97,1000,326,0.326
9,0.155,98,1000,356,0.356
9,0.155,99,1000,367,0.367
9,0.155,100,1000,382,0.382
9,0.16,1,1000,366,0.366
9,0.16,2,1000,356,0.356
9,0.16,3,1000,360,0.36
9,0.16,4,1000,375,0.375
9,0.16,5,1000,346,0.346
9,0.16,6,1000,348,0.348
9,0.16,7,1000,361,0.361
9,0.16,8,1000,363,0.363
9,0.16,9,1000,363,0.363
9,0.16,10,1000,371,0.371
9,0.16,11,1000,349,0.349
9,0.16,12,1000,397,0.397
9,0.16,13,1000,371,0.371
9,0.16,14,1000,381,0.381
9,0.16,15,1000,379,0.379
9,0.16,16,1000,361,0.361
9,0.16,17,1000,356,0.356
9,0.16,18,1000,362,0.362
9,0.16,19,1000,381,0.381
9,0.16,20,1000,356,0.356
9,0.16,21,1000,341,0.341
9,0.16,22,1000,363,0.363
9,0.16,23,1000,374,0.374
9,0.16,24,1000,366,0.366
9,0.16,25,1000,386,0.386
9,0.16,26,1000,375,0.375
9,0.16,27,1000,357,0.357
9,0.16,28,1000,356,0.356
9,0.16,29,1000,383,0.383
9,0.16,30,1000,364,0.364
9,0.16,31,1000,376,0.376
9,0.16,32,1000,367,0.367
9,0.16,33,1000,380,0.38
9,0.16,34,1000,351,0.351
9,0.16,35,1000,375,0.375
9,0.16,36,1000,349,0.349
9,0.16,37,1000,365,0.365
9,0.16,38,1000,382,0.382
9,0.16,39,1000,356,0.356
9,0.16,40,1000,375,0.375
9,0.16,41,1000,345,0.345
9,0.16,42,1000,379,0.379
9,0.16,43,1000,359,0.359
9,0.16,44,1000,365,0.365
9,0.16,45,1000,347,0.347
9,0.16,46,1000,381,0.381
9,0.16,47,1000,377,0.377
9,0.16,48,1000,378,0.378
9,0.16,49,1000,348,0.348
9,0.16,50,1000,343,0.343
9,0.16,51,1000,368,0.368
9,0.16,52,1000,372,0.372
9,0.16,53,1000,376,0.376
9,0.16,54,1000,344,0.344
9,0.16,55,1000,333,0.333
9,0.16,56,1000,375,0.375
9,0.16,57,1000,368,0.368
9,0.16,58,1000,373,0.373
9,0.16,59,1000,353,0.353
9,0.16,60,1000,371,0.371
9,0.16,61,1000,385,0.385
9,0.16,62,1000,391,0.391
9,0.16,63,1000,353,0.353
9,0.16,64,1000,366,0.366
9,0.16,65,1000,371,0.371
9,0.16,66,1000,348,0.348
9,0.16,67,1000,380,0.38
9,0.16,68,1000,371,0.371
9,0.16,69,1000,358,0.358
9,0.16,70,1000,344,0.344
9,0.16,71,1000,373,0.373
9,0.16,72,1000,369,0.369
9,0.16,73,1000,363,0.363
9,0.16,74,1000,366,0.366
9,0.16,75,1000,388,0.388
9,0.16,76,1000,356,0.356
9,0.16,77,1000,382,0.382
9,0.16,78,1000,381,0.381
9,0.16,79,1000,367,0.367
9,0.16,80,1000,351,0.351
9,0.16,81,1000,387,0.387
9,0.16,82,1000,367,0.367
9,0.16,83,1000,356,0.356
9,0.16,84,1000,373,0.373
9,0.16,85,1000,344,0.344
9,0.16,86,1000,365,0.365
9,0.16,87,1000,366,0.366
9,0.16,88,1000,384,0.384
9,0.16,89,1000,340,0.34
9,0.16,90,1000,359,0.359
9,0.16,91,1000,361,0.361
9,0.16,92,1000,363,0.363
9,0.16,93,1000,331,0.331
9,0.16,94,1000,353,0.353
9,0.16,95,1000,382,0.382
9,0.16,96,1000,364,0.364
9,0.16,97,1000,382,0.382
9,0.16,98,1000,364,0.364
9,0.16,99,1000,363,0.363
9,0.16,100,1000,376,0.376
11,0.0,1,1000,0,0.0
11,0.0,2,1000,0,0.0
11,0.0,3,1000,0,0.0
11,0.0,4,1000,0,0.0
11,0.0,5,1000,0,0.0
11,0.0,6,1000,0,0.0
11,0.0,7,1000,0,0.0
11,0.0,8,1000,0,0.0
11,0.0,9,1000,0,0.0
11,0.0,10,1000,0,0.0
11,0.0,11,1000,0,0.0
11,0.0,12,1000,0,0.0
11,0.0,13,1000,0,0.0
11,0.0,14,1000,0,0.0
11,0.0,15,1000,0,0.0
11,0.0,16,1000,0,0.0
11,0.0,17,1000,0,0.0
11,0.0,18,1000,0,0.0
11,0.0,19,1000,0,0.0
11,0.0,20,1000,0,0.0
11,0.0,21,1000,0,0.0
11,0.0,22,1000,0,0.0
11,0.0,23,1000,0,0.0
11,0.0,24,1000,0,0.0
11,0.0,25,1000,0,0.0
11,0.0,26,1000,0,0.0
11,0.0,27,1000,0,0.0
11,0.0,28,1000,0,0.0
11,0.0,29,1000,0,0.0
11,0.0,30,1000,0,0.0
11,0.0,31,1000,0,0.0
11,0.0,32,1000,0,0.0
11,0.0,33,1000,0,0.0
11,0.0,34,1000,0,0.0
11,0.0,35,1000,0,0.0
11,0.0,36,1000,0,0.0
11,0.0,37,1000,0,0.0
11,0.0,38,1000,0,0.0
11,0.0,39,1000,0,0.0
11,0.0,40,1000,0,0.0
11,0.0,41,1000,0,0.0
11,0.0,42,1000,0,0.0
11,0.0,43,1000,0,0.0
11,0.0,44,1000,0,0.0
11,0.0,45,1000,0,0.0
11,0.0,46,1000,0,0.0
11,0.0,47,1000,0,0.0
11,0.0,48,1000,0,0.0
11,0.0,49,1000,0,0.0
11,0.0,50,1000,0,0.0
11,0.0,51,1000,0,0.0
11,0.0,52,1000,0,0.0
11,0.0,53,1000,0,0.0
11,0.0,54,1000,0,0.0
11,0.0,55,1000,0,0.0
11,0.0,56,1000,0,0.0
11,0.0,57,1000,0,0.0
11,0.0,58,1000,0,0.0
11,0.0,59,1000,0,0.0
11,0.0,60,1000,0,0.0
11,0.0,61,1000,0,0.0
11,0.0,62,1000,0,0.0
11,0.0,63,1000,0,0.0
11,0.0,64,1000,0,0.0
11,0.0,65,1000,0,0.0
11,0.0,66,1000,0,0.0
11,0.0,67,1000,0,0.0
11,0.0,68,1000,0,0.0
11,0.0,69,1000,0,0.0
11,0.0,70,1000,0,0.0
11,0.0,71,1000,0,0.0
11,0.0,72,1000,0,0.0
11,0.0,73,1000,0,0.0
11,0.0,74,1000,0,0.0
11,0.0,75,1000,0,0.0
11,0.0,76,1000,0,0.0
11,0.0,77,1000,0,0.0
11,0.0,78,1000,0,0.0
11,0.0,79,1000,0,0.0
11,0.0,80,1000,0,0.0
11,0.0,81,1000,0,0.0
11,0.0,82,1000,0,0.0
11,0.0,83,1000,0,0.0
11,0.0,84,1000,0,0.0
11,0.0,85,1000,0,0.0
11,0.0,86,1000,0,0.0
11,0.0,87,1000,0,0.0
11,0.0,88,1000,0,0.0
11,0.0,89,1000,0,0.0
11,0.0,90,1000,0,0.0
11,0.0,91,1000,0,0.0
11,0.0,92,1000,0,0.0
11,0.0,93,1000,0,0.0
11,0.0,94,1000,0,0.0
11,0.0,95,1000,0,0.0
11,0.0,96,1000,0,0.0
11,0.0,97,1000,0,0.0
11,0.0,98,1000,0,0.0
11,0.0,99,1000,0,0.0
11,0.0,100,1000,0,0.0
11,0.005,1,1000,0,0.0
11,0.005,2,1000,0,0.0
11,0.005,3,1000,0,0.0
11,0.005,4,1000,0,0.0
11,0.005,5,1000,0,0.0
11,0.005,6,1000,0,0.0
11,0.005,7,1000,0,0.0
11,0.005,8,1000,0,0.0
11,0.005,9,1000,0,0.0
11,0.005,10,1000,0,0.0
11,0.005,11,1000,0,0.0
11,0.005,12,1000,0,0.0
11,0.005,13,1000,0,0.0
11,0.005,14,1000,0,0.0
11,0.005,15,1000,0,0.0
11,0.005,16,1000,0,0.0
11,0.005,17,1000,0,0.0
11,0.005,18,1000,0,0.0
11,0.005,19,1000,0,0.0
11,0.005,20,1000,0,0.0
11,0.005,21,1000,0,0.0
11,0.005,22,1000,0,0.0
11,0.005,23,1000,0,0.0
11,0.005,24,1000,0,0.0
11,0.005,25,1000,0,0.0
11,0.005,26,1000,0,0.0
11,0.005,27,1000,0,0.0
11,0.005,28,1000,0,0.0
11,0.005,29,1000,0,0.0
11,0.005,30,1000,0,0.0
11,0.005,31,1000,0,0.0
11,0.005,32,1000,0,0.0
11,0.005,33,1000,0,0.0
11,0.005,34,1000,0,0.0
11,0.005,35,1000,0,0.0
11,0.005,36,1000,0,0.0
11,0.005,37,1000,0,0.0
11,0.005,38,1000,0,0.0
11,0.005,39,1000,0,0.0
11,0.005,40,1000,0,0.0
11,0.005,41,1000,0,0.0
11,0.005,42,1000,0,0.0
11,0.005,43,1000,0,0.0
11,0.005,44,1000,0,0.0
11,0.005,45,1000,0,0.0
11,0.005,46,1000,0,0.0
11,0.005,47,1000,0,0.0
11,0.005,48,1000,0,0.0
11,0.005,49,1000,0,0.0
11,0.005,50,1000,0,0.0
11,0.005,51,1000,0,0.0
11,0.005,52,1000,0,0.0
11,0.005,53,1000,0,0.0
11,0.005,54,1000,0,0.0
11,0.005,55,1000,0,0.0
11,0.005,56,1000,0,0.0
11,0.005,57,1000,0,0.0
11,0.005,58,1000,0,0.0
11,0.005,59,1000,0,0.0
11,0.005,60,1000,0,0.0
11,0.005,61,1000,0,0.0
11,0.005,62,1000,0,0.0
11,0.005,63,1000,0,0.0
11,0.005,64,1000,0,0.0
11,0.005,65,1000,0,0.0
11,0.005,66,1000,0,0.0
11,0.005,67,1000,0,0.0
11,0.005,68,1000,0,0.0
11,0.005,69,1000,0,0.0
11,0.005,70,1000,0,0.0
11,0.005,71,1000,0,0.0
11,0.005,72,1000,0,0.0
11,0.005,73,1000,0,0.0
11,0.005,74,1000,0,0.0
11,0.005,75,1000,0,0.0
11,0.005,76,1000,0,0.0
11,0.005,77,1000,0,0.0
11,0.005,78,1000,0,0.0
11,0.005,79,1000,0,0.0
11,0.005,80,1000,0,0.0
11,0.005,81,1000,0,0.0
11,0.005,82,1000,0,0.0
11,0.005,83,1000,0,0.0
11,0.005,84,1000,0,0.0
11,0.005,85,1000,0,0.0
11,0.005,86,1000,0,0.0
11,0.005,87,1000,0,0.0
11,0.005,88,1000,0,0.0
11,0.005,89,1000,0,0.0
11,0.005,90,1000,0,0.0
11,0.005,91,1000,0,0.0
11,0.005,92,1000,0,0.0
11,0.005,93,1000,0,0.0
11,0.005,94,1000,0,0.0
11,0.005,95,1000,0,0.0
11,0.005,96,1000,0,0.0
11,0.005,97,1000,0,0.0
11,0.005,98,1000,0,0.0
11,0.005,99,1000,0,0.0
11,0.005,100,1000,0,0.0
11,0.01,1,1000,0,0.0
11,0.01,2,1000,0,0.0
11,0.01,3,1000,0,0.0
11,0.01,4,1000,0,0.0
11,0.01,5,1000,0,0.0
11,0.01,6,1000,0,0.0
11,0.01,7,1000,0,0.0
11,0.01,8,1000,0,0.0
11,0.01,9,1000,0,0.0
11,0.01,10,1000,0,0.0
11,0.01,11,1000,0,0.0
11,0.01,12,1000,0,0.0
11,0.01,13,1000,0,0.0
11,0.01,14,1000,0,0.0
11,0.01,15,1000,0,0.0
11,0.01,16,1000,0,0.0
11,0.01,17,1000,0,0.0
11,0.01,18,1000,0,0.0
11,0.01,19,1000,0,0.0
11,0.01,20,1000,0,0.0
11,0.01,21,1000,0,0.0
11,0.01,22,1000,0,0.0
11,0.01,23,1000,0,0.0
11,0.01,24,1000,0,0.0
11,0.01,25,1000,0,0.0
11,0.01,26,1000,0,0.0
11,0.01,27,1000,0,0.0
11,0.01,28,1000,0,0.0
11,0.01,29,1000,0,0.0
11,0.01,30,1000,0,0.0
11,0.01,31,1000,0,0.0
11,0.01,32,1000,0,0.0
11,0.01,33,1000,0,0.0
11,0.01,34,1000,0,0.0
11,0.01,35,1000,0,0.0
11,0.01,36,1000,0,0.0
11,0.01,37,1000,0,0.0
11,0.01,38,1000,0,0.0
11,0.01,39,1000,0,0.0
11,0.01,40,1000,0,0.0
11,0.01,41,1000,0,0.0
11,0.01,42,1000,0,0.0
11,0.01,43,1000,0,0.0
11,0.01,44,1000,0,0.0
11,0.01,45,1000,0,0.0
11,0.01,46,1000,0,0.0
11,0.01,47,1000,0,0.0
11,0.01,48,1000,0,0.0
11,0.01,49,1000,0,0.0
11,0.01,50,1000,0,0.0
11,0.01,51,1000,0,0.0
11,0.01,52,1000,0,0.0
11,0.01,53,1000,0,0.0
11,0.01,54,1000,0,0.0
11,0.01,55,1000,0,0.0
11,0.01,56,1000,0,0.0
11,0.01,57,1000,0,0.0
11,0.01,58,1000,0,0.0
11,0.01,59,1000,0,0.0
11,0.01,60,1000,0,0.0
11,0.01,61,1000,0,0.0
11,0.01,62,1000,0,0.0
11,0.01,63,1000,0,0.0
11,0.01,64,1000,0,0.0
11,0.01,65,1000,0,0.0
11,0.01,66,1000,0,0.0
11,0.01,67,1000,0,0.0
11,0.01,68,1000,0,0.0
11,0.01,69,1000,0,0.0
11,0.01,70,1000,0,0.0
11,0.01,71,1000,0,0.0
11,0.01,72,1000,0,0.0
11,0.01,73,1000,0,0.0
11,0.01,74,1000,0,0.0
11,0.01,75,1000,0,0.0
11,0.01,76,1000,0,0.0
11,0.01,77,1000,0,0.0
11,0.01,78,1000,0,0.0
11,0.01,79,1000,0,0.0
11,0.01,80,1000,0,0.0
11,0.01,81,1000,0,0.0
11,0.01,82,1000,0,0.0
11,0.01,83,1000,0,0.0
11,0.01,84,1000,0,0.0
11,0.01,85,1000,0,0.0
11,0.01,86,1000,0,0.0
11,0.01,87,1000,0,0.0
11,0.01,88,1000,0,0.0
11,0.01,89,1000,0,0.0
11,0.01,90,1000,0,0.0
11,0.01,91,1000,0,0.0
11,0.01,92,1000,0,0.0
11,0.01,93,1000,0,0.0
11,0.01,94,1000,0,0.0
11,0.01,95,1000,0,0.0
11,0.01,96,1000,0,0.0
11,0.01,97,1000,0,0.0
11,0.01,98,1000,0,0.0
11,0.01,99,1000,0,0.0
11,0.01,100,1000,0,0.0
11,0.015,1,1000,0,0.0
11,0.015,2,1000,0,0.0
11,0.015,3,1000,0,0.0
11,0.015,4,1000,0,0.0
11,0.015,5,1000,0,0.0
11,0.015,6,1000,0,0.0
11,0.015,7,1000,0,0.0
11,0.015,8,1000,0,0.0
11,0.015,9,1000,0,0.0
11,0.015,10,1000,0,0.0
11,0.015,11,1000,0,0.0
11,0.015,12,1000,0,0.0
11,0.015,13,1000,0,0.0
11,0.015,14,1000,0,0.0
11,0.015,15,1000,0,0.0
11,0.015,16,1000,0,0.0
11,0.015,17,1000,0,0.0
11,0.015,18,1000,0,0.0
11,0.015,19,1000,0,0.0
11,0.015,20,1000,0,0.0
11,0.015,21,1000,0,0.0
11,0.015,22,1000,0,0.0
11,0.015,23,1000,0,0.0
11,0.015,24,1000,0,0.0
11,0.015,25,1000,0,0.0
11,0.015,26,1000,0,0.0
11,0.015,27,1000,0,0.0
11,0.015,28,1000,0,0.0
11,0.015,29,1000,0,0.0
11,0.015,30,1000,0,0.0
11,0.015,31,1000,0,0.0
11,0.015,32,1000,0,0.0
11,0.015,33,1000,0,0.0
11,0.015,34,1000,0,0.0
11,0.015,35,1000,0,0.0
11,0.015,36,1000,0,0.0
11,0.015,37,1000,0,0.0
11,0.015,38,1000,0,0.0
11,0.015,39,1000,0,0.0
11,0.015,40,1000,0,0.0
11,0.015,41,1000,0,0.0
11,0.015,42,1000,0,0.0
11,0.015,43,1000,0,0.0
11,0.015,44,1000,0,0.0
11,0.015,45,1000,0,0.0
11,0.015,46,1000,0,0.0
11,0.015,47,1000,0,0.0
11,0.015,48,1000,0,0.0
11,0.015,49,1000,0,0.0
11,0.015,50,1000,0,0.0
11,0.015,51,1000,0,0.0
11,0.015,52,1000,0,0.0
11,0.015,53,1000,0,0.0
11,0.015,54,1000,0,0.0
11,0.015,55,1000,0,0.0
11,0.015,56,1000,0,0.0
11,0.015,57,1000,0,0.0
11,0.015,58,1000,0,0.0
11,0.015,59,1000,0,0.0
11,0.015,60,1000,0,0.0
11,0.015,61,1000,0,0.0
11,0.015,62,1000,0,0.0
11,0.015,63,1000,0,0.0
11,0.015,64,1000,0,0.0
11,0.015,65,1000,0,0.0
11,0.015,66,1000,0,0.0
11,0.015,67,1000,0,0.0
11,0.015,68,1000,0,0.0
11,0.015,69,1000,0,0.0
11,0.015,70,1000,0,0.0
11,0.015,71,1000,0,0.0
11,0.015,72,1000,0,0.0
11,0.015,73,1000,0,0.0
11,0.015,74,1000,0,0.0
11,0.015,75,1000,0,0.0
11,0.015,76,1000,0,0.0
11,0.015,77,1000,0,0.0
11,0.015,78,1000,0,0.0
11,0.015,79,1000,0,0.0
11,0.015,80,1000,0,0.0
11,0.015,81,1000,0,0.0
11,0.015,82,1000,0,0.0
11,0.015,83,1000,0,0.0
11,0.015,84,1000,0,0.0
11,0.015,85,1000,0,0.0
11,0.015,86,1000,0,0.0
11,0.015,87,1000,0,0.0
11,0.015,88,1000,0,0.0
11,0.015,89,1000,0,0.0
11,0.015,90,1000,0,0.0
11,0.015,91,1000,0,0.0
11,0.015,92,1000,0,0.0
11,0.015,93,1000,0,0.0
11,0.015,94,1000,0,0.0
11,0.015,95,1000,0,0.0
11,0.015,96,1000,0,0.0
11,0.015,97,1000,0,0.0
11,0.015,98,1000,0,0.0
11,0.015,99,1000,0,0.0
11,0.015,100,1000,0,0.0
11,0.02,1,1000,0,0.0
11,0.02,2,1000,0,0.0
11,0.02,3,1000,0,0.0
11,0.02,4,1000,0,0.0
11,0.02,5,1000,0,0.0
11,0.02,6,1000,0,0.0
11,0.02,7,1000,0,0.0
11,0.02,8,1000,0,0.0
11,0.02,9,1000,0,0.0
11,0.02,10,1000,0,0.0
11,0.02,11,1000,0,0.0
11,0.02,12,1000,0,0.0
11,0.02,13,1000,0,0.0
11,0.02,14,1000,0,0.0
11,0.02,15,1000,0,0.0
11,0.02,16,1000,0,0.0
11,0.02,17,1000,0,0.0
11,0.02,18,1000,0,0.0
11,0.02,19,1000,0,0.0
11,0.02,20,1000,0,0.0
11,0.02,21,1000,0,0.0
11,0.02,22,1000,0,0.0
11,0.02,23,1000,0,0.0
11,0.02,24,1000,0,0.0
11,0.02,25,1000,0,0.0
11,0.02,26,1000,0,0.0
11,0.02,27,1000,0,0.0
11,0.02,28,1000,0,0.0
11,0.02,29,1000,0,0.0
11,0.02,30,1000,0,0.0
11,0.02,31,1000,0,0.0
11,0.02,32,1000,0,0.0
11,0.02,33,1000,0,0.0
11,0.02,34,1000,0,0.0
11,0.02,35,1000,0,0.0
11,0.02,36,1000,0,0.0
11,0.02,37,1000,0,0.0
11,0.02,38,1000,0,0.0
11,0.02,39,1000,0,0.0
11,0.02,40,1000,0,0.0
11,0.02,41,1000,0,0.0
11,0.02,42,1000,0,0.0
11,0.02,43,1000,0,0.0
11,0.02,44,1000,0,0.0
11,0.02,45,1000,0,0.0
11,0.02,46,1000,0,0.0
11,0.02,47,1000,1,0.001
11,0.02,48,1000,0,0.0
11,0.02,49,1000,0,0.0
11,0.02,50,1000,0,0.0
11,0.02,51,1000,0,0.0
11,0.02,52,1000,0,0.0
11,0.02,53,1000,0,0.0
11,0.02,54,1000,0,0.0
11,0.02,55,1000,0,0.0
11,0.02,56,1000,0,0.0
11,0.02,57,1000,0,0.0
11,0.02,58,1000,0,0.0
11,0.02,59,1000,0,0.0
11,0.02,60,1000,0,0.0
11,0.02,61,1000,0,0.0
11,0.02,62,1000,0,0.0
11,0.02,63,1000,0,0.0
11,0.02,64,1000,0,0.0
11,0.02,65,1000,0,0.0
11,0.02,66,1000,0,0.0
11,0.02,67,1000,0,0.0
11,0.02,68,1000,0,0.0
11,0.02,69,1000,0,0.0
11,0.02,70,1000,0,0.0
11,0.02,71,1000,0,0.0
11,0.02,72,1000,0,0.0
11,0.02,73,1000,0,0.0
11,0.02,74,1000,0,0.0
11,0.02,75,1000,0,0.0
11,0.02,76,1000,0,0.0
11,0.02,77,1000,0,0.0
11,0.02,78,1000,0,0.0
11,0.02,79,1000,0,0.0
11,0.02,80,1000,0,0.0
11,0.02,81,1000,0,0.0
11,0.02,82,1000,0,0.0
11,0.02,83,1000,0,0.0
11,0.02,84,1000,0,0.0
11,0.02,85,1000,0,0.0
11,0.02,86,1000,0,0.0
11,0.02,87,1000,0,0.0
11,0.02,88,1000,0,0.0
11,0.02,89,1000,0,0.0
11,0.02,90,1000,0,0.0
11,0.02,91,1000,0,0.0
11,0.02,92,1000,0,0.0
11,0.02,93,1000,0,0.0
11,0.02,94,1000,0,0.0
11,0.02,95,1000,0,0.0
11,0.02,96,1000,0,0.0
11,0.02,97,1000,0,0.0
11,0.02,98,1000,0,0.0
11,0.02,99,1000,0,0.0
11,0.02,100,1000,0,0.0
11,0.025,1,1000,0,0.0
11,0.025,2,1000,0,0.0
11,0.025,3,1000,0,0.0
11,0.025,4,1000,0,0.0
11,0.025,5,1000,0,0.0
11,0.025,6,1000,0,0.0
11,0.025,7,1000,0,0.0
11,0.025,8,1000,0,0.0
11,0.025,9,1000,0,0.0
11,0.025,10,1000,0,0.0
11,0.025,11,1000,0,0.0
11,0.025,12,1000,0,0.0
11,0.025,13,1000,0,0.0
11,0.025,14,1000,0,0.0
11,0.025,15,1000,0,0.0
11,0.025,16,1000,0,0.0
11,0.025,17,1000,0,0.0
11,0.025,18,1000,0,0.0
11,0.025,19,1000,0,0.0
11,0.025,20,1000,0,0.0
11,0.025,21,1000,0,0.0
11,0.025,22,1000,0,0.0
11,0.025,23,1000,0,0.0
11,0.025,24,1000,0,0.0
11,0.025,25,1000,0,0.0
11,0.025,26,1000,0,0.0
11,0.025,27,1000,0,0.0
11,0.025,28,1000,1,0.001
11,0.025,29,1000,0,0.0
11,0.025,30,1000,0,0.0
11,0.025,31,1000,0,0.0
11,0.025,32,1000,0,0.0
11,0.025,33,1000,0,0.0
11,0.025,34,1000,0,0.0
11,0.025,35,1000,0,0.0
11,0.025,36,1000,0,0.0
11,0.025,37,1000,0,0.0
11,0.025,38,1000,0,0.0
11,0.025,39,1000,0,0.0
11,0.025,40,1000,0,0.0
11,0.025,41,1000,0,0.0
11,0.025,42,1000,0,0.0
11,0.025,43,1000,0,0.0
11,0.025,44,1000,0,0.0
11,0.025,45,1000,0,0.0
11,0.025,46,1000,0,0.0
11,0.025,47,1000,0,0.0
11,0.025,48,1000,0,0.0
11,0.025,49,1000,0,0.0
11,0.025,50,1000,0,0.0
11,0.025,51,1000,0,0.0
11,0.025,52,1000,0,0.0
11,0.025,53,1000,0,0.0
11,0.025,54,1000,0,0.0
11,0.025,55,1000,0,0.0
11,0.025,56,1000,0,0.0
11,0.025,57,1000,0,0.0
11,0.025,58,1000,0,0.0
11,0.025,59,1000,0,0.0
11,0.025,60,1000,0,0.0
11,0.025,61,1000,0,0.0
11,0.025,62,1000,0,0.0
11,0.025,63,1000,0,0.0
11,0.025,64,1000,0,0.0
11,0.025,65,1000,0,0.0
11,0.025,66,1000,0,0.0
11,0.025,67,1000,0,0.0
11,0.025,68,1000,0,0.0
11,0.025,69,1000,0,0.0
11,0.025,70,1000,0,0.0
11,0.025,71,1000,0,0.0
11,0.025,72,1000,0,0.0
11,0.025,73,1000,0,0.0
11,0.025,74,1000,0,0.0
11,0.025,75,1000,0,0.0
11,0.025,76,1000,0,0.0
11,0.025,77,1000,0,0.0
11,0.025,78,1000,0,0.0
11,0.025,79,1000,0,0.0
11,0.025,80,1000,0,0.0
11,0.025,81,1000,0,0.0
11,0.025,82,1000,0,0.0
11,0.025,83,1000,0,0.0
11,0.025,84,1000,1,0.001
11,0.025,85,1000,0,0.0
11,0.025,86,1000,0,0.0
11,0.025,87,1000,1,0.001
11,0.025,88,1000,0,0.0
11,0.025,89,1000,0,0.0
11,0.025,90,1000,0,0.0
11,0.025,91,1000,0,0.0
11,0.025,92,1000,0,0.0
11,0.025,93,1000,0,0.0
11,0.025,94,1000,0,0.0
11,0.025,95,1000,0,0.0
11,0.025,96,1000,0,0.0
11,0.025,97,1000,0,0.0
11,0.025,98,1000,0,0.0
11,0.025,99,1000,0,0.0
11,0.025,100,1000,1,0.001
11,0.03,1,1000,0,0.0
11,0.03,2,1000,0,0.0
11,0.03,3,1000,1,0.001
11,0.03,4,1000,0,0.0
11,0.03,5,1000,0,0.0
11,0.03,6,1000,0,0.0
11,0.03,7,1000,0,0.0
11,0.03,8,1000,0,0.0
11,0.03,9,1000,0,0.0
11,0.03,10,1000,0,0.0
11,0.03,11,1000,0,0.0
11,0.03,12,1000,1,0.001
11,0.03,13,1000,0,0.0
11,0.03,14,1000,1,0.001
11,0.03,15,1000,0,0.0
11,0.03,16,1000,0,0.0
11,0.03,17,1000,0,0.0
11,0.03,18,1000,0,0.0
11,0.03,19,1000,0,0.0
11,0.03,20,1000,0,0.0
11,0.03,21,1000,0,0.0
11,0.03,22,1000,0,0.0
11,0.03,23,1000,0,0.0
11,0.03,24,1000,0,0.0
11,0.03,25,1000,0,0.0
11,0.03,26,1000,0,0.0
11,0.03,27,1000,0,0.0
11,0.03,28,1000,0,0.0
11,0.03,29,1000,0,0.0
11,0.03,30,1000,0,0.0
11,0.03,31,1000,0,0.0
11,0.03,32,1000,1,0.001
11,0.03,33,1000,0,0.0
11,0.03,34,1000,1,0.001
11,0.03,35,1000,0,0.0
11,0.03,36,1000,1,0.001
11,0.03,37,1000,0,0.0
11,0.03,38,1000,1,0.001
11,0.03,39,1000,0,0.0
11,0.03,40,1000,0,0.0
11,0.03,41,1000,0,0.0
11,0.03,42,1000,0,0.0
11,0.03,43,1000,0,0.0
11,0.03,44,1000,1,0.001
11,0.03,45,1000,0,0.0
11,0.03,46,1000,0,0.0
11,0.03,47,1000,0,0.0
11,0.03,48,1000,0,0.0
11,0.03,49,1000,0,0.0
11,0.03,50,1000,0,0.0
11,0.03,51,1000,0,0.0
11,0.03,52,1000,0,0.0
11,0.03,53,1000,1,0.001
11,0.03,54,1000,0,0.0
11,0.03,55,1000,0,0.0
11,0.03,56,1000,1,0.001
11,0.03,57,1000,0,0.0
11,0.03,58,1000,0,0.0
11,0.03,59,1000,0,0.0
11,0.03,60,1000,0,0.0
11,0.03,61,1000,0,0.0
11,0.03,62,1000,0,0.0
11,0.03,63,1000,0,0.0
11,0.03,64,1000,1,0.001
11,0.03,65,1000,0,0.0
11,0.03,66,1000,0,0.0
11,0.03,67,1000,0,0.0
11,0.03,68,1000,0,0.0
11,0.03,69,1000,0,0.0
11,0.03,70,1000,0,0.0
11,0.03,71,1000,1,0.001
11,0.03,72,1000,0,0.0
11,0.03,73,1000,0,0.0
11,0.03,74,1000,0,0.0
11,0.03,75,1000,0,0.0
11,0.03,76,1000,0,0.0
11,0.03,77,1000,0,0.0
11,0.03,78,1000,0,0.0
11,0.03,79,1000,0,0.0
11,0.03,80,1000,0,0.0
11,0.03,81,1000,0,0.0
11,0.03,82,1000,0,0.0
11,0.03,83,1000,0,0.0
11,0.03,84,1000,0,0.0
11,0.03,85,1000,0,0.0
11,0.03,86,1000,0,0.0
11,0.03,87,1000,0,0.0
11,0.03,88,1000,0,0.0
11,0.03,89,1000,0,0.0
11,0.03,90,1000,0,0.0
11,0.03,91,1000,0,0.0
11,0.03,92,1000,1,0.001
11,0.03,93,1000,1,0.001
11,0.03,94,1000,1,0.001
11,0.03,95,1000,0,0.0
11,0.03,96,1000,1,0.001
11,0.03,97,1000,0,0.0
11,0.03,98,1000,0,0.0
11,0.03,99,1000,0,0.0
11,0.03,100,1000,0,0.0
11,0.035,1,1000,1,0.001
11,0.035,2,1000,0,0.0
11,0.035,3,1000,1,0.001
11,0.035,4,1000,0,0.0
11,0.035,5,1000,0,0.0
11,0.035,6,1000,1,0.001
11,0.035,7,1000,1,0.001
11,0.035,8,1000,1,0.001
11,0.035,9,1000,0,0.0
11,0.035,10,1000,1,0.001
11,0.035,11,1000,0,0.0
11,0.035,12,1000,1,0.001
11,0.035,13,1000,0,0.0
11,0.035,14,1000,0,0.0
11,0.035,15,1000,0,0.0
11,0.035,16,1000,0,0.0
11,0.035,17,1000,1,0.001
11,0.035,18,1000,1,0.001
11,0.035,19,1000,0,0.0
11,0.035,20,1000,0,0.0
11,0.035,21,1000,0,0.0
11,0.035,22,1000,0,0.0
11,0.035,23,1000,0,0.0
11,0.035,24,1000,0,0.0
11,0.035,25,1000,0,0.0
11,0.035,26,1000,1,0.001
11,0.035,27,1000,0,0.0
11,0.035,28,1000,0,0.0
11,0.035,29,1000,0,0.0
11,0.035,30,1000,1,0.001
11,0.035,31,1000,0,0.0
11,0.035,32,1000,0,0.0
11,0.035,33,1000,0,0.0
11,0.035,34,1000,0,0.0
11,0.035,35,1000,1,0.001
11,0.035,36,1000,0,0.0
11,0.035,37,1000,1,0.001
11,0.035,38,1000,0,0.0
11,0.035,39,1000,0,0.0
11,0.035,40,1000,0,0.0
11,0.035,41,1000,0,0.0
11,0.035,42,1000,1,0.001
11,0.035,43,1000,0,0.0
11,0.035,44,1000,0,0.0
11,0.035,45,1000,0,0.0
11,0.035,46,1000,0,0.0
11,0.035,47,1000,1,0.001
11,0.035,48,1000,0,0.0
11,0.035,49,1000,1,0.001
11,0.035,50,1000,0,0.0
11,0.035,51,1000,0,0.0
11,0.035,52,1000,0,0.0
11,0.035,53,1000,0,0.0
11,0.035,54,1000,0,0.0
11,0.035,55,1000,1,0.001
11,0.035,56,1000,0,0.0
11,0.035,57,1000,0,0.0
11,0.035,58,1000,0,0.0
11,0.035,59,1000,0,0.0
11,0.035,60,1000,0,0.0
11,0.035,61,1000,1,0.001
11,0.035,62,1000,0,0.0
11,0.035,63,1000,0,0.0
11,0.035,64,1000,0,0.0
11,0.035,65,1000,2,0.002
11,0.035,66,1000,0,0.0
11,0.035,67,1000,0,0.0
11,0.035,68,1000,0,0.0
11,0.035,69,1000,0,0.0
11,0.035,70,1000,0,0.0
11,0.035,71,1000,1,0.001
11,0.035,72,1000,0,0.0
11,0.035,73,1000,1,0.001
11,0.035,74,1000,0,0.0
11,0.035,75,1000,0,0.0
11,0.035,76,1000,0,0.0
11,0.035,77,1000,1,0.001
11,0.035,78,1000,0,0.0
11,0.035,79,1000,0,0.0
11,0.035,80,1000,0,0.0
11,0.035,81,1000,0,0.0
11,0.035,82,1000,0,0.0
11,0.035,83,1000,0,0.0
11,0.035,84,1000,0,0.0
11,0.035,85,1000,0,0.0
11,0.035,86,1000,1,0.001
11,0.035,87,1000,0,0.0
11,0.035,88,1000,1,0.001
11,0.035,89,1000,1,0.001
11,0.035,90,1000,0,0.0
11,0.035,91,1000,0,0.0
11,0.035,92,1000,0,0.0
11,0.035,93,1000,1,0.001
11,0.035,94,1000,1,0.001
11,0.035,95,1000,0,0.0
11,0.035,96,1000,0,0.0
11,0.035,97,1000,2,0.002
11,0.035,98,1000,1,0.001
11,0.035,99,1000,1,0.001
11,0.035,100,1000,0,0.0
11,0.04,1,1000,1,0.001
11,0.04,2,1000,1,0.001
11,0.04,3,1000,1,0.001
11,0.04,4,1000,2,0.002
11,0.04,5,1000,1,0.001
11,0.04,6,1000,2,0.002
11,0.04,7,1000,2,0.002
11,0.04,8,1000,0,0.0
11,0.04,9,1000,0,0.0
11,0.04,10,1000,2,0.002
11,0.04,11,1000,0,0.0
11,0.04,12,1000,0,0.0
11,0.04,13,1000,1,0.001
11,0.04,14,1000,1,0.001
11,0.04,15,1000,0,0.0
11,0.04,16,1000,0,0.0
11,0.04,17,1000,2,0.002
11,0.04,18,1000,2,0.002
11,0.04,19,1000,0,0.0
11,0.04,20,1000,0,0.0
11,0.04,21,1000,0,0.0
11,0.04,22,1000,0,0.0
11,0.04,23,1000,3,0.003
11,0.04,24,1000,1,0.001
11,0.04,25,1000,2,0.002
11,0.04,26,1000,1,0.001
11,0.04,27,1000,0,0.0
11,0.04,28,1000,1,0.001
11,0.04,29,1000,1,0.001
11,0.04,30,1000,0,0.0
11,0.04,31,1000,1,0.001
11,0.04,32,1000,0,0.0
11,0.04,33,1000,1,0.001
11,0.04,34,1000,0,0.0
11,0.04,35,1000,0,0.0
11,0.04,36,1000,0,0.0
11,0.04,37,1000,0,0.0
11,0.04,38,1000,0,0.0
11,0.04,39,1000,1,0.001
11,0.04,40,1000,1,0.001
11,0.04,41,1000,2,0.002
11,0.04,42,1000,0,0.0
11,0.04,43,1000,0,0.0
11,0.04,44,1000,0,0.0
11,0.04,45,1000,3,0.003
11,0.04,46,1000,0,0.0
11,0.04,47,1000,1,0.001
11,0.04,48,1000,2,0.002
11,0.04,49,1000,0,0.0
11,0.04,50,1000,0,0.0
11,0.04,51,1000,1,0.001
11,0.04,52,1000,1,0.001
11,0.04,53,1000,0,0.0
11,0.04,54,1000,2,0.002
11,0.04,55,1000,0,0.0
11,0.04,56,1000,0,0.0
11,0.04,57,1000,1,0.001
11,0.04,58,1000,0,0.0
11,0.04,59,1000,1,0.001
11,0.04,60,1000,0,0.0
11,0.04,61,1000,0,0.0
11,0.04,62,1000,0,0.0
11,0.04,63,1000,0,0.0
11,0.04,64,1000,1,0.001
11,0.04,65,1000,2,0.002
11,0.04,66,1000,2,0.002
11,0.04,67,1000,0,0.0
11,0.04,68,1000,1,0.001
11,0.04,69,1000,2,0.002
11,0.04,70,1000,0,0.0
11,0.04,71,1000,1,0.001
11,0.04,72,1000,3,0.003
11,0.04,73,1000,2,0.002
11,0.04,74,1000,0,0.0
11,0.04,75,1000,1,0.001
11,0.04,76,1000,1,0.001
11,0.04,77,1000,0,0.0
11,0.04,78,1000,0,0.0
11,0.04,79,1000,1,0.001
11,0.04,80,1000,1,0.001
11,0.04,81,1000,0,0.0
11,0.04,82,1000,0,0.0
11,0.04,83,1000,0,0.0
11,0.04,84,1000,1,0.001
11,0.04,85,1000,0,0.0
11,0.04,86,1000,1,0.001
11,0.04,87,1000,3,0.003
11,0.04,88,1000,1,0.001
11,0.04,89,1000,1,0.001
11,0.04,90,1000,1,0.001
11,0.04,91,1000,0,0.0
11,0.04,92,1000,0,0.0
11,0.04,93,1000,1,0.001
11,0.04,94,1000,3,0.003
11,0.04,95,1000,1,0.001
11,0.04,96,1000,1,0.001
11,0.04,97,1000,2,0.002
11,0.04,98,1000,2,0.002
11,0.04,99,1000,0,0.0
11,0.04,100,1000,1,0.001
11,0.045,1,1000,1,0.001
11,0.045,2,1000,3,0.003
11,0.045,3,1000,2,0.002
11,0.045,4,1000,2,0.002
11,0.045,5,1000,3,0.003
11,0.045,6,1000,2,0.002
11,0.045,7,1000,1,0.001
11,0.045,8,1000,1,0.001
11,0.045,9,1000,1,0.001
11,0.045,10,1000,2,0.002
11,0.045,11,1000,2,0.002
11,0.045,12,1000,2,0.002
11,0.045,13,1000,0,0.0
11,0.045,14,1000,1,0.001
11,0.045,15,1000,1,0.001
11,0.045,16,1000,1,0.001
11,0.045,17,1000,3,0.003
11,0.045,18,1000,2,0.002
11,0.045,19,1000,2,0.002
11,0.045,20,1000,3,0.003
11,0.045,21,1000,1,0.001
11,0.045,22,1000,3,0.003
11,0.045,23,1000,1,0.001
11,0.045,24,1000,6,0.006
11,0.045,25,1000,3,0.003
11,0.045,26,1000,1,0.001
11,0.045,27,1000,4,0.004
11,0.045,28,1000,3,0.003
11,0.045,29,1000,3,0.003
11,0.045,30,1000,0,0.0
11,0.045,31,1000,0,0.0
11,0.045,32,1000,1,0.001
11,0.045,33,1000,2,0.002
11,0.045,34,1000,2,0.002
11,0.045,35,1000,0,0.0
11,0.045,36,1000,2,0.002
11,0.045,37,1000,1,0.001
11,0.045,38,1000,7,0.007
11,0.045,39,1000,2,0.002
11,0.045,40,1000,3,0.003
11,0.045,41,1000,1,0.001
11,0.045,42,1000,0,0.0
11,0.045,43,1000,2,0.002
11,0.045,44,1000,3,0.003
11,0.045,45,1000,0,0.0
11,0.045,46,1000,3,0.003
11,0.045,47,1000,2,0.002
11,0.045,48,1000,3,0.003
11,0.045,49,1000,2,0.002
11,0.045,50,1000,1,0.001
11,0.045,51,1000,2,0.002
11,0.045,52,1000,1,0.001
11,0.045,53,1000,3,0.003
11,0.045,54,1000,3,0.003
11,0.045,55,1000,3,0.003
11,0.045,56,1000,5,0.005
11,0.045,57,1000,1,0.001
11,0.045,58,1000,5,0.005
11,0.045,59,1000,2,0.002
11,0.045,60,1000,1,0.001
11,0.045,61,1000,0,0.0
11,0.045,62,1000,1,0.001
11,0.045,63,1000,1,0.001
11,0.045,64,1000,1,0.001
11,0.045,65,1000,0,0.0
11,0.045,66,1000,2,0.002
11,0.045,67,1000,0,0.0
11,0.045,68,1000,0,0.0
11,0.045,69,1000,1,0.001
11,0.045,70,1000,3,0.003
11,0.045,71,1000,4,0.004
11,0.045,72,1000,3,0.003
11,0.045,73,1000,3,0.003
11,0.045,74,1000,1,0.001
11,0.045,75,1000,1,0.001
11,0.045,76,1000,0,0.0
11,0.045,77,1000,0,0.0
11,0.045,78,1000,0,0.0
11,0.045,79,1000,0,0.0
11,0.045,80,1000,3,0.003
11,0.045,81,1000,1,0.001
11,0.045,82,1000,0,0.0
11,0.045,83,1000,2,0.002
11,0.045,84,1000,2,0.002
11,0.045,85,1000,1,0.001
11,0.045,86,1000,3,0.003
11,0.045,87,1000,2,0.002
11,0.045,88,1000,0,0.0
11,0.045,89,1000,2,0.002
11,0.045,90,1000,1,0.001
11,0.045,91,1000,3,0.003
11,0.045,92,1000,0,0.0
11,0.045,93,1000,0,0.0
11,0.045,94,1000,3,0.003
11,0.045,95,1000,1,0.001
11,0.045,96,1000,2,0.002
11,0.045,97,1000,2,0.002
11,0.045,98,1000,0,0.0
11,0.045,99,1000,2,0.002
11,0.045,100,1000,0,0.0
11,0.05,1,1000,3,0.003
11,0.05,2,1000,7,0.007
11,0.05,3,1000,3,0.003
11,0.05,4,1000,5,0.005
11,0.05,5,1000,3,0.003
11,0.05,6,1000,4,0.004
11,0.05,7,1000,1,0.001
11,0.05,8,1000,1,0.001
11,0.05,9,1000,6,0.006
11,0.05,10,1000,5,0.005
11,0.05,11,1000,5,0.005
11,0.05,12,1000,3,0.003
11,0.05,13,1000,3,0.003
11,0.05,14,1000,0,0.0
11,0.05,15,1000,2,0.002
11,0.05,16,1000,5,0.005
11,0.05,17,1000,4,0.004
11,0.05,18,1000,7,0.007
11,0.05,19,1000,5,0.005
11,0.05,20,1000,4,0.004
11,0.05,21,1000,3,0.003
11,0.05,22,1000,2,0.002
11,0.05,23,1000,6,0.006
11,0.05,24,1000,3,0.003
11,0.05,25,1000,2,0.002
11,0.05,26,1000,4,0.004
11,0.05,27,1000,2,0.002
11,0.05,28,1000,4,0.004
11,0.05,29,1000,3,0.003
11,0.05,30,1000,3,0.003
11,0.05,31,1000,3,0.003
11,0.05,32,1000,4,0.004
11,0.05,33,1000,2,0.002
11,0.05,34,1000,1,0.001
11,0.05,35,1000,5,0.005
11,0.05,36,1000,3,0.003
11,0.05,37,1000,2,0.002
11,0.05,38,1000,1,0.001
11,0.05,39,1000,2,0.002
11,0.05,40,1000,4,0.004
11,0.05,41,1000,3,0.003
11,0.05,42,1000,4,0.004
11,0.05,43,1000,4,0.004
11,0.05,44,1000,1,0.001
11,0.05,45,1000,5,0.005
11,0.05,46,1000,6,0.006
11,0.05,47,1000,2,0.002
11,0.05,48,1000,3,0.003
11,0.05,49,1000,3,0.003
11,0.05,50,1000,3,0.003
11,0.05,51,1000,5,0.005
11,0.05,52,1000,4,0.004
11,0.05,53,1000,5,0.005
11,0.05,54,1000,3,0.003
11,0.05,55,1000,1,0.001
11,0.05,56,1000,4,0.004
11,0.05,57,1000,3,0.003
11,0.05,58,1000,1,0.001
11,0.05,59,1000,3,0.003
11,0.05,60,1000,8,0.008
11,0.05,61,1000,8,0.008
11,0.05,62,1000,3,0.003
11,0.05,63,1000,2,0.002
11,0.05,64,1000,2,0.002
11,0.05,65,1000,3,0.003
11,0.05,66,1000,2,0.002
11,0.05,67,1000,2,0.002
11,0.05,68,1000,3,0.003
11,0.05,69,1000,4,0.004
11,0.05,70,1000,6,0.006
11,0.05,71,1000,4,0.004
11,0.05,72,1000,0,0.0
11,0.05,73,1000,4,0.004
11,0.05,74,1000,4,0.004
11,0.05,75,1000,2,0.002
11,0.05,76,1000,5,0.005
11,0.05,77,1000,5,0.005
11,0.05,78,1000,4,0.004
11,0.05,79,1000,6,0.006
11,0.05,80,1000,3,0.003
11,0.05,81,1000,2,0.002
11,0.05,82,1000,3,0.003
11,0.05,83,1000,2,0.002
11,0.05,84,1000,3,0.003
11,0.05,85,1000,4,0.004
11,0.05,86,1000,4,0.004
11,0.05,87,1000,8,0.008
11,0.05,88,1000,1,0.001
11,0.05,89,1000,3,0.003
11,0.05,90,1000,3,0.003
11,0.05,91,1000,2,0.002
11,0.05,92,1000,0,0.0
11,0.05,93,1000,0,0.0
11,0.05,94,1000,6,0.006
11,0.05,95,1000,7,0.007
11,0.05,96,1000,2,0.002
11,0.05,97,1000,1,0.001
11,0.05,98,1000,2,0.002
11,0.05,99,1000,0,0.0
11,0.05,100,1000,2,0.002
11,0.055,1,1000,8,0.008
11,0.055,2,1000,7,0.007
11,0.055,3,1000,5,0.005
11,0.055,4,1000,6,0.006
11,0.055,5,1000,6,0.006
11,0.055,6,1000,12,0.012
11,0.055,7,1000,6,0.006
11,0.055,8,1000,9,0.009
11,0.055,9,1000,6,0.006
11,0.055,10,1000,7,0.007
11,0.055,11,1000,5,0.005
11,0.055,12,1000,11,0.011
11,0.055,13,1000,6,0.006
11,0.055,14,1000,11,0.011
11,0.055,15,1000,2,0.002
11,0.055,16,1000,10,0.01
11,0.055,17,1000,2,0.002
11,0.055,18,1000,9,0.009
11,0.055,19,1000,5,0.005
11,0.055,20,1000,7,0.007
11,0.055,21,1000,9,0.009
11,0.055,22,1000,2,0.002
11,0.055,23,1000,5,0.005
11,0.055,24,1000,3,0.003
11,0.055,25,1000,5,0.005
11,0.055,26,1000,1,0.001
11,0.055,27,1000,5,0.005
11,0.055,28,1000,5,0.005
11,0.055,29,1000,8,0.008
11,0.055,30,1000,7,0.007
11,0.055,31,1000,5,0.005
11,0.055,32,1000,9,0.009
11,0.055,33,1000,11,0.011
11,0.055,34,1000,7,0.007
11,0.055,35,1000,9,0.009
11,0.055,36,1000,3,0.003
11,0.055,37,1000,4,0.004
11,0.055,38,1000,9,0.009
11,0.055,39,1000,5,0.005
11,0.055,40,1000,4,0.004
11,0.055,41,1000,6,0.006
11,0.055,42,1000,8,0.008
11,0.055,43,1000,5,0.005
11,0.055,44,1000,7,0.007
11,0.055,45,1000,3,0.003
11,0.055,46,1000,6,0.006
11,0.055,47,1000,6,0.006
11,0.055,48,1000,9,0.009
11,0.055,49,1000,9,0.009
11,0.055,50,1000,7,0.007
11,0.055,51,1000,13,0.013
11,0.055,52,1000,5,0.005
11,0.055,53,1000,4,0.004
11,0.055,54,1000,8,0.008
11,0.055,55,1000,4,0.004
11,0.055,56,1000,9,0.009
11,0.055,57,1000,9,0.009
11,0.055,58,1000,3,0.003
11,0.055,59,1000,8,0.008
11,0.055,60,1000,4,0.004
11,0.055,61,1000,9,0.009
11,0.055,62,1000,5,0.005
11,0.055,63,1000,3,0.003
11,0.055,64,1000,8,0.008
11,0.055,65,1000,5,0.005
11,0.055,66,1000,11,0.011
11,0.055,67,1000,7,0.007
11,0.055,68,1000,5,0.005
11,0.055,69,1000,4,0.004
11,0.055,70,1000,3,0.003
11,0.055,71,1000,7,0.007
11,0.055,72,1000,8,0.008
11,0.055,73,1000,9,0.009
11,0.055,74,1000,5,0.005
11,0.055,75,1000,2,0.002
11,0.055,76,1000,8,0.008
11,0.055,77,1000,1,0.001
11,0.055,78,1000,4,0.004
11,0.055,79,1000,11,0.011
11,0.055,80,1000,7,0.007
11,0.055,81,1000,5,0.005
11,0.055,82,1000,5,0.005
11,0.055,83,1000,5,0.005
11,0.055,84,1000,3,0.003
11,0.055,85,1000,5,0.005
11,0.055,86,1000,6,0.006
11,0.055,87,1000,7,0.007
11,0.055,88,1000,3,0.003
11,0.055,89,1000,9,0.009
11,0.055,90,1000,6,0.006
11,0.055,91,1000,6,0.006
11,0.055,92,1000,5,0.005
11,0.055,93,1000,12,0.012
11,0.055,94,1000,5,0.005
11,0.055,95,1000,2,0.002
11,0.055,96,1000,3,0.003
11,0.055,97,1000,6,0.006
11,0.055,98,1000,4,0.004
11,0.055,99,1000,5,0.005
11,0.055,100,1000,7,0.007
11,0.06,1,1000,11,0.011
11,0.06,2,1000,11,0.011
11,0.06,3,1000,11,0.011
11,0.06,4,1000,7,0.007
11,0.06,5,1000,13,0.013
11,0.06,6,1000,7,0.007
11,0.06,7,1000,10,0.01
11,0.06,8,1000,15,0.015
11,0.06,9,1000,10,0.01
11,0.06,10,1000,13,0.013
11,0.06,11,1000,12,0.012
11,0.06,12,1000,13,0.013
11,0.06,13,1000,5,0.005
11,0.06,14,1000,9,0.009
11,0.06,15,1000,14,0.014
11,0.06,16,1000,7,0.007
11,0.06,17,1000,6,0.006
11,0.06,18,1000,10,0.01
11,0.06,19,1000,8,0.008
11,0.06,20,1000,8,0.008
11,0.06,21,1000,15,0.015
11,0.06,22,1000,0,0.0
11,0.06,23,1000,18,0.018
11,0.06,24,1000,9,0.009
11,0.06,25,1000,11,0.011
11,0.06,26,1000,8,0.008
11,0.06,27,1000,10,0.01
11,0.06,28,1000,14,0.014
11,0.06,29,1000,9,0.009
11,0.06,30,1000,13,0.013
11,0.06,31,1000,6,0.006
11,0.06,32,1000,7,0.007
11,0.06,33,1000,9,0.009
11,0.06,34,1000,12,0.012
11,0.06,35,1000,15,0.015
11,0.06,36,1000,9,0.009
11,0.06,37,1000,14,0.014
11,0.06,38,1000,6,0.006
11,0.06,39,1000,12,0.012
11,0.06,40,1000,10,0.01
11,0.06,41,1000,6,0.006
11,0.06,42,1000,10,0.01
11,0.06,43,1000,8,0.008
11,0.06,44,1000,10,0.01
11,0.06,45,1000,14,0.014
11,0.06,46,1000,4,0.004
11,0.06,47,1000,11,0.011
11,0.06,48,1000,5,0.005
11,0.06,49,1000,10,0.01
11,0.06,50,1000,11,0.011
11,0.06,51,1000,11,0.011
11,0.06,52,1000,13,0.013
11,0.06,53,1000,13,0.013
11,0.06,54,1000,12,0.012
11,0.06,55,1000,13,0.013
11,0.06,56,1000,18,0.018
11,0.06,57,1000,14,0.014
11,0.06,58,1000,12,0.012
11,0.06,59,1000,7,0.007
11,0.06,60,1000,8,0.008
11,0.06,61,1000,10,0.01
11,0.06,62,1000,4,0.004
11,0.06,63,1000,15,0.015
11,0.06,64,1000,11,0.011
11,0.06,65,1000,9,0.009
11,0.06,66,1000,9,0.009
11,0.06,67,1000,7,0.007
11,0.06,68,1000,11,0.011
11,0.06,69,1000,11,0.011
11,0.06,70,1000,11,0.011
11,0.06,71,1000,12,0.012
11,0.06,72,1000,7,0.007
11,0.06,73,1000,11,0.011
11,0.06,74,1000,13,0.013
11,0.06,75,1000,13,0.013
11,0.06,76,1000,3,0.003
11,0.06,77,1000,17,0.017
11,0.06,78,1000,12,0.012
11,0.06,79,1000,6,0.006
11,0.06,80,1000,9,0.009
11,0.06,81,1000,17,0.017
11,0.06,82,1000,17,0.017
11,0.06,83,1000,3,0.003
11,0.06,84,1000,11,0.011
11,0.06,85,1000,6,0.006
11,0.06,86,1000,6,0.006
11,0.06,87,1000,7,0.007
11,0.06,88,1000,9,0.009
11,0.06,89,1000,6,0.006
11,0.06,90,1000,8,0.008
11,0.06,91,1000,8,0.008
11,0.06,92,1000,12,0.012
11,0.06,93,1000,8,0.008
11,0.06,94,1000,16,0.016
11,0.06,95,1000,12,0.012
11,0.06,96,1000,11,0.011
11,0.06,97,1000,9,0.009
11,0.06,98,1000,9,0.009
11,0.06,99,1000,8,0.008
11,0.06,100,1000,10,0.01
11,0.065,1,1000,25,0.025
11,0.065,2,1000,8,0.008
11,0.065,3,1000,16,0.016
11,0.065,4,1000,12,0.012
11,0.065,5,1000,18,0.018
11,0.065,6,1000,16,0.016
11,0.065,7,1000,16,0.016
11,0.065,8,1000,13,0.013
11,0.065,9,1000,15,0.015
11,0.065,10,1000,20,0.02
11,0.065,11,1000,21,0.021
11,0.065,12,1000,13,0.013
11,0.065,13,1000,20,0.02
11,0.065,14,1000,12,0.012
11,0.065,15,1000,16,0.016
11,0.065,16,1000,15,0.015
11,0.065,17,1000,18,0.018
11,0.065,18,1000,16,0.016
11,0.065,19,1000,17,0.017
11,0.065,20,1000,12,0.012
11,0.065,21,1000,14,0.014
11,0.065,22,1000,13,0.013
11,0.065,23,1000,19,0.019
11,0.065,24,1000,25,0.025
11,0.065,25,1000,16,0.016
11,0.065,26,1000,18,0.018
11,0.065,27,1000,21,0.021
11,0.065,28,1000,20,0.02
11,0.065,29,1000,15,0.015
11,0.065,30,1000,17,0.017
11,0.065,31,1000,14,0.014
11,0.065,32,1000,21,0.021
11,0.065,33,1000,19,0.019
11,0.065,34,1000,19,0.019
11,0.065,35,1000,19,0.019
11,0.065,36,1000,18,0.018
11,0.065,37,1000,17,0.017
11,0.065,38,1000,17,0.017
11,0.065,39,1000,15,0.015
11,0.065,40,1000,12,0.012
11,0.065,41,1000,19,0.019
11,0.065,42,1000,20,0.02
11,0.065,43,1000,13,0.013
11,0.065,44,1000,12,0.012
11,0.065,45,1000,19,0.019
11,0.065,46,1000,19,0.019
11,0.065,47,1000,16,0.016
11,0.065,48,1000,17,0.017
11,0.065,49,1000,19,0.019
11,0.065,50,1000,12,0.012
11,0.065,51,1000,13,0.013
11,0.065,52,1000,17,0.017
11,0.065,53,1000,15,0.015
11,0.065,54,1000,15,0.015
11,0.065,55,1000,15,0.015
11,0.065,56,1000,14,0.014
11,0.065,57,1000,14,0.014
11,0.065,58,1000,18,0.018
11,0.065,59,1000,17,0.017
11,0.065,60,1000,13,0.013
11,0.065,61,1000,18,0.018
11,0.065,62,1000,19,0.019
11,0.065,63,1000,13,0.013
11,0.065,64,1000,15,0.015
11,0.065,65,1000,21,0.021
11,0.065,66,1000,10,0.01
11,0.065,67,1000,15,0.015
11,0.065,68,1000,11,0.011
11,0.065,69,1000,20,0.02
11,0.065,70,1000,16,0.016
11,0.065,71,1000,17,0.017
11,0.065,72,1000,12,0.012
11,0.065,73,1000,14,0.014
11,0.065,74,1000,18,0.018
11,0.065,75,1000,18,0.018
11,0.065,76,1000,13,0.013
11,0.065,77,1000,16,0.016
11,0.065,78,1000,17,0.017
11,0.065,79,1000,14,0.014
11,0.065,80,1000,22,0.022
11,0.065,81,1000,17,0.017
11,0.065,82,1000,12,0.012
11,0.065,83,1000,20,0.02
11,0.065,84,1000,17,0.017
11,0.065,85,1000,15,0.015
11,0.065,86,1000,16,0.016
11,0.065,87,1000,19,0.019
11,0.065,88,1000,17,0.017
11,0.065,89,1000,24,0.024
11,0.065,90,1000,12,0.012
11,0.065,91,1000,18,0.018
11,0.065,92,1000,17,0.017
11,0.065,93,1000,13,0.013
11,0.065,94,1000,14,0.014
11,0.065,95,1000,17,0.017
11,0.065,96,1000,24,0.024
11,0.065,97,1000,14,0.014
11,0.065,98,1000,14,0.014
11,0.065,99,1000,20,0.02
11,0.065,100,1000,16,0.016
11,0.07,1,1000,25,0.025
11,0.07,2,1000,17,0.017
11,0.07,3,1000,16,0.016
11,0.07,4,1000,28,0.028
11,0.07,5,1000,27,0.027
11,0.07,6,1000,25,0.025
11,0.07,7,1000,30,0.03
11,0.07,8,1000,28,0.028
11,0.07,9,1000,22,0.022
11,0.07,10,1000,31,0.031
11,0.07,11,1000,16,0.016
11,0.07,12,1000,29,0.029
11,0.07,13,1000,18,0.018
11,0.07,14,1000,20,0.02
11,0.07,15,1000,30,0.03
11,0.07,16,1000,26,0.026
11,0.07,17,1000,24,0.024
11,0.07,18,1000,25,0.025
11,0.07,19,1000,19,0.019
11,0.07,20,1000,24,0.024
11,0.07,21,1000,17,0.017
11,0.07,22,1000,23,0.023
11,0.07,23,1000,17,0.017
11,0.07,24,1000,18,0.018
11,0.07,25,1000,23,0.023
11,0.07,26,1000,19,0.019
11,0.07,27,1000,25,0.025
11,0.07,28,1000,24,0.024
11,0.07,29,1000,18,0.018
11,0.07,30,1000,15,0.015
11,0.07,31,1000,18,0.018
11,0.07,32,1000,22,0.022
11,0.07,33,1000,27,0.027
11,0.07,34,1000,31,0.031
11,0.07,35,1000,31,0.031
11,0.07,36,1000,21,0.021
11,0.07,37,1000,21,0.021
11,0.07,38,1000,23,0.023
11,0.07,39,1000,18,0.018
11,0.07,40,1000,21,0.021
11,0.07,41,1000,17,0.017
11,0.07,42,1000,23,0.023
11,0.07,43,1000,25,0.025
11,0.07,44,1000,25,0.025
11,0.07,45,1000,29,0.029
11,0.07,46,1000,25,0.025
11,0.07,47,1000,18,0.018
11,0.07,48,1000,27,0.027
11,0.07,49,1000,25,0.025
11,0.07,50,1000,25,0.025
11,0.07,51,1000,24,0.024
11,0.07,52,1000,23,0.023
11,0.07,53,1000,23,0.023
11,0.07,54,1000,31,0.031
11,0.07,55,1000,14,0.014
11,0.07,56,1000,40,0.04
11,0.07,57,1000,23,0.023
11,0.07,58,1000,25,0.025
11,0.07,59,1000,25,0.025
11,0.07,60,1000,23,0.023
11,0.07,61,1000,26,0.026
11,0.07,62,1000,26,0.026
11,0.07,63,1000,32,0.032
11,0.07,64,1000,21,0.021
11,0.07,65,1000,25,0.025
11,0.07,66,1000,32,0.032
11,0.07,67,1000,19,0.019
11,0.07,68,1000,25,0.025
11,0.07,69,1000,35,0.035
11,0.07,70,1000,18,0.018
11,0.07,71,1000,26,0.026
11,0.07,72,1000,20,0.02
11,0.07,73,1000,17,0.017
11,0.07,74,1000,19,0.019
11,0.07,75,1000,16,0.016
11,0.07,76,1000,28,0.028
11,0.07,77,1000,32,0.032
11,0.07,78,1000,30,0.03
11,0.07,79,1000,26,0.026
11,0.07,80,1000,24,0.024
11,0.07,81,1000,24,0.024
11,0.07,82,1000,25,0.025
11,0.07,83,1000,24,0.024
11,0.07,84,1000,18,0.018
11,0.07,85,1000,22,0.022
11,0.07,86,1000,31,0.031
11,0.07,87,1000,26,0.026
11,0.07,88,1000,28,0.028
11,0.07,89,1000,21,0.021
11,0.07,90,1000,18,0.018
11,0.07,91,1000,34,0.034
11,0.07,92,1000,24,0.024
11,0.07,93,1000,22,0.022
11,0.07,94,1000,15,0.015
11,0.07,95,1000,19,0.019
11,0.07,96,1000,27,0.027
11,0.07,97,1000,23,0.023
11,0.07,98,1000,19,0.019
11,0.07,99,1000,29,0.029
11,0.07,100,1000,26,0.026
11,0.075,1,1000,41,0.041
11,0.075,2,1000,25,0.025
11,0.075,3,1000,40,0.04
11,0.075,4,1000,37,0.037
11,0.075,5,1000,38,0.038
11,0.075,6,1000,28,0.028
11,0.075,7,1000,25,0.025
11,0.075,8,1000,33,0.033
11,0.075,9,1000,38,0.038
11,0.075,10,1000,33,0.033
11,0.075,11,1000,25,0.025
11,0.075,12,1000,30,0.03
11,0.075,13,1000,33,0.033
11,0.075,14,1000,46,0.046
11,0.075,15,1000,33,0.033
11,0.075,16,1000,38,0.038
11,0.075,17,1000,44,0.044
11,0.075,18,1000,37,0.037
11,0.075,19,1000,41,0.041
11,0.075,20,1000,41,0.041
11,0.075,21,1000,28,0.028
11,0.075,22,1000,40,0.04
11,0.075,23,1000,38,0.038
11,0.075,24,1000,31,0.031
11,0.075,25,1000,28,0.028
11,0.075,26,1000,36,0.036
11,0.075,27,1000,38,0.038
11,0.075,28,1000,37,0.037
11,0.075,29,1000,34,0.034
11,0.075,30,1000,34,0.034
11,0.075,31,1000,38,0.038
11,0.075,32,1000,31,0.031
11,0.075,33,1000,40,0.04
11,0.075,34,1000,26,0.026
11,0.075,35,1000,35,0.035
11,0.075,36,1000,37,0.037
11,0.075,37,1000,36,0.036
11,0.075,38,1000,37,0.037
11,0.075,39,1000,35,0.035
11,0.075,40,1000,27,0.027
11,0.075,41,1000,39,0.039
11,0.075,42,1000,39,0.039
11,0.075,43,1000,30,0.03
11,0.075,44,1000,32,0.032
11,0.075,45,1000,44,0.044
11,0.075,46,1000,38,0.038
11,0.075,47,1000,38,0.038
11,0.075,48,1000,37,0.037
11,0.075,49,1000,19,0.019
11,0.075,50,1000,23,0.023
11,0.075,51,1000,44,0.044
11,0.075,52,1000,48,0.048
11,0.075,53,1000,28,0.028
11,0.075,54,1000,35,0.035
11,0.075,55,1000,45,0.045
11,0.075,56,1000,30,0.03
11,0.075,57,1000,38,0.038
11,0.075,58,1000,33,0.033
11,0.075,59,1000,27,0.027
11,0.075,60,1000,32,0.032
11,0.075,61,1000,39,0.039
11,0.075,62,1000,32,0.032
11,0.075,63,1000,31,0.031
11,0.075,64,1000,30,0.03
11,0.075,65,1000,29,0.029
11,0.075,66,1000,37,0.037
11,0.075,67,1000,22,0.022
11,0.075,68,1000,25,0.025
11,0.075,69,1000,46,0.046
11,0.075,70,1000,40,0.04
11,0.075,71,1000,33,0.033
11,0.075,72,1000,26,0.026
11,0.075,73,1000,34,0.034
11,0.075,74,1000,25,0.025
11,0.075,75,1000,26,0.026
11,0.075,76,1000,29,0.029
11,0.075,77,1000,36,0.036
11,0.075,78,1000,26,0.026
11,0.075,79,1000,26,0.026
11,0.075,80,1000,24,0.024
11,0.075,81,1000,26,0.026
11,0.075,82,1000,28,0.028
11,0.075,83,1000,37,0.037
11,0.075,84,1000,28,0.028
11,0.075,85,1000,23,0.023
11,0.075,86,1000,32,0.032
11,0.075,87,1000,35,0.035
11,0.075,88,1000,35,0.035
11,0.075,89,1000,28,0.028
11,0.075,90,1000,31,0.031
11,0.075,91,1000,50,0.05
11,0.075,92,1000,24,0.024
11,0.075,93,1000,23,0.023
11,0.075,94,1000,39,0.039
11,0.075,95,1000,30,0.03
11,0.075,96,1000,35,0.035
11,0.075,97,1000,46,0.046
11,0.075,98,1000,29,0.029
11,0.075,99,1000,36,0.036
11,0.075,100,1000,28,0.028
11,0.08,1,1000,45,0.045
11,0.08,2,1000,49,0.049
11,0.08,3,1000,39,0.039
11,0.08,4,1000,40,0.04
11,0.08,5,1000,51,0.051
11,0.08,6,1000,50,0.05
11,0.08,7,1000,50,0.05
11,0.08,8,1000,33,0.033
11,0.08,9,1000,57,0.057
11,0.08,10,1000,37,0.037
11,0.08,11,1000,42,0.042
11,0.08,12,1000,48,0.048
11,0.08,13,1000,49,0.049
11,0.08,14,1000,31,0.031
11,0.08,15,1000,44,0.044
11,0.08,16,1000,49,0.049
11,0.08,17,1000,46,0.046
11,0.08,18,1000,38,0.038
11,0.08,19,1000,43,0.043
11,0.08,20,1000,36,0.036
11,0.08,21,1000,44,0.044
11,0.08,22,1000,35,0.035
11,0.08,23,1000,40,0.04
11,0.08,24,1000,45,0.045
11,0.08,25,1000,26,0.026
11,0.08,26,1000,48,0.048
11,0.08,27,1000,51,0.051
11,0.08,28,1000,56,0.056
11,0.08,29,1000,58,0.058
11,0.08,30,1000,39,0.039
11,0.08,31,1000,42,0.042
11,0.08,32,1000,51,0.051
11,0.08,33,1000,40,0.04
11,0.08,34,1000,41,0.041
11,0.08,35,1000,43,0.043
11,0.08,36,1000,35,0.035
11,0.08,37,1000,46,0.046
11,0.08,38,1000,44,0.044
11,0.08,39,1000,59,0.059
11,0.08,40,1000,44,0.044
11,0.08,41,1000,39,0.039
11,0.08,42,1000,45,0.045
11,0.08,43,1000,51,0.051
11,0.08,44,1000,47,0.047
11,0.08,45,1000,53,0.053
11,0.08,46,1000,53,0.053
11,0.08,47,1000,43,0.043
11,0.08,48,1000,47,0.047
11,0.08,49,1000,42,0.042
11,0.08,50,1000,51,0.051
11,0.08,51,1000,42,0.042
11,0.08,52,1000,52,0.052
11,0.08,53,1000,45,0.045
11,0.08,54,1000,40,0.04
11,0.08,55,1000,39,0.039
11,0.08,56,1000,38,0.038
11,0.08,57,1000,45,0.045
11,0.08,58,1000,48,0.048
11,0.08,59,1000,48,0.048
11,0.08,60,1000,46,0.046
11,0.08,61,1000,55,0.055
11,0.08,62,1000,37,0.037
11,0.08,63,1000,51,0.051
11,0.08,64,1000,38,0.038
11,0.08,65,1000,51,0.051
11,0.08,66,1000,40,0.04
11,0.08,67,1000,54,0.054
11,0.08,68,1000,55,0.055
11,0.08,69,1000,42,0.042
11,0.08,70,1000,48,0.048
11,0.08,71,1000,51,0.051
11,0.08,72,1000,41,0.041
11,0.08,73,1000,58,0.058
11,0.08,74,1000,47,0.047
11,0.08,75,1000,54,0.054
11,0.08,76,1000,37,0.037
11,0.08,77,1000,47,0.047
11,0.08,78,1000,40,0.04
11,0.08,79,1000,42,0.042
11,0.08,80,1000,47,0.047
11,0.08,81,1000,45,0.045
11,0.08,82,1000,47,0.047
11,0.08,83,1000,43,0.043
11,0.08,84,1000,45,0.045
11,0.08,85,1000,50,0.05
11,0.08,86,1000,46,0.046
11,0.08,87,1000,40,0.04
11,0.08,88,1000,51,0.051
11,0.08,89,1000,45,0.045
11,0.08,90,1000,55,0.055
11,0.08,91,1000,57,0.057
11,0.08,92,1000,44,0.044
11,0.08,93,1000,53,0.053
11,0.08,94,1000,50,0.05
11,0.08,95,1000,49,0.049
11,0.08,96,1000,43,0.043
11,0.08,97,1000,42,0.042
11,0.08,98,1000,54,0.054
11,0.08,99,1000,47,0.047
11,0.08,100,1000,46,0.046
11,0.085,1,1000,66,0.066
11,0.085,2,1000,59,0.059
11,0.085,3,1000,59,0.059
11,0.085,4,1000,63,0.063
11,0.085,5,1000,53,0.053
11,0.085,6,1000,63,0.063
11,0.085,7,1000,71,0.071
11,0.085,8,1000,69,0.069
11,0.085,9,1000,59,0.059
11,0.085,10,1000,58,0.058
11,0.085,11,1000,59,0.059
11,0.085,12,1000,64,0.064
11,0.085,13,1000,61,0.061
11,0.085,14,1000,60,0.06
11,0.085,15,1000,55,0.055
11,0.085,16,1000,61,0.061
11,0.085,17,1000,72,0.072
11,0.085,18,1000,77,0.077
11,0.085,19,1000,61,0.061
11,0.085,20,1000,53,0.053
11,0.085,21,1000,73,0.073
11,0.085,22,1000,83,0.083
11,0.085,23,1000,50,0.05
11,0.085,24,1000,58,0.058
11,0.085,25,1000,60,0.06
11,0.085,26,1000,62,0.062
11,0.085,27,1000,60,0.06
11,0.085,28,1000,65,0.065
11,0.085,29,1000,63,0.063
11,0.085,30,1000,56,0.056
11,0.085,31,1000,63,0.063
11,0.085,32,1000,53,0.053
11,0.085,33,1000,61,0.061
11,0.085,34,1000,58,0.058
11,0.085,35,1000,50,0.05
11,0.085,36,1000,57,0.057
11,0.085,37,1000,60,0.06
11,0.085,38,1000,72,0.072
11,0.085,39,1000,65,0.065
11,0.085,40,1000,68,0.068
11,0.085,41,1000,46,0.046
11,0.085,42,1000,57,0.057
11,0.085,43,1000,73,0.073
11,0.085,44,1000,67,0.067
11,0.085,45,1000,61,0.061
11,0.085,46,1000,58,0.058
11,0.085,47,1000,54,0.054
11,0.085,48,1000,67,0.067
11,0.085,49,1000,65,0.065
11,0.085,50,1000,46,0.046
11,0.085,51,1000,46,0.046
11,0.085,52,1000,57,0.057
11,0.085,53,1000,69,0.069
11,0.085,54,1000,51,0.051
11,0.085,55,1000,64,0.064
11,0.085,56,1000,55,0.055
11,0.085,57,1000,76,0.076
11,0.085,58,1000,57,0.057
11,0.085,59,1000,53,0.053
11,0.085,60,1000,64,0.064
11,0.085,61,1000,55,0.055
11,0.085,62,1000,56,0.056
11,0.085,63,1000,71,0.071
11,0.085,64,1000,67,0.067
11,0.085,65,1000,66,0.066
11,0.085,66,1000,61,0.061
11,0.085,67,1000,71,0.071
11,0.085,68,1000,76,0.076
11,0.085,69,1000,74,0.074
11,0.085,70,1000,57,0.057
11,0.085,71,1000,52,0.052
11,0.085,72,1000,49,0.049
11,0.085,73,1000,63,0.063
11,0.085,74,1000,53,0.053
11,0.085,75,1000,57,0.057
11,0.085,76,1000,54,0.054
11,0.085,77,1000,57,0.057
11,0.085,78,1000,75,0.075
11,0.085,79,1000,67,0.067
11,0.085,80,1000,52,0.052
11,0.085,81,1000,65,0.065
11,0.085,82,1000,52,0.052
11,0.085,83,1000,53,0.053
11,0.085,84,1000,55,0.055
11,0.085,85,1000,68,0.068
11,0.085,86,1000,60,0.06
11,0.085,87,1000,61,0.061
11,0.085,88,1000,56,0.056
11,0.085,89,1000,57,0.057
11,0.085,90,1000,60,0.06
11,0.085,91,1000,63,0.063
11,0.085,92,1000,54,0.054
11,0.085,93,1000,69,0.069
11,0.085,94,1000,67,0.067
11,0.085,95,1000,56,0.056
11,0.085,96,1000,62,0.062
11,0.085,97,1000,53,0.053
11,0.085,98,1000,60,0.06
11,0.085,99,1000,66,0.066
11,0.085,100,1000,64,0.064
11,0.09,1,1000,81,0.081
11,0.09,2,1000,80,0.08
11,0.09,3,1000,79,0.079
11,0.09,4,1000,64,0.064
11,0.09,5,1000,70,0.07
11,0.09,6,1000,77,0.077
11,0.09,7,1000,73,0.073
11,0.09,8,1000,70,0.07
11,0.09,9,1000,78,0.078
11,0.09,10,1000,77,0.077
11,0.09,11,1000,77,0.077
11,0.09,12,1000,76,0.076
11,0.09,13,1000,79,0.079
11,0.09,14,1000,79,0.079
11,0.09,15,1000,74,0.074
11,0.09,16,1000,87,0.087
11,0.09,17,1000,65,0.065
11,0.09,18,1000,77,0.077
11,0.09,19,1000,79,0.079
11,0.09,20,1000,77,0.077
11,0.09,21,1000,77,0.077
11,0.09,22,1000,97,0.097
11,0.09,23,1000,74,0.074
11,0.09,24,1000,89,0.089
11,0.09,25,1000,80,0.08
11,0.09,26,1000,74,0.074
11,0.09,27,1000,80,0.08
11,0.09,28,1000,84,0.084
11,0.09,29,1000,102,0.102
11,0.09,30,1000,72,0.072
11,0.09,31,1000,61,0.061
11,0.09,32,1000,90,0.09
11,0.09,33,1000,86,0.086
11,0.09,34,1000,88,0.088
11,0.09,35,1000,75,0.075
11,0.09,36,1000,79,0.079
11,0.09,37,1000,86,0.086
11,0.09,38,1000,72,0.072
11,0.09,39,1000,70,0.07
11,0.09,40,1000,63,0.063
11,0.09,41,1000,83,0.083
11,0.09,42,1000,94,0.094
11,0.09,43,1000,81,0.081
11,0.09,44,1000,77,0.077
11,0.09,45,1000,66,0.066
11,0.09,46,1000,66,0.066
11,0.09,47,1000,78,0.078
11,0.09,48,1000,79,0.079
11,0.09,49,1000,78,0.078
11,0.09,50,1000,74,0.074
11,0.09,51,1000,78,0.078
11,0.09,52,1000,75,0.075
11,0.09,53,1000,70,0.07
11,0.09,54,1000,81,0.081
11,0.09,55,1000,69,0.069
11,0.09,56,1000,78,0.078
11,0.09,57,1000,65,0.065
11,0.09,58,1000,80,0.08
11,0.09,59,1000,79,0.079
11,0.09,60,1000,76,0.076
11,0.09,61,1000,78,0.078
11,0.09,62,1000,91,0.091
11,0.09,63,1000,76,0.076
11,0.09,64,1000,96,0.096
11,0.09,65,1000,75,0.075
11,0.09,66,1000,82,0.082
11,0.09,67,1000,83,0.083
11,0.09,68,1000,89,0.089
11,0.09,69,1000,80,0.08
11,0.09,70,1000,85,0.085
11,0.09,71,1000,84,0.084
11,0.09,72,1000,86,0.086
11,0.09,73,1000,81,0.081
11,0.09,74,1000,86,0.086
11,0.09,75,1000,69,0.069
11,0.09,76,1000,80,0.08
11,0.09,77,1000,68,0.068
11,0.09,78,1000,82,0.082
11,0.09,79,1000,87,0.087
11,0.09,80,1000,84,0.084
11,0.09,81,1000,81,0.081
11,0.09,82,1000,84,0.084
11,0.09,83,1000,56,0.056
11,0.09,84,1000,78,0.078
11,0.09,85,1000,67,0.067
11,0.09,86,1000,84,0.084
11,0.09,87,1000,81,0.081
11,0.09,88,1000,78,0.078
11,0.09,89,1000,65,0.065
11,0.09,90,1000,88,0.088
11,0.09,91,1000,78,0.078
11,0.09,92,1000,94,0.094
11,0.09,93,1000,78,0.078
11,0.09,94,1000,83,0.083
11,0.09,95,1000,71,0.071
11,0.09,96,1000,79,0.079
11,0.09,97,1000,80,0.08
11,0.09,98,1000,81,0.081
11,0.09,99,1000,90,0.09
11,0.09,100,1000,87,0.087
11,0.095,1,1000,91,0.091
11,0.095,2,1000,99,0.099
11,0.095,3,1000,107,0.107
11,0.095,4,1000,101,0.101
11,0.095,5,1000,93,0.093
11,0.095,6,1000,90,0.09
11,0.095,7,1000,111,0.111
11,0.095,8,1000,76,0.076
11,0.095,9,1000,122,0.122
11,0.095,10,1000,98,0.098
11,0.095,11,1000,110,0.11
11,0.095,12,1000,108,0.108
11,0.095,13,1000,85,0.085
11,0.095,14,1000,91,0.091
11,0.095,15,1000,92,0.092
11,0.095,16,1000,99,0.099
11,0.095,17,1000,86,0.086
11,0.095,18,1000,95,0.095
11,0.095,19,1000,85,0.085
11,0.095,20,1000,102,0.102
11,0.095,21,1000,94,0.094
11,0.095,22,1000,83,0.083
11,0.095,23,1000,102,0.102
11,0.095,24,1000,84,0.084
11,0.095,25,1000,95,0.095
11,0.095,26,1000,97,0.097
11,0.095,27,1000,93,0.093
11,0.095,28,1000,91,0.091
11,0.095,29,1000,93,0.093
11,0.095,30,1000,99,0.099
11,0.095,31,1000,96,0.096
11,0.095,32,1000,93,0.093
11,0.095,33,1000,88,0.088
11,0.095,34,1000,87,0.087
11,0.095,35,1000,100,0.1
11,0.095,36,1000,88,0.088
11,0.095,37,1000,99,0.099
11,0.095,38,1000,104,0.104
11,0.095,39,1000,90,0.09
11,0.095,40,1000,98,0.098
11,0.095,41,1000,100,0.1
11,0.095,42,1000,95,0.095
11,0.095,43,1000,105,0.105
11,0.095,44,1000,111,0.111
11,0.095,45,1000,90,0.09
11,0.095,46,1000,112,0.112
11,0.095,47,1000,127,0.127
11,0.095,48,1000,113,0.113
11,0.095,49,1000,104,0.104
11,0.095,50,1000,104,0.104
11,0.095,51,1000,92,0.092
11,0.095,52,1000,96,0.096
11,0.095,53,1000,109,0.109
11,0.095,54,1000,101,0.101
11,0.095,55,1000,97,0.097
11,0.095,56,1000,99,0.099
11,0.095,57,1000,88,0.088
11,0.095,58,1000,118,0.118
11,0.095,59,1000,101,0.101
11,0.095,60,1000,122,0.122
11,0.095,61,1000,98,0.098
11,0.095,62,1000,93,0.093
11,0.095,63,1000,91,0.091
11,0.095,64,1000,90,0.09
11,0.095,65,1000,92,0.092
11,0.095,66,1000,105,0.105
11,0.095,67,1000,95,0.095
11,0.095,68,1000,120,0.12
11,0.095,69,1000,101,0.101
11,0.095,70,1000,91,0.091
11,0.095,71,1000,96,0.096
11,0.095,72,1000,107,0.107
11,0.095,73,1000,88,0.088
11,0.095,74,1000,108,0.108
11,0.095,75,1000,98,0.098
11,0.095,76,1000,100,0.1
11,0.095,77,1000,79,0.079
11,0.095,78,1000,110,0.11
11,0.095,79,1000,105,0.105
11,0.095,80,1000,118,0.118
11,0.095,81,1000,93,0.093
11,0.095,82,1000,93,0.093
11,0.095,83,1000,94,0.094
11,0.095,84,1000,82,0.082
11,0.095,85,1000,96,0.096
11,0.095,86,1000,90,0.09
11,0.095,87,1000,89,0.089
11,0.095,88,1000,96,0.096
11,0.095,89,1000,85,0.085
11,0.095,90,1000,93,0.093
11,0.095,91,1000,81,0.081
11,0.095,92,1000,103,0.103
11,0.095,93,1000,84,0.084
11,0.095,94,1000,102,0.102
11,0.095,95,1000,95,0.095
11,0.095,96,1000,107,0.107
11,0.095,97,1000,89,0.089
11,0.095,98,1000,110,0.11
11,0.095,99,1000,113,0.113
11,0.095,100,1000,87,0.087
11,0.1,1,1000,109,0.109
11,0.1,2,1000,109,0.109
11,0.1,3,1000,128,0.128
11,0.1,4,1000,114,0.114
11,0.1,5,1000,117,0.117
11,0.1,6,1000,135,0.135
11,0.1,7,1000,136,0.136
11,0.1,8,1000,122,0.122
11,0.1,9,1000,99,0.099
11,0.1,10,1000,114,0.114
11,0.1,11,1000,134,0.134
11,0.1,12,1000,127,0.127
11,0.1,13,1000,120,0.12
11,0.1,14,1000,114,0.114
11,0.1,15,1000,110,0.11
11,0.1,16,1000,118,0.118
11,0.1,17,1000,100,0.1
11,0.1,18,1000,124,0.124
11,0.1,19,1000,100,0.1
11,0.1,20,1000,128,0.128
11,0.1,21,1000,113,0.113
11,0.1,22,1000,127,0.127
11,0.1,23,1000,115,0.115
11,0.1,24,1000,113,0.113
11,0.1,25,1000,118,0.118
11,0.1,26,1000,128,0.128
11,0.1,27,1000,114,0.114
11,0.1,28,1000,111,0.111
11,0.1,29,1000,136,0.136
11,0.1,30,1000,115,0.115
11,0.1,31,1000,114,0.114
11,0.1,32,1000,129,0.129
11,0.1,33,1000,102,0.102
11,0.1,34,1000,105,0.105
11,0.1,35,1000,98,0.098
11,0.1,36,1000,130,0.13
11,0.1,37,1000,124,0.124
11,0.1,38,1000,129,0.129
11,0.1,39,1000,115,0.115
11,0.1,40,1000,120,0.12
11,0.1,41,1000,111,0.111
11,0.1,42,1000,107,0.107
11,0.1,43,1000,102,0.102
11,0.1,44,1000,113,0.113
11,0.1,45,1000,117,0.117
11,0.1,46,1000,105,0.105
11,0.1,47,1000,123,0.123
11,0.1,48,1000,130,0.13
11,0.1,49,1000,125,0.125
11,0.1,50,1000,113,0.113
11,0.1,51,1000,128,0.128
11,0.1,52,1000,127,0.127
11,0.1,53,1000,133,0.133
11,0.1,54,1000,100,0.1
11,0.1,55,1000,110,0.11
11,0.1,56,1000,131,0.131
11,0.1,57,1000,121,0.121
11,0.1,58,1000,131,0.131
11,0.1,59,1000,108,0.108
11,0.1,60,1000,105,0.105
11,0.1,61,1000,127,0.127
11,0.1,62,1000,122,0.122
11,0.1,63,1000,126,0.126
11,0.1,64,1000,126,0.126
11,0.1,65,1000,118,0.118
11,0.1,66,1000,129,0.129
11,0.1,67,1000,128,0.128
11,0.1,68,1000,106,0.106
11,0.1,69,1000,136,0.136
11,0.1,70,1000,123,0.123
11,0.1,71,1000,99,0.099
11,0.1,72,1000,120,0.12
11,0.1,73,1000,99,0.099
11,0.1,74,1000,123,0.123
11,0.1,75,1000,114,0.114
11,0.1,76,1000,132,0.132
11,0.1,77,1000,111,0.111
11,0.1,78,1000,120,0.12
11,0.1,79,1000,118,0.118
11,0.1,80,1000,115,0.115
11,0.1,81,1000,111,0.111
11,0.1,82,1000,140,0.14
11,0.1,83,1000,128,0.128
11,0.1,84,1000,115,0.115
11,0.1,85,1000,118,0.118
11,0.1,86,1000,116,0.116
11,0.1,87,1000,113,0.113
11,0.1,88,1000,119,0.119
11,0.1,89,1000,110,0.11
11,0.1,90,1000,130,0.13
11,0.1,91,1000,119,0.119
11,0.1,92,1000,132,0.132
11,0.1,93,1000,123,0.123
11,0.1,94,1000,105,0.105
11,0.1,95,1000,118,0.118
11,0.1,96,1000,109,0.109
11,0.1,97,1000,121,0.121
11,0.1,98,1000,121,0.121
11,0.1,99,1000,122,0.122
11,0.1,100,1000,137,0.137
11,0.105,1,1000,125,0.125
11,0.105,2,1000,143,0.143
11,0.105,3,1000,133,0.133
11,0.105,4,1000,137,0.137
11,0.105,5,1000,129,0.129
11,0.105,6,1000,130,0.13
11,0.105,7,1000,140,0.14
11,0.105,8,1000,153,0.153
11,0.105,9,1000,154,0.154
11,0.105,10,1000,140,0.14
11,0.105,11,1000,156,0.156
11,0.105,12,1000,156,0.156
11,0.105,13,1000,125,0.125
11,0.105,14,1000,134,0.134
11,0.105,15,1000,160,0.16
11,0.105,16,1000,158,0.158
11,0.105,17,1000,113,0.113
11,0.105,18,1000,130,0.13
11,0.105,19,1000,138,0.138
11,0.105,20,1000,167,0.167
11,0.105,21,1000,149,0.149
11,0.105,22,1000,173,0.173
11,0.105,23,1000,136,0.136
11,0.105,24,1000,155,0.155
11,0.105,25,1000,147,0.147
11,0.105,26,1000,148,0.148
11,0.105,27,1000,162,0.162
11,0.105,28,1000,141,0.141
11,0.105,29,1000,138,0.138
11,0.105,30,1000,146,0.146
11,0.105,31,1000,153,0.153
11,0.105,32,1000,145,0.145
11,0.105,33,1000,148,0.148
11,0.105,34,1000,136,0.136
11,0.105,35,1000,147,0.147
11,0.105,36,1000,138,0.138
11,0.105,37,1000,139,0.139
11,0.105,38,1000,146,0.146
11,0.105,39,1000,144,0.144
11,0.105,40,1000,141,0.141
11,0.105,41,1000,149,0.149
11,0.105,42,1000,135,0.135
11,0.105,43,1000,140,0.14
11,0.105,44,1000,153,0.153
11,0.105,45,1000,152,0.152
11,0.105,46,1000,138,0.138
11,0.105,47,1000,141,0.141
11,0.105,48,1000,136,0.136
11,0.105,49,1000,156,0.156
11,0.105,50,1000,156,0.156
11,0.105,51,1000,140,0.14
11,0.105,52,1000,147,0.147
11,0.105,53,1000,158,0.158
11,0.105,54,1000,150,0.15
11,0.105,55,1000,137,0.137
11,0.105,56,1000,167,0.167
11,0.105,57,1000,138,0.138
11,0.105,58,1000,154,0.154
11,0.105,59,1000,144,0.144
11,0.105,60,1000,123,0.123
11,0.105,61,1000,145,0.145
11,0.105,62,1000,130,0.13
11,0.105,63,1000,139,0.139
11,0.105,64,1000,142,0.142
11,0.105,65,1000,121,0.121
11,0.105,66,1000,146,0.146
11,0.105,67,1000,154,0.154
11,0.105,68,1000,133,0.133
11,0.105,69,1000,139,0.139
11,0.105,70,1000,142,0.142
11,0.105,71,1000,149,0.149
11,0.105,72,1000,148,0.148
11,0.105,73,1000,125,0.125
11,0.105,74,1000,147,0.147
11,0.105,75,1000,151,0.151
11,0.105,76,1000,155,0.155
11,0.105,77,1000,116,0.116
11,0.105,78,1000,128,0.128
11,0.105,79,1000,141,0.141
11,0.105,80,1000,142,0.142
11,0.105,81,1000,147,0.147
11,0.105,82,1000,130,0.13
11,0.105,83,1000,144,0.144
11,0.105,84,1000,147,0.147
11,0.105,85,1000,134,0.134
11,0.105,86,1000,129,0.129
11,0.105,87,1000,134,0.134
11,0.105,88,1000,142,0.142
11,0.105,89,1000,140,0.14
11,0.105,90,1000,152,0.152
11,0.105,91,1000,148,0.148
11,0.105,92,1000,164,0.164
11,0.105,93,1000,134,0.134
11,0.105,94,1000,133,0.133
11,0.105,95,1000,135,0.135
11,0.105,96,1000,141,0.141
11,0.105,97,1000,147,0.147
11,0.105,98,1000,145,0.145
11,0.105,99,1000,135,0.135
11,0.105,100,1000,155,0.155
11,0.11,1,1000,164,0.164
11,0.11,2,1000,153,0.153
11,0.11,3,1000,173,0.173
11,0.11,4,1000,178,0.178
11,0.11,5,1000,153,0.153
11,0.11,6,1000,146,0.146
11,0.11,7,1000,158,0.158
11,0.11,8,1000,194,0.194
11,0.11,9,1000,171,0.171
11,0.11,10,1000,196,0.196
11,0.11,11,1000,152,0.152
11,0.11,12,1000,171,0.171
11,0.11,13,1000,176,0.176
11,0.11,14,1000,158,0.158
11,0.11,15,1000,179,0.179
11,0.11,16,1000,173,0.173
11,0.11,17,1000,173,0.173
11,0.11,18,1000,193,0.193
11,0.11,19,1000,178,0.178
11,0.11,20,1000,167,0.167
11,0.11,21,1000,189,0.189
11,0.11,22,1000,174,0.174
11,0.11,23,1000,164,0.164
11,0.11,24,1000,186,0.186
11,0.11,25,1000,168,0.168
11,0.11,26,1000,160,0.16
11,0.11,27,1000,157,0.157
11,0.11,28,1000,171,0.171
11,0.11,29,1000,154,0.154
11,0.11,30,1000,175,0.175
11,0.11,31,1000,173,0.173
11,0.11,32,1000,164,0.164
11,0.11,33,1000,170,0.17
11,0.11,34,1000,171,0.171
11,0.11,35,1000,174,0.174
11,0.11,36,1000,153,0.153
11,0.11,37,1000,183,0.183
11,0.11,38,1000,186,0.186
11,0.11,39,1000,168,0.168
11,0.11,40,1000,189,0.189
11,0.11,41,1000,169,0.169
11,0.11,42,1000,174,0.174
11,0.11,43,1000,173,0.173
11,0.11,44,1000,163,0.163
11,0.11,45,1000,158,0.158
11,0.11,46,1000,161,0.161
11,0.11,47,1000,155,0.155
11,0.11,48,1000,173,0.173
11,0.11,49,1000,175,0.175
11,0.11,50,1000,155,0.155
11,0.11,51,1000,166,0.166
11,0.11,52,1000,169,0.169
11,0.11,53,1000,170,0.17
11,0.11,54,1000,168,0.168
11,0.11,55,1000,182,0.182
11,0.11,56,1000,171,0.171
11,0.11,57,1000,182,0.182
11,0.11,58,1000,161,0.161
11,0.11,59,1000,174,0.174
11,0.11,60,1000,174,0.174
11,0.11,61,1000,185,0.185
11,0.11,62,1000,176,0.176
11,0.11,63,1000,176,0.176
11,0.11,64,1000,171,0.171
11,0.11,65,1000,172,0.172
11,0.11,66,1000,173,0.173
11,0.11,67,1000,175,0.175
11,0.11,68,1000,173,0.173
11,0.11,69,1000,185,0.185
11,0.11,70,1000,168,0.168
11,0.11,71,1000,179,0.179
11,0.11,72,1000,151,0.151
11,0.11,73,1000,158,0.158
11,0.11,74,1000,166,0.166
11,0.11,75,1000,155,0.155
11,0.11,76,1000,158,0.158
11,0.11,77,1000,174,0.174
11,0.11,78,1000,174,0.174
11,0.11,79,1000,196,0.196
11,0.11,80,1000,169,0.169
11,0.11,81,1000,163,0.163
11,0.11,82,1000,180,0.18
11,0.11,83,1000,200,0.2
11,0.11,84,1000,164,0.164
11,0.11,85,1000,159,0.159
11,0.11,86,1000,156,0.156
11,0.11,87,1000,188,0.188
11,0.11,88,1000,185,0.185
11,0.11,89,1000,186,0.186
11,0.11,90,1000,178,0.178
11,0.11,91,1000,149,0.149
11,0.11,92,1000,170,0.17
11,0.11,93,1000,149,0.149
11,0.11,94,1000,175,0.175
11,0.11,95,1000,186,0.186
11,0.11,96,1000,148,0.148
11,0.11,97,1000,169,0.169
11,0.11,98,1000,181,0.181
11,0.11,99,1000,155,0.155
11,0.11,100,1000,174,0.174
11,0.115,1,1000,225,0.225
11,0.115,2,1000,216,0.216
11,0.115,3,1000,200,0.2
11,0.115,4,1000,208,0.208
11,0.115,5,1000,187,0.187
11,0.115,6,1000,183,0.183
11,0.115,7,1000,206,0.206
11,0.115,8,1000,200,0.2
11,0.115,9,1000,209,0.209
11,0.115,10,1000,194,0.194
11,0.115,11,1000,177,0.177
11,0.115,12,1000,226,0.226
11,0.115,13,1000,198,0.198
11,0.115,14,1000,181,0.181
11,0.115,15,1000,168,0.168
11,0.115,16,1000,201,0.201
11,0.115,17,1000,196,0.196
11,0.115,18,1000,217,0.217
11,0.115,19,1000,189,0.189
11,0.115,20,1000,197,0.197
11,0.115,21,1000,197,0.197
11,0.115,22,1000,183,0.183
11,0.115,23,1000,197,0.197
11,0.115,24,1000,176,0.176
11,0.115,25,1000,201,0.201
11,0.115,26,1000,168,0.168
11,0.115,27,1000,206,0.206
11,0.115,28,1000,196,0.196
11,0.115,29,1000,198,0.198
11,0.115,30,1000,198,0.198
11,0.115,31,1000,182,0.182
11,0.115,32,1000,187,0.187
11,0.115,33,1000,207,0.207
11,0.115,34,1000,189,0.189
11,0.115,35,1000,210,0.21
11,0.115,36,1000,218,0.218
11,0.115,37,1000,209,0.209
11,0.115,38,1000,189,0.189
11,0.115,39,1000,216,0.216
11,0.115,40,1000,203,0.203
11,0.115,41,1000,199,0.199
11,0.115,42,1000,203,0.203
11,0.115,43,1000,205,0.205
11,0.115,44,1000,210,0.21
11,0.115,45,1000,190,0.19
11,0.115,46,1000,212,0.212
11,0.115,47,1000,167,0.167
11,0.115,48,1000,166,0.166
11,0.115,49,1000,167,0.167
11,0.115,50,1000,206,0.206
11,0.115,51,1000,193,0.193
11,0.115,52,1000,179,0.179
11,0.115,53,1000,177,0.177
11,0.115,54,1000,181,0.181
11,0.115,55,1000,196,0.196
11,0.115,56,1000,199,0.199
11,0.115,57,1000,207,0.207
11,0.115,58,1000,188,0.188
11,0.115,59,1000,202,0.202
11,0.115,60,1000,209,0.209
11,0.115,61,1000,187,0.187
11,0.115,62,1000,189,0.189
11,0.115,63,1000,188,0.188
11,0.115,64,1000,194,0.194
11,0.115,65,1000,190,0.19
11,0.115,66,1000,212,0.212
11,0.115,67,1000,206,0.206
11,0.115,68,1000,196,0.196
11,0.115,69,1000,200,0.2
11,0.115,70,1000,210,0.21
11,0.115,71,1000,201,0.201
11,0.115,72,1000,184,0.184
11,0.115,73,1000,196,0.196
11,0.115,74,1000,200,0.2
11,0.115,75,1000,204,0.204
11,0.115,76,1000,202,0.202
11,0.115,77,1000,185,0.185
11,0.115,78,1000,202,0.202
11,0.115,79,1000,186,0.186
11,0.115,80,1000,204,0.204
11,0.115,81,1000,178,0.178
11,0.115,82,1000,177,0.177
11,0.115,83,1000,192,0.192
11,0.115,84,1000,174,0.174
11,0.115,85,1000,203,0.203
11,0.115,86,1000,190,0.19
11,0.115,87,1000,164,0.164
11,0.115,88,1000,195,0.195
11,0.115,89,1000,193,0.193
11,0.115,90,1000,197,0.197
11,0.115,91,1000,189,0.189
11,0.115,92,1000,217,0.217
11,0.115,93,1000,199,0.199
11,0.115,94,1000,167,0.167
11,0.115,95,1000,192,0.192
11,0.115,96,1000,182,0.182
11,0.115,97,1000,183,0.183
11,0.115,98,1000,188,0.188
11,0.115,99,1000,198,0.198
11,0.115,100,1000,194,0.194
11,0.12,1,1000,211,0.211
11,0.12,2,1000,226,0.226
11,0.12,3,1000,202,0.202
11,0.12,4,1000,217,0.217
11,0.12,5,1000,219,0.219
11,0.12,6,1000,227,0.227
11,0.12,7,1000,221,0.221
11,0.12,8,1000,211,0.211
11,0.12,9,1000,247,0.247
11,0.12,10,1000,214,0.214
11,0.12,11,1000,212,0.212
11,0.12,12,1000,215,0.215
11,0.12,13,1000,219,0.219
11,0.12,14,1000,239,0.239
11,0.12,15,1000,202,0.202
11,0.12,16,1000,206,0.206
11,0.12,17,1000,223,0.223
11,0.12,18,1000,219,0.219
11,0.12,19,1000,226,0.226
11,0.12,20,1000,217,0.217
11,0.12,21,1000,228,0.228
11,0.12,22,1000,209,0.209
11,0.12,23,1000,226,0.226
11,0.12,24,1000,212,0.212
11,0.12,25,1000,215,0.215
11,0.12,26,1000,216,0.216
11,0.12,27,1000,212,0.212
11,0.12,28,1000,222,0.222
11,0.12,29,1000,226,0.226
11,0.12,30,1000,237,0.237
11,0.12,31,1000,212,0.212
11,0.12,32,1000,241,0.241
11,0.12,33,1000,205,0.205
11,0.12,34,1000,225,0.225
11,0.12,35,1000,237,0.237
11,0.12,36,1000,208,0.208
11,0.12,37,1000,218,0.218
11,0.12,38,1000,227,0.227
11,0.12,39,1000,219,0.219
11,0.12,40,1000,215,0.215
11,0.12,41,1000,218,0.218
11,0.12,42,1000,219,0.219
11,0.12,43,1000,198,0.198
11,0.12,44,1000,230,0.23
11,0.12,45,1000,229,0.229
11,0.12,46,1000,212,0.212
11,0.12,47,1000,230,0.23
11,0.12,48,1000,228,0.228
11,0.12,49,1000,230,0.23
11,0.12,50,1000,206,0.206
11,0.12,51,1000,190,0.19
11,0.12,52,1000,236,0.236
11,0.12,53,1000,231,0.231
11,0.12,54,1000,231,0.231
11,0.12,55,1000,211,0.211
11,0.12,56,1000,228,0.228
11,0.12,57,1000,225,0.225
11,0.12,58,1000,245,0.245
11,0.12,59,1000,182,0.182
11,0.12,60,1000,218,0.218
11,0.12,61,1000,240,0.24
11,0.12,62,1000,216,0.216
11,0.12,63,1000,218,0.218
11,0.12,64,1000,225,0.225
11,0.12,65,1000,212,0.212
11,0.12,66,1000,230,0.23
11,0.12,67,1000,215,0.215
11,0.12,68,1000,203,0.203
11,0.12,69,1000,210,0.21
11,0.12,70,1000,234,0.234
11,0.12,71,1000,225,0.225
11,0.12,72,1000,177,0.177
11,0.12,73,1000,221,0.221
11,0.12,74,1000,204,0.204
11,0.12,75,1000,213,0.213
11,0.12,76,1000,200,0.2
11,0.12,77,1000,205,0.205
11,0.12,78,1000,203,0.203
11,0.12,79,1000,217,0.217
11,0.12,80,1000,214,0.214
11,0.12,81,1000,221,0.221
11,0.12,82,1000,240,0.24
11,0.12,83,1000,211,0.211
11,0.12,84,1000,235,0.235
11,0.12,85,1000,218,0.218
11,0.12,86,1000,226,0.226
11,0.12,87,1000,211,0.211
11,0.12,88,1000,245,0.245
11,0.12,89,1000,229,0.229
11,0.12,90,1000,217,0.217
11,0.12,91,1000,242,0.242
11,0.12,92,1000,227,0.227
11,0.12,93,1000,210,0.21
11,0.12,94,1000,217,0.217
11,0.12,95,1000,233,0.233
11,0.12,96,1000,226,0.226
11,0.12,97,1000,223,0.223
11,0.12,98,1000,217,0.217
11,0.12,99,1000,224,0.224
11,0.12,100,1000,226,0.226
11,0.125,1,1000,247,0.247
11,0.125,2,1000,261,0.261
11,0.125,3,1000,257,0.257
11,0.125,4,1000,248,0.248
11,0.125,5,1000,228,0.228
11,0.125,6,1000,241,0.241
11,0.125,7,1000,255,0.255
11,0.125,8,1000,239,0.239
11,0.125,9,1000,233,0.233
11,0.125,10,1000,270,0.27
11,0.125,11,1000,247,0.247
11,0.125,12,1000,259,0.259
11,0.125,13,1000,261,0.261
11,0.125,14,1000,251,0.251
11,0.125,15,1000,244,0.244
11,0.125,16,1000,233,0.233
11,0.125,17,1000,242,0.242
11,0.125,18,1000,238,0.238
11,0.125,19,1000,246,0.246
11,0.125,20,1000,231,0.231
11,0.125,21,1000,225,0.225
11,0.125,22,1000,232,0.232
11,0.125,23,1000,242,0.242
11,0.125,24,1000,254,0.254
11,0.125,25,1000,249,0.249
11,0.125,26,1000,251,0.251
11,0.125,27,1000,225,0.225
11,0.125,28,1000,262,0.262
11,0.125,29,1000,248,0.248
11,0.125,30,1000,248,0.248
11,0.125,31,1000,209,0.209
11,0.125,32,1000,249,0.249
11,0.125,33,1000,262,0.262
11,0.125,34,1000,250,0.25
11,0.125,35,1000,257,0.257
11,0.125,36,1000,249,0.249
11,0.125,37,1000,233,0.233
11,0.125,38,1000,247,0.247
11,0.125,39,1000,251,0.251
11,0.125,40,1000,237,0.237
11,0.125,41,1000,234,0.234
11,0.125,42,1000,240,0.24
11,0.125,43,1000,252,0.252
11,0.125,44,1000,237,0.237
11,0.125,45,1000,236,0.236
11,0.125,46,1000,244,0.244
11,0.125,47,1000,248,0.248
11,0.125,48,1000,245,0.245
11,0.125,49,1000,226,0.226
11,0.125,50,1000,236,0.236
11,0.125,51,1000,240,0.24
11,0.125,52,1000,243,0.243
11,0.125,53,1000,230,0.23
11,0.125,54,1000,251,0.251
11,0.125,55,1000,243,0.243
11,0.125,56,1000,244,0.244
11,0.125,57,1000,243,0.243
11,0.125,58,1000,249,0.249
11,0.125,59,1000,244,0.244
11,0.125,60,1000,242,0.242
11,0.125,61,1000,253,0.253
11,0.125,62,1000,228,0.228
11,0.125,63,1000,252,0.252
11,0.125,64,1000,243,0.243
11,0.125,65,1000,242,0.242
11,0.125,66,1000,270,0.27
11,0.125,67,1000,265,0.265
11,0.125,68,1000,231,0.231
11,0.125,69,1000,256,0.256
11,0.125,70,1000,251,0.251
11,0.125,71,1000,243,0.243
11,0.125,72,1000,232,0.232
11,0.125,73,1000,249,0.249
11,0.125,74,1000,262,0.262
11,0.125,75,1000,239,0.239
11,0.125,76,1000,263,0.263
11,0.125,77,1000,239,0.239
11,0.125,78,1000,265,0.265
11,0.125,79,1000,237,0.237
11,0.125,80,1000,251,0.251
11,0.125,81,1000,239,0.239
11,0.125,82,1000,239,0.239
11,0.125,83,1000,228,0.228
11,0.125,84,1000,258,0.258
11,0.125,85,1000,282,0.282
11,0.125,86,1000,260,0.26
11,0.125,87,1000,261,0.261
11,0.125,88,1000,237,0.237
11,0.125,89,1000,248,0.248
11,0.125,90,1000,265,0.265
11,0.125,91,1000,233,0.233
11,0.125,92,1000,251,0.251
11,0.125,93,1000,254,0.254
11,0.125,94,1000,251,0.251
11,0.125,95,1000,228,0.228
11,0.125,96,1000,250,0.25
11,0.125,97,1000,229,0.229
11,0.125,98,1000,259,0.259
11,0.125,99,1000,228,0.228
11,0.125,100,1000,239,0.239
11,0.13,1,1000,276,0.276
11,0.13,2,1000,302,0.302
11,0.13,3,1000,280,0.28
11,0.13,4,1000,266,0.266
11,0.13,5,1000,277,0.277
11,0.13,6,1000,298,0.298
11,0.13,7,1000,281,0.281
11,0.13,8,1000,292,0.292
11,0.13,9,1000,267,0.267
11,0.13,10,1000,286,0.286
11,0.13,11,1000,271,0.271
11,0.13,12,1000,288,0.288
11,0.13,13,1000,280,0.28
11,0.13,14,1000,275,0.275
11,0.13,15,1000,285,0.285
11,0.13,16,1000,262,0.262
11,0.13,17,1000,271,0.271
11,0.13,18,1000,281,0.281
11,0.13,19,1000,284,0.284
11,0.13,20,1000,272,0.272
11,0.13,21,1000,287,0.287
11,0.13,22,1000,272,0.272
11,0.13,23,1000,269,0.269
11,0.13,24,1000,287,0.287
11,0.13,25,1000,280,0.28
11,0.13,26,1000,290,0.29
11,0.13,27,1000,265,0.265
11,0.13,28,1000,262,0.262
11,0.13,29,1000,279,0.279
11,0.13,30,1000,252,0.252
11,0.13,31,1000,287,0.287
11,0.13,32,1000,268,0.268
11,0.13,33,1000,282,0.282
11,0.13,34,1000,291,0.291
11,0.13,35,1000,285,0.285
11,0.13,36,1000,255,0.255
11,0.13,37,1000,265,0.265
11,0.13,38,1000,270,0.27
11,0.13,39,1000,271,0.271
11,0.13,40,1000,272,0.272
11,0.13,41,1000,267,0.267
11,0.13,42,1000,266,0.266
11,0.13,43,1000,247,0.247
11,0.13,44,1000,266,0.266
11,0.13,45,1000,289,0.289
11,0.13,46,1000,282,0.282
11,0.13,47,1000,296,0.296
11,0.13,48,1000,281,0.281
11,0.13,49,1000,277,0.277
11,0.13,50,1000,280,0.28
11,0.13,51,1000,257,0.257
11,0.13,52,1000,257,0.257
11,0.13,53,1000,272,0.272
11,0.13,54,1000,279,0.279
11,0.13,55,1000,273,0.273
11,0.13,56,1000,304,0.304
11,0.13,57,1000,290,0.29
11,0.13,58,1000,265,0.265
11,0.13,59,1000,284,0.284
11,0.13,60,1000,263,0.263
11,0.13,61,1000,265,0.265
11,0.13,62,1000,288,0.288
11,0.13,63,1000,281,0.281
11,0.13,64,1000,254,0.254
11,0.13,65,1000,272,0.272
11,0.13,66,1000,276,0.276
11,0.13,67,1000,267,0.267
11,0.13,68,1000,273,0.273
11,0.13,69,1000,268,0.268
11,0.13,70,1000,282,0.282
11,0.13,71,1000,265,0.265
11,0.13,72,1000,269,0.269
11,0.13,73,1000,270,0.27
11,0.13,74,1000,284,0.284
11,0.13,75,1000,278,0.278
11,0.13,76,1000,261,0.261
11,0.13,77,1000,278,0.278
11,0.13,78,1000,263,0.263
11,0.13,79,1000,256,0.256
11,0.13,80,1000,272,0.272
11,0.13,81,1000,294,0.294
11,0.13,82,1000,259,0.259
11,0.13,83,1000,269,0.269
11,0.13,84,1000,273,0.273
11,0.13,85,1000,280,0.28
11,0.13,86,1000,245,0.245
11,0.13,87,1000,291,0.291
11,0.13,88,1000,281,0.281
11,0.13,89,1000,265,0.265
11,0.13,90,1000,273,0.273
11,0.13,91,1000,256,0.256
11,0.13,92,1000,277,0.277
11,0.13,93,1000,290,0.29
11,0.13,94,1000,283,0.283
11,0.13,95,1000,296,0.296
11,0.13,96,1000,267,0.267
11,0.13,97,1000,280,0.28
11,0.13,98,1000,278,0.278
11,0.13,99,1000,268,0.268
11,0.13,100,1000,296,0.296
11,0.135,1,1000,299,0.299
11,0.135,2,1000,294,0.294
11,0.135,3,1000,319,0.319
11,0.135,4,1000,300,0.3
11,0.135,5,1000,273,0.273
11,0.135,6,1000,279,0.279
11,0.135,7,1000,281,0.281
11,0.135,8,1000,311,0.311
11,0.135,9,1000,302,0.302
11,0.135,10,1000,297,0.297
11,0.135,11,1000,304,0.304
11,0.135,12,1000,315,0.315
11,0.135,13,1000,290,0.29
11,0.135,14,1000,305,0.305
11,0.135,15,1000,287,0.287
11,0.135,16,1000,297,0.297
11,0.135,17,1000,295,0.295
11,0.135,18,1000,299,0.299
11,0.135,19,1000,304,0.304
11,0.135,20,1000,300,0.3
11,0.135,21,1000,302,0.302
11,0.135,22,1000,308,0.308
11,0.135,23,1000,311,0.311
11,0.135,24,1000,303,0.303
11,0.135,25,1000,313,0.313
11,0.135,26,1000,294,0.294
11,0.135,27,1000,296,0.296
11,0.135,28,1000,312,0.312
11,0.135,29,1000,337,0.337
11,0.135,30,1000,290,0.29
11,0.135,31,1000,336,0.336
11,0.135,32,1000,291,0.291
11,0.135,33,1000,300,0.3
11,0.135,34,1000,302,0.302
11,0.135,35,1000,285,0.285
11,0.135,36,1000,289,0.289
11,0.135,37,1000,288,0.288
11,0.135,38,1000,294,0.294
11,0.135,39,1000,283,0.283
11,0.135,40,1000,310,0.31
11,0.135,41,1000,315,0.315
11,0.135,42,1000,294,0.294
11,0.135,43,1000,276,0.276
11,0.135,44,1000,327,0.327
11,0.135,45,1000,281,0.281
11,0.135,46,1000,302,0.302
11,0.135,47,1000,300,0.3
11,0.135,48,1000,315,0.315
11,0.135,49,1000,292,0.292
11,0.135,50,1000,297,0.297
11,0.135,51,1000,294,0.294
11,0.135,52,1000,300,0.3
11,0.135,53,1000,299,0.299
11,0.135,54,1000,299,0.299
11,0.135,55,1000,307,0.307
11,0.135,56,1000,300,0.3
11,0.135,57,1000,286,0.286
11,0.135,58,1000,297,0.297
11,0.135,59,1000,301,0.301
11,0.135,60,1000,307,0.307
11,0.135,61,1000,306,0.306
11,0.135,62,1000,327,0.327
11,0.135,63,1000,283,0.283
11,0.135,64,1000,305,0.305
11,0.135,65,1000,279,0.279
11,0.135,66,1000,294,0.294
11,0.135,67,1000,296,0.296
11,0.135,68,1000,321,0.321
11,0.135,69,1000,302,0.302
11,0.135,70,1000,308,0.308
11,0.135,71,1000,326,0.326
11,0.135,72,1000,288,0.288
11,0.135,73,1000,307,0.307
11,0.135,74,1000,267,0.267
11,0.135,75,1000,292,0.292
11,0.135,76,1000,293,0.293
11,0.135,77,1000,298,0.298
11,0.135,78,1000,313,0.313
11,0.135,79,1000,336,0.336
11,0.135,80,1000,296,0.296
11,0.135,81,1000,275,0.275
11,0.135,82,1000,296,0.296
11,0.135,83,1000,296,0.296
11,0.135,84,1000,290,0.29
11,0.135,85,1000,322,0.322
11,0.135,86,1000,279,0.279
11,0.135,87,1000,292,0.292
11,0.135,88,1000,314,0.314
11,0.135,89,1000,297,0.297
11,0.135,90,1000,303,0.303
11,0.135,91,1000,287,0.287
11,0.135,92,1000,289,0.289
11,0.135,93,1000,297,0.297
11,0.135,94,1000,309,0.309
11,0.135,95,1000,314,0.314
11,0.135,96,1000,288,0.288
11,0.135,97,1000,311,0.311
11,0.135,98,1000,294,0.294
11,0.135,99,1000,289,0.289
11,0.135,100,1000,280,0.28
11,0.14,1,1000,299,0.299
11,0.14,2,1000,335,0.335
11,0.14,3,1000,355,0.355
11,0.14,4,1000,332,0.332
11,0.14,5,1000,321,0.321
11,0.14,6,1000,335,0.335
11,0.14,7,1000,316,0.316
11,0.14,8,1000,333,0.333
11,0.14,9,1000,338,0.338
11,0.14,10,1000,329,0.329
11,0.14,11,1000,322,0.322
11,0.14,12,1000,319,0.319
11,0.14,13,1000,314,0.314
11,0.14,14,1000,328,0.328
11,0.14,15,1000,304,0.304
11,0.14,16,1000,312,0.312
11,0.14,17,1000,312,0.312
11,0.14,18,1000,296,0.296
11,0.14,19,1000,315,0.315
11,0.14,20,1000,329,0.329
11,0.14,21,1000,331,0.331
11,0.14,22,1000,310,0.31
11,0.14,23,1000,309,0.309
11,0.14,24,1000,331,0.331
11,0.14,25,1000,325,0.325
11,0.14,26,1000,309,0.309
11,0.14,27,1000,315,0.315
11,0.14,28,1000,319,0.319
11,0.14,29,1000,314,0.314
11,0.14,30,1000,331,0.331
11,0.14,31,1000,328,0.328
11,0.14,32,1000,316,0.316
11,0.14,33,1000,323,0.323
11,0.14,34,1000,325,0.325
11,0.14,35,1000,298,0.298
11,0.14,36,1000,342,0.342
11,0.14,37,1000,305,0.305
11,0.14,38,1000,311,0.311
11,0.14,39,1000,323,0.323
11,0.14,40,1000,318,0.318
11,0.14,41,1000,311,0.311
11,0.14,42,1000,296,0.296
11,0.14,43,1000,307,0.307
11,0.14,44,1000,306,0.306
11,0.14,45,1000,321,0.321
11,0.14,46,1000,336,0.336
11,0.14,47,1000,355,0.355
11,0.14,48,1000,319,0.319
11,0.14,49,1000,328,0.328
11,0.14,50,1000,315,0.315
11,0.14,51,1000,342,0.342
11,0.14,52,1000,332,0.332
11,0.14,53,1000,333,0.333
11,0.14,54,1000,329,0.329
11,0.14,55,1000,342,0.342
11,0.14,56,1000,321,0.321
11,0.14,57,1000,300,0.3
11,0.14,58,1000,303,0.303
11,0.14,59,1000,335,0.335
11,0.14,60,1000,335,0.335
11,0.14,61,1000,317,0.317
11,0.14,62,1000,329,0.329
11,0.14,63,1000,337,0.337
11,0.14,64,1000,345,0.345
11,0.14,65,1000,307,0.307
11,0.14,66,1000,333,0.333
11,0.14,67,1000,323,0.323
11,0.14,68,1000,317,0.317
11,0.14,69,1000,320,0.32
11,0.14,70,1000,303,0.303
11,0.14,71,1000,325,0.325
11,0.14,72,1000,333,0.333
11,0.14,73,1000,324,0.324
11,0.14,74,1000,292,0.292
11,0.14,75,1000,316,0.316
11,0.14,76,1000,333,0.333
11,0.14,77,1000,314,0.314
11,0.14,78,1000,311,0.311
11,0.14,79,1000,325,0.325
11,0.14,80,1000,317,0.317
11,0.14,81,1000,317,0.317
11,0.14,82,1000,328,0.328
11,0.14,83,1000,326,0.326
11,0.14,84,1000,322,0.322
11,0.14,85,1000,308,0.308
11,0.14,86,1000,309,0.309
11,0.14,87,1000,295,0.295
11,0.14,88,1000,330,0.33
11,0.14,89,1000,319,0.319
11,0.14,90,1000,305,0.305
11,0.14,91,1000,296,0.296
11,0.14,92,1000,311,0.311
11,0.14,93,1000,330,0.33
11,0.14,94,1000,309,0.309
11,0.14,95,1000,311,0.311
11,0.14,96,1000,319,0.319
11,0.14,97,1000,310,0.31
11,0.14,98,1000,328,0.328
11,0.14,99,1000,305,0.305
11,0.14,100,1000,310,0.31
11,0.145,1,1000,331,0.331
11,0.145,2,1000,340,0.34
11,0.145,3,1000,335,0.335
11,0.145,4,1000,350,0.35
11,0.145,5,1000,320,0.32
11,0.145,6,1000,337,0.337
11,0.145,7,1000,344,0.344
11,0.145,8,1000,337,0.337
11,0.145,9,1000,368,0.368
11,0.145,10,1000,343,0.343
11,0.145,11,1000,363,0.363
11,0.145,12,1000,340,0.34
11,0.145,13,1000,358,0.358
11,0.145,14,1000,340,0.34
11,0.145,15,1000,312,0.312
11,0.145,16,1000,321,0.321
11,0.145,17,1000,351,0.351
11,0.145,18,1000,370,0.37
11,0.145,19,1000,359,0.359
11,0.145,20,1000,344,0.344
11,0.145,21,1000,385,0.385
11,0.145,22,1000,341,0.341
11,0.145,23,1000,338,0.338
11,0.145,24,1000,342,0.342
11,0.145,25,1000,338,0.338
11,0.145,26,1000,380,0.38
11,0.145,27,1000,336,0.336
11,0.145,28,1000,326,0.326
11,0.145,29,1000,318,0.318
11,0.145,30,1000,315,0.315
11,0.145,31,1000,345,0.345
11,0.145,32,1000,346,0.346
11,0.145,33,1000,337,0.337
11,0.145,34,1000,334,0.334
11,0.145,35,1000,350,0.35
11,0.145,36,1000,349,0.349
11,0.145,37,1000,349,0.349
11,0.145,38,1000,338,0.338
11,0.145,39,1000,335,0.335
11,0.145,40,1000,349,0.349
11,0.145,41,1000,314,0.314
11,0.145,42,1000,329,0.329
11,0.145,43,1000,345,0.345
11,0.145,44,1000,338,0.338
11,0.145,45,1000,331,0.331
11,0.145,46,1000,368,0.368
11,0.145,47,1000,349,0.349
11,0.145,48,1000,343,0.343
11,0.145,49,1000,326,0.326
11,0.145,50,1000,344,0.344
11,0.145,51,1000,347,0.347
11,0.145,52,1000,316,0.316
11,0.145,53,1000,329,0.329
11,0.145,54,1000,339,0.339
11,0.145,55,1000,335,0.335
11,0.145,56,1000,323,0.323
11,0.145,57,1000,330,0.33
11,0.145,58,1000,357,0.357
11,0.145,59,1000,332,0.332
11,0.145,60,1000,348,0.348
11,0.145,61,1000,363,0.363
11,0.145,62,1000,346,0.346
11,0.145,63,1000,338,0.338
11,0.145,64,1000,345,0.345
11,0.145,65,1000,340,0.34
11,0.145,66,1000,364,0.364
11,0.145,67,1000,358,0.358
11,0.145,68,1000,351,0.351
11,0.145,69,1000,362,0.362
11,0.145,70,1000,332,0.332
11,0.145,71,1000,330,0.33
11,0.145,72,1000,323,0.323
11,0.145,73,1000,331,0.331
11,0.145,74,1000,365,0.365
11,0.145,75,1000,314,0.314
11,0.145,76,1000,349,0.349
11,0.145,77,1000,322,0.322
11,0.145,78,1000,337,0.337
11,0.145,79,1000,332,0.332
11,0.145,80,1000,351,0.351
11,0.145,81,1000,360,0.36
11,0.145,82,1000,352,0.352
11,0.145,83,1000,330,0.33
11,0.145,84,1000,350,0.35
11,0.145,85,1000,337,0.337
11,0.145,86,1000,357,0.357
11,0.145,87,1000,328,0.328
11,0.145,88,1000,349,0.349
11,0.145,89,1000,341,0.341
11,0.145,90,1000,332,0.332
11,0.145,91,1000,320,0.32
11,0.145,92,1000,344,0.344
11,0.145,93,1000,337,0.337
11,0.145,94,1000,368,0.368
11,0.145,95,1000,358,0.358
11,0.145,96,1000,344,0.344
11,0.145,97,1000,312,0.312
11,0.145,98,1000,352,0.352
11,0.145,99,1000,347,0.347
11,0.145,100,1000,342,0.342
11,0.15,1,1000,358,0.358
11,0.15,2,1000,338,0.338
11,0.15,3,1000,387,0.387
11,0.15,4,1000,370,0.37
11,0.15,5,1000,347,0.347
11,0.15,6,1000,337,0.337
11,0.15,7,1000,344,0.344
11,0.15,8,1000,365,0.365
11,0.15,9,1000,384,0.384
11,0.15,10,1000,348,0.348
11,0.15,11,1000,352,0.352
11,0.15,12,1000,357,0.357
11,0.15,13,1000,351,0.351
11,0.15,14,1000,377,0.377
11,0.15,15,1000,364,0.364
11,0.15,16,1000,359,0.359
11,0.15,17,1000,375,0.375
11,0.15,18,1000,345,0.345
11,0.15,19,1000,364,0.364
11,0.15,20,1000,378,0.378
11,0.15,21,1000,362,0.362
11,0.15,22,1000,375,0.375
11,0.15,23,1000,378,0.378
11,0.15,24,1000,375,0.375
11,0.15,25,1000,384,0.384
11,0.15,26,1000,335,0.335
11,0.15,27,1000,369,0.369
11,0.15,28,1000,357,0.357
11,0.15,29,1000,361,0.361
11,0.15,30,1000,346,0.346
11,0.15,31,1000,372,0.372
11,0.15,32,1000,373,0.373
11,0.15,33,1000,368,0.368
11,0.15,34,1000,355,0.355
11,0.15,35,1000,364,0.364
11,0.15,36,1000,349,0.349
11,0.15,37,1000,367,0.367
11,0.15,38,1000,380,0.38
11,0.15,39,1000,355,0.355
11,0.15,40,1000,345,0.345
11,0.15,41,1000,368,0.368
11,0.15,42,1000,381,0.381
11,0.15,43,1000,353,0.353
11,0.15,44,1000,386,0.386
11,0.15,45,1000,374,0.374
11,0.15,46,1000,364,0.364
11,0.15,47,1000,376,0.376
11,0.15,48,1000,365,0.365
11,0.15,49,1000,360,0.36
11,0.15,50,1000,356,0.356
11,0.15,51,1000,386,0.386
11,0.15,52,1000,354,0.354
11,0.15,53,1000,379,0.379
11,0.15,54,1000,359,0.359
11,0.15,55,1000,342,0.342
11,0.15,56,1000,363,0.363
11,0.15,57,1000,384,0.384
11,0.15,58,1000,346,0.346
11,0.15,59,1000,373,0.373
11,0.15,60,1000,401,0.401
11,0.15,61,1000,361,0.361
11,0.15,62,1000,354,0.354
11,0.15,63,1000,336,0.336
11,0.15,64,1000,365,0.365
11,0.15,65,1000,345,0.345
11,0.15,66,1000,367,0.367
11,0.15,67,1000,358,0.358
11,0.15,68,1000,379,0.379
11,0.15,69,1000,359,0.359
11,0.15,70,1000,380,0.38
11,0.15,71,1000,373,0.373
11,0.15,72,1000,401,0.401
11,0.15,73,1000,385,0.385
11,0.15,74,1000,376,0.376
11,0.15,75,1000,371,0.371
11,0.15,76,1000,380,0.38
11,0.15,77,1000,367,0.367
11,0.15,78,1000,340,0.34
11,0.15,79,1000,336,0.336
11,0.15,80,1000,352,0.352
11,0.15,81,1000,377,0.377
11,0.15,82,1000,384,0.384
11,0.15,83,1000,362,0.362
11,0.15,84,1000,376,0.376
11,0.15,85,1000,334,0.334
11,0.15,86,1000,336,0.336
11,0.15,87,1000,365,0.365
11,0.15,88,1000,346,0.346
11,0.15,89,1000,367,0.367
11,0.15,90,1000,370,0.37
11,0.15,91,1000,363,0.363
11,0.15,92,1000,363,0.363
11,0.15,93,1000,369,0.369
11,0.15,94,1000,346,0.346
11,0.15,95,1000,357,0.357
11,0.15,96,1000,352,0.352
11,0.15,97,1000,344,0.344
11,0.15,98,1000,354,0.354
11,0.15,99,1000,372,0.372
11,0.15,100,1000,367,0.367
11,0.155,1,1000,372,0.372
11,0.155,2,1000,380,0.38
11,0.155,3,1000,371,0.371
11,0.155,4,1000,394,0.394
11,0.155,5,1000,375,0.375
11,0.155,6,1000,408,0.408
11,0.155,7,1000,407,0.407
11,0.155,8,1000,372,0.372
11,0.155,9,1000,367,0.367
11,0.155,10,1000,391,0.391
11,0.155,11,1000,379,0.379
11,0.155,12,1000,377,0.377
11,0.155,13,1000,378,0.378
11,0.155,14,1000,383,0.383
11,0.155,15,1000,365,0.365
11,0.155,16,1000,373,0.373
11,0.155,17,1000,377,0.377
11,0.155,18,1000,374,0.374
11,0.155,19,1000,373,0.373
11,0.155,20,1000,383,0.383
11,0.155,21,1000,388,0.388
11,0.155,22,1000,370,0.37
11,0.155,23,1000,399,0.399
11,0.155,24,1000,403,0.403
11,0.155,25,1000,376,0.376
11,0.155,26,1000,370,0.37
11,0.155,27,1000,384,0.384
11,0.155,28,1000,381,0.381
11,0.155,29,1000,373,0.373
11,0.155,30,1000,388,0.388
11,0.155,31,1000,396,0.396
11,0.155,32,1000,367,0.367
11,0.155,33,1000,374,0.374
11,0.155,34,1000,395,0.395
11,0.155,35,1000,373,0.373
11,0.155,36,1000,398,0.398
11,0.155,37,1000,382,0.382
11,0.155,38,1000,399,0.399
11,0.155,39,1000,389,0.389
11,0.155,40,1000,401,0.401
11,0.155,41,1000,417,0.417
11,0.155,42,1000,383,0.383
11,0.155,43,1000,383,0.383
11,0.155,44,1000,375,0.375
11,0.155,45,1000,407,0.407
11,0.155,46,1000,387,0.387
11,0.155,47,1000,379,0.379
11,0.155,48,1000,383,0.383
11,0.155,49,1000,402,0.402
11,0.155,50,1000,372,0.372
11,0.155,51,1000,371,0.371
11,0.155,52,1000,374,0.374
11,0.155,53,1000,393,0.393
11,0.155,54,1000,396,0.396
11,0.155,55,1000,356,0.356
11,0.155,56,1000,373,0.373
11,0.155,57,1000,355,0.355
11,0.155,58,1000,383,0.383
11,0.155,59,1000,398,0.398
11,0.155,60,1000,371,0.371
11,0.155,61,1000,369,0.369
11,0.155,62,1000,403,0.403
11,0.155,63,1000,400,0.4
11,0.155,64,1000,408,0.408
11,0.155,65,1000,356,0.356
11,0.155,66,1000,398,0.398
11,0.155,67,1000,378,0.378
11,0.155,68,1000,370,0.37
11,0.155,69,1000,385,0.385
11,0.155,70,1000,387,0.387
11,0.155,71,1000,363,0.363
11,0.155,72,1000,383,0.383
11,0.155,73,1000,408,0.408
11,0.155,74,1000,406,0.406
11,0.155,75,1000,404,0.404
11,0.155,76,1000,371,0.371
11,0.155,77,1000,361,0.361
11,0.155,78,1000,387,0.387
11,0.155,79,1000,377,0.377
11,0.155,80,1000,376,0.376
11,0.155,81,1000,393,0.393
11,0.155,82,1000,374,0.374
11,0.155,83,1000,366,0.366
11,0.155,84,1000,375,0.375
11,0.155,85,1000,405,0.405
11,0.155,86,1000,380,0.38
11,0.155,87,1000,392,0.392
11,0.155,88,1000,394,0.394
11,0.155,89,1000,378,0.378
11,0.155,90,1000,380,0.38
11,0.155,91,1000,348,0.348
11,0.155,92,1000,389,0.389
11,0.155,93,1000,369,0.369
11,0.155,94,1000,379,0.379
11,0.155,95,1000,386,0.386
11,0.155,96,1000,383,0.383
11,0.155,97,1000,359,0.359
11,0.155,98,1000,374,0.374
11,0.155,99,1000,386,0.386
11,0.155,100,1000,375,0.375
11,0.16,1,1000,384,0.384
11,0.16,2,1000,375,0.375
11,0.16,3,1000,423,0.423
11,0.16,4,1000,398,0.398
11,0.16,5,1000,407,0.407
11,0.16,6,1000,404,0.404
11,0.16,7,1000,394,0.394
11,0.16,8,1000,401,0.401
11,0.16,9,1000,390,0.39
11,0.16,10,1000,408,0.408
11,0.16,11,1000,399,0.399
11,0.16,12,1000,379,0.379
11,0.16,13,1000,416,0.416
11,0.16,14,1000,381,0.381
11,0.16,15,1000,366,0.366
11,0.16,16,1000,405,0.405
11,0.16,17,1000,378,0.378
11,0.16,18,1000,380,0.38
11,0.16,19,1000,392,0.392
11,0.16,20,1000,402,0.402
11,0.16,21,1000,405,0.405
11,0.16,22,1000,402,0.402
11,0.16,23,1000,398,0.398
11,0.16,24,1000,382,0.382
11,0.16,25,1000,381,0.381
11,0.16,26,1000,383,0.383
11,0.16,27,1000,387,0.387
11,0.16,28,1000,400,0.4
11,0.16,29,1000,404,0.404
11,0.16,30,1000,375,0.375
11,0.16,31,1000,418,0.418
11,0.16,32,1000,395,0.395
11,0.16,33,1000,398,0.398
11,0.16,34,1000,377,0.377
11,0.16,35,1000,405,0.405
11,0.16,36,1000,415,0.415
11,0.16,37,1000,408,0.408
11,0.16,38,1000,397,0.397
11,0.16,39,1000,394,0.394
11,0.16,40,1000,413,0.413
11,0.16,41,1000,410,0.41
11,0.16,42,1000,404,0.404
11,0.16,43,1000,384,0.384
11,0.16,44,1000,403,0.403
11,0.16,45,1000,388,0.388
11,0.16,46,1000,400,0.4
11,0.16,47,1000,392,0.392
11,0.16,48,1000,378,0.378
11,0.16,49,1000,409,0.409
11,0.16,50,1000,400,0.4
11,0.16,51,1000,399,0.399
11,0.16,52,1000,396,0.396
11,0.16,53,1000,378,0.378
11,0.16,54,1000,386,0.386
11,0.16,55,1000,426,0.426
11,0.16,56,1000,389,0.389
11,0.16,57,1000,395,0.395
11,0.16,58,1000,391,0.391
11,0.16,59,1000,400,0.4
11,0.16,60,1000,392,0.392
11,0.16,61,1000,402,0.402
11,0.16,62,1000,391,0.391
11,0.16,63,1000,373,0.373
11,0.16,64,1000,386,0.386
11,0.16,65,1000,405,0.405
11,0.16,66,1000,370,0.37
11,0.16,67,1000,397,0.397
11,0.16,68,1000,375,0.375
11,0.16,69,1000,410,0.41
11,0.16,70,1000,373,0.373
11,0.16,71,1000,400,0.4
11,0.16,72,1000,422,0.422
11,0.16,73,1000,403,0.403
11,0.16,74,1000,400,0.4
11,0.16,75,1000,409,0.409
11,0.16,76,1000,394,0.394
11,0.16,77,1000,375,0.375
11,0.16,78,1000,426,0.426
11,0.16,79,1000,396,0.396
11,0.16,80,1000,382,0.382
11,0.16,81,1000,399,0.399
11,0.16,82,1000,429,0.429
11,0.16,83,1000,401,0.401
11,0.16,84,1000,395,0.395
11,0.16,85,1000,431,0.431
11,0.16,86,1000,390,0.39
11,0.16,87,1000,399,0.399
11,0.16,88,1000,391,0.391
11,0.16,89,1000,388,0.388
11,0.16,90,1000,410,0.41
11,0.16,91,1000,394,0.394
11,0.16,92,1000,418,0.418
11,0.16,93,1000,405,0.405
11,0.16,94,1000,382,0.382
11,0.16,95,1000,382,0.382
11,0.16,96,1000,404,0.404
11,0.16,97,1000,387,0.387
11,0.16,98,1000,427,0.427
11,0.16,99,1000,392,0.392
11,0.16,100,1000,375,0.375
13,0.0,1,1000,0,0.0
13,0.0,2,1000,0,0.0
13,0.0,3,1000,0,0.0
13,0.0,4,1000,0,0.0
13,0.0,5,1000,0,0.0
13,0.0,6,1000,0,0.0
13,0.0,7,1000,0,0.0
13,0.0,8,1000,0,0.0
13,0.0,9,1000,0,0.0
13,0.0,10,1000,0,0.0
13,0.0,11,1000,0,0.0
13,0.0,12,1000,0,0.0
13,0.0,13,1000,0,0.0
13,0.0,14,1000,0,0.0
13,0.0,15,1000,0,0.0
13,0.0,16,1000,0,0.0
13,0.0,17,1000,0,0.0
13,0.0,18,1000,0,0.0
13,0.0,19,1000,0,0.0
13,0.0,20,1000,0,0.0
13,0.0,21,1000,0,0.0
13,0.0,22,1000,0,0.0
13,0.0,23,1000,0,0.0
13,0.0,24,1000,0,0.0
13,0.0,25,1000,0,0.0
13,0.0,26,1000,0,0.0
13,0.0,27,1000,0,0.0
13,0.0,28,1000,0,0.0
13,0.0,29,1000,0,0.0
13,0.0,30,1000,0,0.0
13,0.0,31,1000,0,0.0
13,0.0,32,1000,0,0.0
13,0.0,33,1000,0,0.0
13,0.0,34,1000,0,0.0
13,0.0,35,1000,0,0.0
13,0.0,36,1000,0,0.0
13,0.0,37,1000,0,0.0
13,0.0,38,1000,0,0.0
13,0.0,39,1000,0,0.0
13,0.0,40,1000,0,0.0
13,0.0,41,1000,0,0.0
13,0.0,42,1000,0,0.0
13,0.0,43,1000,0,0.0
13,0.0,44,1000,0,0.0
13,0.0,45,1000,0,0.0
13,0.0,46,1000,0,0.0
13,0.0,47,1000,0,0.0
13,0.0,48,1000,0,0.0
13,0.0,49,1000,0,0.0
13,0.0,50,1000,0,0.0
13,0.0,51,1000,0,0.0
13,0.0,52,1000,0,0.0
13,0.0,53,1000,0,0.0
13,0.0,54,1000,0,0.0
13,0.0,55,1000,0,0.0
13,0.0,56,1000,0,0.0
13,0.0,57,1000,0,0.0
13,0.0,58,1000,0,0.0
13,0.0,59,1000,0,0.0
13,0.0,60,1000,0,0.0
13,0.0,61,1000,0,0.0
13,0.0,62,1000,0,0.0
13,0.0,63,1000,0,0.0
13,0.0,64,1000,0,0.0
13,0.0,65,1000,0,0.0
13,0.0,66,1000,0,0.0
13,0.0,67,1000,0,0.0
13,0.0,68,1000,0,0.0
13,0.0,69,1000,0,0.0
13,0.0,70,1000,0,0.0
13,0.0,71,1000,0,0.0
13,0.0,72,1000,0,0.0
13,0.0,73,1000,0,0.0
13,0.0,74,1000,0,0.0
13,0.0,75,1000,0,0.0
13,0.0,76,1000,0,0.0
13,0.0,77,1000,0,0.0
13,0.0,78,1000,0,0.0
13,0.0,79,1000,0,0.0
13,0.0,80,1000,0,0.0
13,0.0,81,1000,0,0.0
13,0.0,82,1000,0,0.0
13,0.0,83,1000,0,0.0
13,0.0,84,1000,0,0.0
13,0.0,85,1000,0,0.0
13,0.0,86,1000,0,0.0
13,0.0,87,1000,0,0.0
13,0.0,88,1000,0,0.0
13,0.0,89,1000,0,0.0
13,0.0,90,1000,0,0.0
13,0.0,91,1000,0,0.0
13,0.0,92,1000,0,0.0
13,0.0,93,1000,0,0.0
13,0.0,94,1000,0,0.0
13,0.0,95,1000,0,0.0
13,0.0,96,1000,0,0.0
13,0.0,97,1000,0,0.0
13,0.0,98,1000,0,0.0
13,0.0,99,1000,0,0.0
13,0.0,100,1000,0,0.0
13,0.005,1,1000,0,0.0
13,0.005,2,1000,0,0.0
13,0.005,3,1000,0,0.0
13,0.005,4,1000,0,0.0
13,0.005,5,1000,0,0.0
13,0.005,6,1000,0,0.0
13,0.005,7,1000,0,0.0
13,0.005,8,1000,0,0.0
13,0.005,9,1000,0,0.0
13,0.005,10,1000,0,0.0
13,0.005,11,1000,0,0.0
13,0.005,12,1000,0,0.0
13,0.005,13,1000,0,0.0
13,0.005,14,1000,0,0.0
13,0.005,15,1000,0,0.0
13,0.005,16,1000,0,0.0
13,0.005,17,1000,0,0.0
13,0.005,18,1000,0,0.0
13,0.005,19,1000,0,0.0
13,0.005,20,1000,0,0.0
13,0.005,21,1000,0,0.0
13,0.005,22,1000,0,0.0
13,0.005,23,1000,0,0.0
13,0.005,24,1000,0,0.0
13,0.005,25,1000,0,0.0
13,0.005,26,1000,0,0.0
13,0.005,27,1000,0,0.0
13,0.005,28,1000,0,0.0
13,0.005,29,1000,0,0.0
13,0.005,30,1000,0,0.0
13,0.005,31,1000,0,0.0
13,0.005,32,1000,0,0.0
13,0.005,33,1000,0,0.0
13,0.005,34,1000,0,0.0
13,0.005,35,1000,0,0.0
13,0.005,36,1000,0,0.0
13,0.005,37,1000,0,0.0
13,0.005,38,1000,0,0.0
13,0.005,39,1000,0,0.0
13,0.005,40,1000,0,0.0
13,0.005,41,1000,0,0.0
13,0.005,42,1000,0,0.0
13,0.005,43,1000,0,0.0
13,0.005,44,1000,0,0.0
13,0.005,45,1000,0,0.0
13,0.005,46,1000,0,0.0
13,0.005,47,1000,0,0.0
13,0.005,48,1000,0,0.0
13,0.005,49,1000,0,0.0
13,0.005,50,1000,0,0.0
13,0.005,51,1000,0,0.0
13,0.005,52,1000,0,0.0
13,0.005,53,1000,0,0.0
13,0.005,54,1000,0,0.0
13,0.005,55,1000,0,0.0
13,0.005,56,1000,0,0.0
13,0.005,57,1000,0,0.0
13,0.005,58,1000,0,0.0
13,0.005,59,1000,0,0.0
13,0.005,60,1000,0,0.0
13,0.005,61,1000,0,0.0
13,0.005,62,1000,0,0.0
13,0.005,63,1000,0,0.0
13,0.005,64,1000,0,0.0
13,0.005,65,1000,0,0.0
13,0.005,66,1000,0,0.0
13,0.005,67,1000,0,0.0
13,0.005,68,1000,0,0.0
13,0.005,69,1000,0,0.0
13,0.005,70,1000,0,0.0
13,0.005,71,1000,0,0.0
13,0.005,72,1000,0,0.0
13,0.005,73,1000,0,0.0
13,0.005,74,1000,0,0.0
13,0.005,75,1000,0,0.0
13,0.005,76,1000,0,0.0
13,0.005,77,1000,0,0.0
13,0.005,78,1000,0,0.0
13,0.005,79,1000,0,0.0
13,0.005,80,1000,0,0.0
13,0.005,81,1000,0,0.0
13,0.005,82,1000,0,0.0
13,0.005,83,1000,0,0.0
13,0.005,84,1000,0,0.0
13,0.005,85,1000,0,0.0
13,0.005,86,1000,0,0.0
13,0.005,87,1000,0,0.0
13,0.005,88,1000,0,0.0
13,0.005,89,1000,0,0.0
13,0.005,90,1000,0,0.0
13,0.005,91,1000,0,0.0
13,0.005,92,1000,0,0.0
13,0.005,93,1000,0,0.0
13,0.005,94,1000,0,0.0
13,0.005,95,1000,0,0.0
13,0.005,96,1000,0,0.0
13,0.005,97,1000,0,0.0
13,0.005,98,1000,0,0.0
13,0.005,99,1000,0,0.0
13,0.005,100,1000,0,0.0
13,0.01,1,1000,0,0.0
13,0.01,2,1000,0,0.0
13,0.01,3,1000,0,0.0
13,0.01,4,1000,0,0.0
13,0.01,5,1000,0,0.0
13,0.01,6,1000,0,0.0
13,0.01,7,1000,0,0.0
13,0.01,8,1000,0,0.0
13,0.01,9,1000,0,0.0
13,0.01,10,1000,0,0.0
13,0.01,11,1000,0,0.0
13,0.01,12,1000,0,0.0
13,0.01,13,1000,0,0.0
13,0.01,14,1000,0,0.0
13,0.01,15,1000,0,0.0
13,0.01,16,1000,0,0.0
13,0.01,17,1000,0,0.0
13,0.01,18,1000,0,0.0
13,0.01,19,1000,0,0.0
13,0.01,20,1000,0,0.0
13,0.01,21,1000,0,0.0
13,0.01,22,1000,0,0.0
13,0.01,23,1000,0,0.0
13,0.01,24,1000,0,0.0
13,0.01,25,1000,0,0.0
13,0.01,26,1000,0,0.0
13,0.01,27,1000,0,0.0
13,0.01,28,1000,0,0.0
13,0.01,29,1000,0,0.0
13,0.01,30,1000,0,0.0
13,0.01,31,1000,0,0.0
13,0.01,32,1000,0,0.0
13,0.01,33,1000,0,0.0
13,0.01,34,1000,0,0.0
13,0.01,35,1000,0,0.0
13,0.01,36,1000,0,0.0
13,0.01,37,1000,0,0.0
13,0.01,38,1000,0,0.0
13,0.01,39,1000,0,0.0
13,0.01,40,1000,0,0.0
13,0.01,41,1000,0,0.0
13,0.01,42,1000,0,0.0
13,0.01,43,1000,0,0.0
13,0.01,44,1000,0,0.0
13,0.01,45,1000,0,0.0
13,0.01,46,1000,0,0.0
13,0.01,47,1000,0,0.0
13,0.01,48,1000,0,0.0
13,0.01,49,1000,0,0.0
13,0.01,50,1000,0,0.0
13,0.01,51,1000,0,0.0
13,0.01,52,1000,0,0.0
13,0.01,53,1000,0,0.0
13,0.01,54,1000,0,0.0
13,0.01,55,1000,0,0.0
13,0.01,56,1000,0,0.0
13,0.01,57,1000,0,0.0
13,0.01,58,1000,0,0.0
13,0.01,59,1000,0,0.0
13,0.01,60,1000,0,0.0
13,0.01,61,1000,0,0.0
13,0.01,62,1000,0,0.0
13,0.01,63,1000,0,0.0
13,0.01,64,1000,0,0.0
13,0.01,65,1000,0,0.0
13,0.01,66,1000,0,0.0
13,0.01,67,1000,0,0.0
13,0.01,68,1000,0,0.0
13,0.01,69,1000,0,0.0
13,0.01,70,1000,0,0.0
13,0.01,71,1000,0,0.0
13,0.01,72,1000,0,0.0
13,0.01,73,1000,0,0.0
13,0.01,74,1000,0,0.0
13,0.01,75,1000,0,0.0
13,0.01,76,1000,0,0.0
13,0.01,77,1000,0,0.0
13,0.01,78,1000,0,0.0
13,0.01,79,1000,0,0.0
13,0.01,80,1000,0,0.0
13,0.01,81,1000,0,0.0
13,0.01,82,1000,0,0.0
13,0.01,83,1000,0,0.0
13,0.01,84,1000,0,0.0
13,0.01,85,1000,0,0.0
13,0.01,86,1000,0,0.0
13,0.01,87,1000,0,0.0
13,0.01,88,1000,0,0.0
13,0.01,89,1000,0,0.0
13,0.01,90,1000,0,0.0
13,0.01,91,1000,0,0.0
13,0.01,92,1000,0,0.0
13,0.01,93,1000,0,0.0
13,0.01,94,1000,0,0.0
13,0.01,95,1000,0,0.0
13,0.01,96,1000,0,0.0
13,0.01,97,1000,0,0.0
13,0.01,98,1000,0,0.0
13,0.01,99,1000,0,0.0
13,0.01,100,1000,0,0.0
13,0.015,1,1000,0,0.0
13,0.015,2,1000,0,0.0
13,0.015,3,1000,0,0.0
13,0.015,4,1000,0,0.0
13,0.015,5,1000,0,0.0
13,0.015,6,1000,0,0.0
13,0.015,7,1000,0,0.0
13,0.015,8,1000,0,0.0
13,0.015,9,1000,0,0.0
13,0.015,10,1000,0,0.0
13,0.015,11,1000,0,0.0
13,0.015,12,1000,0,0.0
13,0.015,13,1000,0,0.0
13,0.015,14,1000,0,0.0
13,0.015,15,1000,0,0.0
13,0.015,16,1000,0,0.0
13,0.015,17,1000,0,0.0
13,0.015,18,1000,0,0.0
13,0.015,19,1000,0,0.0
13,0.015,20,1000,0,0.0
13,0.015,21,1000,0,0.0
13,0.015,22,1000,0,0.0
13,0.015,23,1000,0,0.0
13,0.015,24,1000,0,0.0
13,0.015,25,1000,0,0.0
13,0.015,26,1000,0,0.0
13,0.015,27,1000,0,0.0
13,0.015,28,1000,0,0.0
13,0.015,29,1000,0,0.0
13,0.015,30,1000,0,0.0
13,0.015,31,1000,0,0.0
13,0.015,32,1000,0,0.0
13,0.015,33,1000,0,0.0
13,0.015,34,1000,0,0.0
13,0.015,35,1000,0,0.0
13,0.015,36,1000,0,0.0
13,0.015,37,1000,0,0.0
13,0.015,38,1000,0,0.0
13,0.015,39,1000,0,0.0
13,0.015,40,1000,0,0.0
13,0.015,41,1000,0,0.0
13,0.015,42,1000,0,0.0
13,0.015,43,1000,0,0.0
13,0.015,44,1000,0,0.0
13,0.015,45,1000,0,0.0
13,0.015,46,1000,0,0.0
13,0.015,47,1000,0,0.0
13,0.015,48,1000,0,0.0
13,0.015,49,1000,0,0.0
13,0.015,50,1000,0,0.0
13,0.015,51,1000,0,0.0
13,0.015,52,1000,0,0.0
13,0.015,53,1000,0,0.0
13,0.015,54,1000,0,0.0
13,0.015,55,1000,0,0.0
13,0.015,56,1000,0,0.0
13,0.015,57,1000,0,0.0
13,0.015,58,1000,0,0.0
13,0.015,59,1000,0,0.0
13,0.015,60,1000,0,0.0
13,0.015,61,1000,0,0.0
13,0.015,62,1000,0,0.0
13,0.015,63,1000,0,0.0
13,0.015,64,1000,0,0.0
13,0.015,65,1000,0,0.0
13,0.015,66,1000,0,0.0
13,0.015,67,1000,0,0.0
13,0.015,68,1000,0,0.0
13,0.015,69,1000,0,0.0
13,0.015,70,1000,0,0.0
13,0.015,71,1000,0,0.0
13,0.015,72,1000,0,0.0
13,0.015,73,1000,0,0.0
13,0.015,74,1000,0,0.0
13,0.015,75,1000,0,0.0
13,0.015,76,1000,0,0.0
13,0.015,77,1000,0,0.0
13,0.015,78,1000,0,0.0
13,0.015,79,1000,0,0.0
13,0.015,80,1000,0,0.0
13,0.015,81,1000,0,0.0
13,0.015,82,1000,0,0.0
13,0.015,83,1000,0,0.0
13,0.015,84,1000,0,0.0
13,0.015,85,1000,0,0.0
13,0.015,86,1000,0,0.0
13,0.015,87,1000,0,0.0
13,0.015,88,1000,0,0.0
13,0.015,89,1000,0,0.0
13,0.015,90,1000,0,0.0
13,0.015,91,1000,0,0.0
13,0.015,92,1000,0,0.0
13,0.015,93,1000,0,0.0
13,0.015,94,1000,0,0.0
13,0.015,95,1000,0,0.0
13,0.015,96,1000,0,0.0
13,0.015,97,1000,0,0.0
13,0.015,98,1000,0,0.0
13,0.015,99,1000,0,0.0
13,0.015,100,1000,0,0.0
13,0.02,1,1000,0,0.0
13,0.02,2,1000,0,0.0
13,0.02,3,1000,0,0.0
13,0.02,4,1000,0,0.0
13,0.02,5,1000,0,0.0
13,0.02,6,1000,0,0.0
13,0.02,7,1000,0,0.0
13,0.02,8,1000,0,0.0
13,0.02,9,1000,0,0.0
13,0.02,10,1000,0,0.0
13,0.02,11,1000,0,0.0
13,0.02,12,1000,0,0.0
13,0.02,13,1000,0,0.0
13,0.02,14,1000,0,0.0
13,0.02,15,1000,0,0.0
13,0.02,16,1000,0,0.0
13,0.02,17,1000,0,0.0
13,0.02,18,1000,0,0.0
13,0.02,19,1000,0,0.0
13,0.02,20,1000,0,0.0
13,0.02,21,1000,0,0.0
13,0.02,22,1000,0,0.0
13,0.02,23,1000,0,0.0
13,0.02,24,1000,0,0.0
13,0.02,25,1000,0,0.0
13,0.02,26,1000,0,0.0
13,0.02,27,1000,0,0.0
13,0.02,28,1000,0,0.0
13,0.02,29,1000,0,0.0
13,0.02,30,1000,0,0.0
13,0.02,31,1000,0,0.0
13,0.02,32,1000,0,0.0
13,0.02,33,1000,0,0.0
13,0.02,34,1000,0,0.0
13,0.02,35,1000,0,0.0
13,0.02,36,1000,0,0.0
13,0.02,37,1000,0,0.0
13,0.02,38,1000,0,0.0
13,0.02,39,1000,0,0.0
13,0.02,40,1000,0,0.0
13,0.02,41,1000,0,0.0
13,0.02,42,1000,0,0.0
13,0.02,43,1000,0,0.0
13,0.02,44,1000,0,0.0
13,0.02,45,1000,0,0.0
13,0.02,46,1000,0,0.0
13,0.02,47,1000,0,0.0
13,0.02,48,1000,0,0.0
13,0.02,49,1000,0,0.0
13,0.02,50,1000,0,0.0
13,0.02,51,1000,0,0.0
13,0.02,52,1000,0,0.0
13,0.02,53,1000,0,0.0
13,0.02,54,1000,0,0.0
13,0.02,55,1000,0,0.0
13,0.02,56,1000,0,0.0
13,0.02,57,1000,0,0.0
13,0.02,58,1000,0,0.0
13,0.02,59,1000,0,0.0
13,0.02,60,1000,0,0.0
13,0.02,61,1000,0,0.0
13,0.02,62,1000,0,0.0
13,0.02,63,1000,0,0.0
13,0.02,64,1000,0,0.0
13,0.02,65,1000,0,0.0
13,0.02,66,1000,0,0.0
13,0.02,67,1000,0,0.0
13,0.02,68,1000,0,0.0
13,0.02,69,1000,0,0.0
13,0.02,70,1000,0,0.0
13,0.02,71,1000,0,0.0
13,0.02,72,1000,0,0.0
13,0.02,73,1000,0,0.0
13,0.02,74,1000,0,0.0
13,0.02,75,1000,0,0.0
13,0.02,76,1000,0,0.0
13,0.02,77,1000,0,0.0
13,0.02,78,1000,0,0.0
13,0.02,79,1000,0,0.0
13,0.02,80,1000,0,0.0
13,0.02,81,1000,0,0.0
13,0.02,82,1000,0,0.0
13,0.02,83,1000,0,0.0
13,0.02,84,1000,0,0.0
13,0.02,85,1000,0,0.0
13,0.02,86,1000,0,0.0
13,0.02,87,1000,0,0.0
13,0.02,88,1000,0,0.0
13,0.02,89,1000,0,0.0
13,0.02,90,1000,0,0.0
13,0.02,91,1000,0,0.0
13,0.02,92,1000,0,0.0
13,0.02,93,1000,0,0.0
13,0.02,94,1000,0,0.0
13,0.02,95,1000,0,0.0
13,0.02,96,1000,0,0.0
13,0.02,97,1000,0,0.0
13,0.02,98,1000,0,0.0
13,0.02,99,1000,0,0.0
13,0.02,100,1000,0,0.0
13,0.025,1,1000,0,0.0
13,0.025,2,1000,0,0.0
13,0.025,3,1000,0,0.0
13,0.025,4,1000,0,0.0
13,0.025,5,1000,0,0.0
13,0.025,6,1000,0,0.0
13,0.025,7,1000,0,0.0
13,0.025,8,1000,0,0.0
13,0.025,9,1000,0,0.0
13,0.025,10,1000,0,0.0
13,0.025,11,1000,0,0.0
13,0.025,12,1000,0,0.0
13,0.025,13,1000,0,0.0
13,0.025,14,1000,0,0.0
13,0.025,15,1000,0,0.0
13,0.025,16,1000,0,0.0
13,0.025,17,1000,0,0.0
13,0.025,18,1000,0,0.0
13,0.025,19,1000,0,0.0
13,0.025,20,1000,0,0.0
13,0.025,21,1000,0,0.0
13,0.025,22,1000,0,0.0
13,0.025,23,1000,0,0.0
13,0.025,24,1000,0,0.0
13,0.025,25,1000,0,0.0
13,0.025,26,1000,0,0.0
13,0.025,27,1000,0,0.0
13,0.025,28,1000,0,0.0
13,0.025,29,1000,0,0.0
13,0.025,30,1000,0,0.0
13,0.025,31,1000,0,0.0
13,0.025,32,1000,0,0.0
13,0.025,33,1000,0,0.0
13,0.025,34,1000,0,0.0
13,0.025,35,1000,1,0.001
13,0.025,36,1000,0,0.0
13,0.025,37,1000,0,0.0
13,0.025,38,1000,0,0.0
13,0.025,39,1000,0,0.0
13,0.025,40,1000,0,0.0
13,0.025,41,1000,0,0.0
13,0.025,42,1000,0,0.0
13,0.025,43,1000,0,0.0
13,0.025,44,1000,0,0.0
13,0.025,45,1000,0,0.0
13,0.025,46,1000,0,0.0
13,0.025,47,1000,0,0.0
13,0.025,48,1000,0,0.0
13,0.025,49,1000,0,0.0
13,0.025,50,1000,0,0.0
13,0.025,51,1000,0,0.0
13,0.025,52,1000,0,0.0
13,0.025,53,1000,0,0.0
13,0.025,54,1000,0,0.0
13,0.025,55,1000,0,0.0
13,0.025,56,1000,0,0.0
13,0.025,57,1000,0,0.0
13,0.025,58,1000,0,0.0
13,0.025,59,1000,0,0.0
13,0.025,60,1000,0,0.0
13,0.025,61,1000,0,0.0
13,0.025,62,1000,0,0.0
13,0.025,63,1000,0,0.0
13,0.025,64,1000,0,0.0
13,0.025,65,1000,0,0.0
13,0.025,66,1000,0,0.0
13,0.025,67,1000,0,0.0
13,0.025,68,1000,0,0.0
13,0.025,69,1000,0,0.0
13,0.025,70,1000,0,0.0
13,0.025,71,1000,0,0.0
13,0.025,72,1000,0,0.0
13,0.025,73,1000,0,0.0
13,0.025,74,1000,0,0.0
13,0.025,75,1000,0,0.0
13,0.025,76,1000,0,0.0
13,0.025,77,1000,0,0.0
13,0.025,78,1000,0,0.0
13,0.025,79,1000,0,0.0
13,0.025,80,1000,0,0.0
13,0.025,81,1000,0,0.0
13,0.025,82,1000,0,0.0
13,0.025,83,1000,0,0.0
13,0.025,84,1000,0,0.0
13,0.025,85,1000,0,0.0
13,0.025,86,1000,0,0.0
13,0.025,87,1000,0,0.0
13,0.025,88,1000,0,0.0
13,0.025,89,1000,0,0.0
13,0.025,90,1000,0,0.0
13,0.025,91,1000,0,0.0
13,0.025,92,1000,0,0.0
13,0.025,93,1000,0,0.0
13,0.025,94,1000,0,0.0
13,0.025,95,1000,0,0.0
13,0.025,96,1000,0,0.0
13,0.025,97,1000,0,0.0
13,0.025,98,1000,0,0.0
13,0.025,99,1000,0,0.0
13,0.025,100,1000,0,0.0
13,0.03,1,1000,0,0.0
13,0.03,2,1000,0,0.0
13,0.03,3,1000,0,0.0
13,0.03,4,1000,0,0.0
13,0.03,5,1000,0,0.0
13,0.03,6,1000,0,0.0
13,0.03,7,1000,0,0.0
13,0.03,8,1000,0,0.0
13,0.03,9,1000,0,0.0
13,0.03,10,1000,0,0.0
13,0.03,11,1000,0,0.0
13,0.03,12,1000,0,0.0
13,0.03,13,1000,0,0.0
13,0.03,14,1000,0,0.0
13,0.03,15,1000,0,0.0
13,0.03,16,1000,0,0.0
13,0.03,17,1000,0,0.0
13,0.03,18,1000,0,0.0
13,0.03,19,1000,0,0.0
13,0.03,20,1000,0,0.0
13,0.03,21,1000,0,0.0
13,0.03,22,1000,0,0.0
13,0.03,23,1000,0,0.0
13,0.03,24,1000,0,0.0
13,0.03,25,1000,0,0.0
13,0.03,26,1000,0,0.0
13,0.03,27,1000,0,0.0
13,0.03,28,1000,0,0.0
13,0.03,29,1000,0,0.0
13,0.03,30,1000,0,0.0
13,0.03,31,1000,0,0.0
13,0.03,32,1000,0,0.0
13,0.03,33,1000,0,0.0
13,0.03,34,1000,0,0.0
13,0.03,35,1000,0,0.0
13,0.03,36,1000,0,0.0
13,0.03,37,1000,1,0.001
13,0.03,38,1000,0,0.0
13,0.03,39,1000,0,0.0
13,0.03,40,1000,0,0.0
13,0.03,41,1000,0,0.0
13,0.03,42,1000,0,0.0
13,0.03,43,1000,0,0.0
13,0.03,44,1000,0,0.0
13,0.03,45,1000,0,0.0
13,0.03,46,1000,0,0.0
13,0.03,47,1000,0,0.0
13,0.03,48,1000,0,0.0
13,0.03,49,1000,0,0.0
13,0.03,50,1000,0,0.0
13,0.03,51,1000,0,0.0
13,0.03,52,1000,0,0.0
13,0.03,53,1000,0,0.0
13,0.03,54,1000,0,0.0
13,0.03,55,1000,0,0.0
13,0.03,56,1000,0,0.0
13,0.03,57,1000,0,0.0
13,0.03,58,1000,0,0.0
13,0.03,59,1000,0,0.0
13,0.03,60,1000,0,0.0
13,0.03,61,1000,0,0.0
13,0.03,62,1000,0,0.0
13,0.03,63,1000,0,0.0
13,0.03,64,1000,0,0.0
13,0.03,65,1000,0,0.0
13,0.03,66,1000,0,0.0
13,0.03,67,1000,0,0.0
13,0.03,68,1000,0,0.0
13,0.03,69,1000,0,0.0
13,0.03,70,1000,0,0.0
13,0.03,71,1000,0,0.0
13,0.03,72,1000,0,0.0
13,0.03,73,1000,0,0.0
13,0.03,74,1000,0,0.0
13,0.03,75,1000,0,0.0
13,0.03,76,1000,0,0.0
13,0.03,77,1000,0,0.0
13,0.03,78,1000,0,0.0
13,0.03,79,1000,0,0.0
13,0.03,80,1000,0,0.0
13,0.03,81,1000,0,0.0
13,0.03,82,1000,0,0.0
13,0.03,83,1000,0,0.0
13,0.03,84,1000,0,0.0
13,0.03,85,1000,0,0.0
13,0.03,86,1000,0,0.0
13,0.03,87,1000,0,0.0
13,0.03,88,1000,0,0.0
13,0.03,89,1000,0,0.0
13,0.03,90,1000,1,0.001
13,0.03,91,1000,0,0.0
13,0.03,92,1000,0,0.0
13,0.03,93,1000,0,0.0
13,0.03,94,1000,0,0.0
13,0.03,95,1000,0,0.0
13,0.03,96,1000,0,0.0
13,0.03,97,1000,0,0.0
13,0.03,98,1000,0,0.0
13,0.03,99,1000,0,0.0
13,0.03,100,1000,0,0.0
13,0.035,1,1000,0,0.0
13,0.035,2,1000,0,0.0
13,0.035,3,1000,0,0.0
13,0.035,4,1000,0,0.0
13,0.035,5,1000,0,0.0
13,0.035,6,1000,1,0.001
13,0.035,7,1000,0,0.0
13,0.035,8,1000,0,0.0
13,0.035,9,1000,0,0.0
13,0.035,10,1000,1,0.001
13,0.035,11,1000,0,0.0
13,0.035,12,1000,0,0.0
13,0.035,13,1000,0,0.0
13,0.035,14,1000,0,0.0
13,0.035,15,1000,0,0.0
13,0.035,16,1000,0,0.0
13,0.035,17,1000,0,0.0
13,0.035,18,1000,0,0.0
13,0.035,19,1000,1,0.001
13,0.035,20,1000,0,0.0
13,0.035,21,1000,0,0.0
13,0.035,22,1000,0,0.0
13,0.035,23,1000,0,0.0
13,0.035,24,1000,0,0.0
13,0.035,25,1000,0,0.0
13,0.035,26,1000,0,0.0
13,0.035,27,1000,0,0.0
13,0.035,28,1000,0,0.0
13,0.035,29,1000,0,0.0
13,0.035,30,1000,0,0.0
13,0.035,31,1000,0,0.0
13,0.035,32,1000,0,0.0
13,0.035,33,1000,0,0.0
13,0.035,34,1000,1,0.001
13,0.035,35,1000,0,0.0
13,0.035,36,1000,0,0.0
13,0.035,37,1000,0,0.0
13,0.035,38,1000,1,0.001
13,0.035,39,1000,0,0.0
13,0.035,40,1000,0,0.0
13,0.035,41,1000,1,0.001
13,0.035,42,1000,0,0.0
13,0.035,43,1000,0,0.0
13,0.035,44,1000,0,0.0
13,0.035,45,1000,1,0.001
13,0.035,46,1000,1,0.001
13,0.035,47,1000,0,0.0
13,0.035,48,1000,0,0.0
13,0.035,49,1000,0,0.0
13,0.035,50,1000,0,0.0
13,0.035,51,1000,0,0.0
13,0.035,52,1000,0,0.0
13,0.035,53,1000,1,0.001
13,0.035,54,1000,0,0.0
13,0.035,55,1000,0,0.0
13,0.035,56,1000,0,0.0
13,0.035,57,1000,0,0.0
13,0.035,58,1000,0,0.0
13,0.035,59,1000,0,0.0
13,0.035,60,1000,0,0.0
13,0.035,61,1000,0,0.0
13,0.035,62,1000,0,0.0
13,0.035,63,1000,0,0.0
13,0.035,64,1000,0,0.0
13,0.035,65,1000,0,0.0
13,0.035,66,1000,0,0.0
13,0.035,67,1000,0,0.0
13,0.035,68,1000,0,0.0
13,0.035,69,1000,1,0.001
13,0.035,70,1000,1,0.001
13,0.035,71,1000,0,0.0
13,0.035,72,1000,0,0.0
13,0.035,73,1000,0,0.0
13,0.035,74,1000,0,0.0
13,0.035,75,1000,0,0.0
13,0.035,76,1000,0,0.0
13,0.035,77,1000,0,0.0
13,0.035,78,1000,0,0.0
13,0.035,79,1000,0,0.0
13,0.035,80,1000,0,0.0
13,0.035,81,1000,0,0.0
13,0.035,82,1000,0,0.0
13,0.035,83,1000,0,0.0
13,0.035,84,1000,0,0.0
13,0.035,85,1000,0,0.0
13,0.035,86,1000,0,0.0
13,0.035,87,1000,0,0.0
13,0.035,88,1000,0,0.0
13,0.035,89,1000,1,0.001
13,0.035,90,1000,0,0.0
13,0.035,91,1000,0,0.0
13,0.035,92,1000,0,0.0
13,0.035,93,1000,0,0.0
13,0.035,94,1000,1,0.001
13,0.035,95,1000,0,0.0
13,0.035,96,1000,0,0.0
13,0.035,97,1000,0,0.0
13,0.035,98,1000,0,0.0
13,0.035,99,1000,1,0.001
13,0.035,100,1000,1,0.001
13,0.04,1,1000,0,0.0
13,0.04,2,1000,0,0.0
13,0.04,3,1000,2,0.002
13,0.04,4,1000,0,0.0
13,0.04,5,1000,0,0.0
13,0.04,6,1000,0,0.0
13,0.04,7,1000,0,0.0
13,0.04,8,1000,0,0.0
13,0.04,9,1000,0,0.0
13,0.04,10,1000,0,0.0
13,0.04,11,1000,0,0.0
13,0.04,12,1000,0,0.0
13,0.04,13,1000,1,0.001
13,0.04,14,1000,1,0.001
13,0.04,15,1000,0,0.0
13,0.04,16,1000,0,0.0
13,0.04,17,1000,1,0.001
13,0.04,18,1000,0,0.0
13,0.04,19,1000,1,0.001
13,0.04,20,1000,0,0.0
13,0.04,21,1000,1,0.001
13,0.04,22,1000,1,0.001
13,0.04,23,1000,1,0.001
13,0.04,24,1000,1,0.001
13,0.04,25,1000,0,0.0
13,0.04,26,1000,0,0.0
13,0.04,27,1000,1,0.001
13,0.04,28,1000,0,0.0
13,0.04,29,1000,0,0.0
13,0.04,30,1000,0,0.0
13,0.04,31,1000,1,0.001
13,0.04,32,1000,0,0.0
13,0.04,33,1000,1,0.001
13,0.04,34,1000,1,0.001
13,0.04,35,1000,0,0.0
13,0.04,36,1000,0,0.0
13,0.04,37,1000,0,0.0
13,0.04,38,1000,0,0.0
13,0.04,39,1000,1,0.001
13,0.04,40,1000,0,0.0
13,0.04,41,1000,1,0.001
13,0.04,42,1000,1,0.001
13,0.04,43,1000,0,0.0
13,0.04,44,1000,0,0.0
13,0.04,45,1000,0,0.0
13,0.04,46,1000,0,0.0
13,0.04,47,1000,2,0.002
13,0.04,48,1000,0,0.0
13,0.04,49,1000,1,0.001
13,0.04,50,1000,0,0.0
13,0.04,51,1000,0,0.0
13,0.04,52,1000,0,0.0
13,0.04,53,1000,1,0.001
13,0.04,54,1000,0,0.0
13,0.04,55,1000,0,0.0
13,0.04,56,1000,0,0.0
13,0.04,57,1000,1,0.001
13,0.04,58,1000,1,0.001
13,0.04,59,1000,0,0.0
13,0.04,60,1000,0,0.0
13,0.04,61,1000,0,0.0
13,0.04,62,1000,1,0.001
13,0.04,63,1000,0,0.0
13,0.04,64,1000,0,0.0
13,0.04,65,1000,0,0.0
13,0.04,66,1000,0,0.0
13,0.04,67,1000,0,0.0
13,0.04,68,1000,0,0.0
13,0.04,69,1000,0,0.0
13,0.04,70,1000,0,0.0
13,0.04,71,1000,1,0.001
13,0.04,72,1000,1,0.001
13,0.04,73,1000,0,0.0
13,0.04,74,1000,1,0.001
13,0.04,75,1000,0,0.0
13,0.04,76,1000,0,0.0
13,0.04,77,1000,0,0.0
13,0.04,78,1000,2,0.002
13,0.04,79,1000,0,0.0
13,0.04,80,1000,1,0.001
13,0.04,81,1000,1,0.001
13,0.04,82,1000,0,0.0
13,0.04,83,1000,0,0.0
13,0.04,84,1000,1,0.001
13,0.04,85,1000,0,0.0
13,0.04,86,1000,0,0.0
13,0.04,87,1000,1,0.001
13,0.04,88,1000,1,0.001
13,0.04,89,1000,0,0.0
13,0.04,90,1000,1,0.001
13,0.04,91,1000,0,0.0
13,0.04,92,1000,0,0.0
13,0.04,93,1000,0,0.0
13,0.04,94,1000,0,0.0
13,0.04,95,1000,0,0.0
13,0.04,96,1000,1,0.001
13,0.04,97,1000,0,0.0
13,0.04,98,1000,0,0.0
13,0.04,99,1000,1,0.001
13,0.04,100,1000,0,0.0
13,0.045,1,1000,1,0.001
13,0.045,2,1000,1,0.001
13,0.045,3,1000,1,0.001
13,0.045,4,1000,0,0.0
13,0.045,5,1000,0,0.0
13,0.045,6,1000,0,0.0
13,0.045,7,1000,1,0.001
13,0.045,8,1000,1,0.001
13,0.045,9,1000,2,0.002
13,0.045,10,1000,3,0.003
13,0.045,11,1000,2,0.002
13,0.045,12,1000,0,0.0
13,0.045,13,1000,0,0.0
13,0.045,14,1000,1,0.001
13,0.045,15,1000,1,0.001
13,0.045,16,1000,0,0.0
13,0.045,17,1000,2,0.002
13,0.045,18,1000,1,0.001
13,0.045,19,1000,4,0.004
13,0.045,20,1000,1,0.001
13,0.045,21,1000,0,0.0
13,0.045,22,1000,2,0.002
13,0.045,23,1000,0,0.0
13,0.045,24,1000,0,0.0
13,0.045,25,1000,0,0.0
13,0.045,26,1000,2,0.002
13,0.045,27,1000,0,0.0
13,0.045,28,1000,1,0.001
13,0.045,29,1000,0,0.0
13,0.045,30,1000,1,0.001
13,0.045,31,1000,2,0.002
13,0.045,32,1000,1,0.001
13,0.045,33,1000,1,0.001
13,0.045,34,1000,1,0.001
13,0.045,35,1000,2,0.002
13,0.045,36,1000,3,0.003
13,0.045,37,1000,1,0.001
13,0.045,38,1000,0,0.0
13,0.045,39,1000,0,0.0
13,0.045,40,1000,2,0.002
13,0.045,41,1000,2,0.002
13,0.045,42,1000,1,0.001
13,0.045,43,1000,1,0.001
13,0.045,44,1000,1,0.001
13,0.045,45,1000,0,0.0
13,0.045,46,1000,1,0.001
13,0.045,47,1000,0,0.0
13,0.045,48,1000,0,0.0
13,0.045,49,1000,2,0.002
13,0.045,50,1000,0,0.0
13,0.045,51,1000,1,0.001
13,0.045,52,1000,0,0.0
13,0.045,53,1000,0,0.0
13,0.045,54,1000,3,0.003
13,0.045,55,1000,1,0.001
13,0.045,56,1000,2,0.002
13,0.045,57,1000,0,0.0
13,0.045,58,1000,1,0.001
13,0.045,59,1000,0,0.0
13,0.045,60,1000,1,0.001
13,0.045,61,1000,2,0.002
13,0.045,62,1000,1,0.001
13,0.045,63,1000,1,0.001
13,0.045,64,1000,1,0.001
13,0.045,65,1000,1,0.001
13,0.045,66,1000,1,0.001
13,0.045,67,1000,0,0.0
13,0.045,68,1000,2,0.002
13,0.045,69,1000,2,0.002
13,0.045,70,1000,0,0.0
13,0.045,71,1000,0,0.0
13,0.045,72,1000,2,0.002
13,0.045,73,1000,2,0.002
13,0.045,74,1000,0,0.0
13,0.045,75,1000,0,0.0
13,0.045,76,1000,1,0.001
13,0.045,77,1000,1,0.001
13,0.045,78,1000,0,0.0
13,0.045,79,1000,1,0.001
13,0.045,80,1000,0,0.0
13,0.045,81,1000,1,0.001
13,0.045,82,1000,0,0.0
13,0.045,83,1000,0,0.0
13,0.045,84,1000,1,0.001
13,0.045,85,1000,0,0.0
13,0.045,86,1000,2,0.002
13,0.045,87,1000,0,0.0
13,0.045,88,1000,3,0.003
13,0.045,89,1000,3,0.003
13,0.045,90,1000,2,0.002
13,0.045,91,1000,0,0.0
13,0.045,92,1000,1,0.001
13,0.045,93,1000,0,0.0
13,0.045,94,1000,1,0.001
13,0.045,95,1000,0,0.0
13,0.045,96,1000,2,0.002
13,0.045,97,1000,2,0.002
13,0.045,98,1000,0,0.0
13,0.045,99,1000,0,0.0
13,0.045,100,1000,0,0.0
13,0.05,1,1000,5,0.005
13,0.05,2,1000,1,0.001
13,0.05,3,1000,1,0.001
13,0.05,4,1000,0,0.0
13,0.05,5,1000,2,0.002
13,0.05,6,1000,1,0.001
13,0.05,7,1000,1,0.001
13,0.05,8,1000,4,0.004
13,0.05,9,1000,1,0.001
13,0.05,10,1000,3,0.003
13,0.05,11,1000,0,0.0
13,0.05,12,1000,4,0.004
13,0.05,13,1000,0,0.0
13,0.05,14,1000,1,0.001
13,0.05,15,1000,4,0.004
13,0.05,16,1000,1,0.001
13,0.05,17,1000,2,0.002
13,0.05,18,1000,3,0.003
13,0.05,19,1000,2,0.002
13,0.05,20,1000,2,0.002
13,0.05,21,1000,0,0.0
13,0.05,22,1000,3,0.003
13,0.05,23,1000,2,0.002
13,0.05,24,1000,0,0.0
13,0.05,25,1000,3,0.003
13,0.05,26,1000,2,0.002
13,0.05,27,1000,2,0.002
13,0.05,28,1000,3,0.003
13,0.05,29,1000,2,0.002
13,0.05,30,1000,0,0.0
13,0.05,31,1000,2,0.002
13,0.05,32,1000,1,0.001
13,0.05,33,1000,2,0.002
13,0.05,34,1000,0,0.0
13,0.05,35,1000,0,0.0
13,0.05,36,1000,3,0.003
13,0.05,37,1000,2,0.002
13,0.05,38,1000,5,0.005
13,0.05,39,1000,2,0.002
13,0.05,40,1000,4,0.004
13,0.05,41,1000,2,0.002
13,0.05,42,1000,3,0.003
13,0.05,43,1000,3,0.003
13,0.05,44,1000,1,0.001
13,0.05,45,1000,3,0.003
13,0.05,46,1000,4,0.004
13,0.05,47,1000,1,0.001
13,0.05,48,1000,1,0.001
13,0.05,49,1000,2,0.002
13,0.05,50,1000,1,0.001
13,0.05,51,1000,1,0.001
13,0.05,52,1000,1,0.001
13,0.05,53,1000,1,0.001
13,0.05,54,1000,4,0.004
13,0.05,55,1000,2,0.002
13,0.05,56,1000,0,0.0
13,0.05,57,1000,0,0.0
13,0.05,58,1000,5,0.005
13,0.05,59,1000,0,0.0
13,0.05,60,1000,1,0.001
13,0.05,61,1000,3,0.003
13,0.05,62,1000,0,0.0
13,0.05,63,1000,2,0.002
13,0.05,64,1000,4,0.004
13,0.05,65,1000,1,0.001
13,0.05,66,1000,2,0.002
13,0.05,67,1000,3,0.003
13,0.05,68,1000,2,0.002
13,0.05,69,1000,1,0.001
13,0.05,70,1000,3,0.003
13,0.05,71,1000,0,0.0
13,0.05,72,1000,1,0.001
13,0.05,73,1000,3,0.003
13,0.05,74,1000,2,0.002
13,0.05,75,1000,3,0.003
13,0.05,76,1000,2,0.002
13,0.05,77,1000,0,0.0
13,0.05,78,1000,4,0.004
13,0.05,79,1000,1,0.001
13,0.05,80,1000,1,0.001
13,0.05,81,1000,0,0.0
13,0.05,82,1000,1,0.001
13,0.05,83,1000,5,0.005
13,0.05,84,1000,1,0.001
13,0.05,85,1000,1,0.001
13,0.05,86,1000,1,0.001
13,0.05,87,1000,5,0.005
13,0.05,88,1000,1,0.001
13,0.05,89,1000,2,0.002
13,0.05,90,1000,9,0.009
13,0.05,91,1000,1,0.001
13,0.05,92,1000,1,0.001
13,0.05,93,1000,5,0.005
13,0.05,94,1000,0,0.0
13,0.05,95,1000,3,0.003
13,0.05,96,1000,0,0.0
13,0.05,97,1000,2,0.002
13,0.05,98,1000,3,0.003
13,0.05,99,1000,3,0.003
13,0.05,100,1000,2,0.002
13,0.055,1,1000,5,0.005
13,0.055,2,1000,4,0.004
13,0.055,3,1000,6,0.006
13,0.055,4,1000,4,0.004
13,0.055,5,1000,3,0.003
13,0.055,6,1000,6,0.006
13,0.055,7,1000,2,0.002
13,0.055,8,1000,3,0.003
13,0.055,9,1000,3,0.003
13,0.055,10,1000,6,0.006
13,0.055,11,1000,5,0.005
13,0.055,12,1000,6,0.006
13,0.055,13,1000,5,0.005
13,0.055,14,1000,2,0.002
13,0.055,15,1000,5,0.005
13,0.055,16,1000,3,0.003
13,0.055,17,1000,3,0.003
13,0.055,18,1000,0,0.0
13,0.055,19,1000,0,0.0
13,0.055,20,1000,2,0.002
13,0.055,21,1000,4,0.004
13,0.055,22,1000,6,0.006
13,0.055,23,1000,4,0.004
13,0.055,24,1000,6,0.006
13,0.055,25,1000,7,0.007
13,0.055,26,1000,5,0.005
13,0.055,27,1000,7,0.007
13,0.055,28,1000,1,0.001
13,0.055,29,1000,6,0.006
13,0.055,30,1000,4,0.004
13,0.055,31,1000,4,0.004
13,0.055,32,1000,3,0.003
13,0.055,33,1000,3,0.003
13,0.055,34,1000,1,0.001
13,0.055,35,1000,4,0.004
13,0.055,36,1000,2,0.002
13,0.055,37,1000,2,0.002
13,0.055,38,1000,5,0.005
13,0.055,39,1000,4,0.004
13,0.055,40,1000,5,0.005
13,0.055,41,1000,3,0.003
13,0.055,42,1000,0,0.0
13,0.055,43,1000,3,0.003
13,0.055,44,1000,2,0.002
13,0.055,45,1000,1,0.001
13,0.055,46,1000,3,0.003
13,0.055,47,1000,3,0.003
13,0.055,48,1000,3,0.003
13,0.055,49,1000,6,0.006
13,0.055,50,1000,2,0.002
13,0.055,51,1000,4,0.004
13,0.055,52,1000,2,0.002
13,0.055,53,1000,3,0.003
13,0.055,54,1000,6,0.006
13,0.055,55,1000,2,0.002
13,0.055,56,1000,2,0.002
13,0.055,57,1000,4,0.004
13,0.055,58,1000,5,0.005
13,0.055,59,1000,5,0.005
13,0.055,60,1000,3,0.003
13,0.055,61,1000,4,0.004
13,0.055,62,1000,6,0.006
13,0.055,63,1000,9,0.009
13,0.055,64,1000,2,0.002
13,0.055,65,1000,3,0.003
13,0.055,66,1000,4,0.004
13,0.055,67,1000,1,0.001
13,0.055,68,1000,2,0.002
13,0.055,69,1000,3,0.003
13,0.055,70,1000,5,0.005
13,0.055,71,1000,5,0.005
13,0.055,72,1000,5,0.005
13,0.055,73,1000,5,0.005
13,0.055,74,1000,2,0.002
13,0.055,75,1000,2,0.002
13,0.055,76,1000,6,0.006
13,0.055,77,1000,4,0.004
13,0.055,78,1000,4,0.004
13,0.055,79,1000,5,0.005
13,0.055,80,1000,7,0.007
13,0.055,81,1000,4,0.004
13,0.055,82,1000,4,0.004
13,0.055,83,1000,2,0.002
13,0.055,84,1000,2,0.002
13,0.055,85,1000,4,0.004
13,0.055,86,1000,7,0.007
13,0.055,87,1000,3,0.003
13,0.055,88,1000,6,0.006
13,0.055,89,1000,6,0.006
13,0.055,90,1000,0,0.0
13,0.055,91,1000,6,0.006
13,0.055,92,1000,2,0.002
13,0.055,93,1000,3,0.003
13,0.055,94,1000,4,0.004
13,0.055,95,1000,2,0.002
13,0.055,96,1000,2,0.002
13,0.055,97,1000,4,0.004
13,0.055,98,1000,3,0.003
13,0.055,99,1000,8,0.008
13,0.055,100,1000,4,0.004
13,0.06,1,1000,8,0.008
13,0.06,2,1000,3,0.003
13,0.06,3,1000,6,0.006
13,0.06,4,1000,5,0.005
13,0.06,5,1000,7,0.007
13,0.06,6,1000,5,0.005
13,0.06,7,1000,5,0.005
13,0.06,8,1000,11,0.011
13,0.06,9,1000,9,0.009
13,0.06,10,1000,4,0.004
13,0.06,11,1000,3,0.003
13,0.06,12,1000,4,0.004
13,0.06,13,1000,8,0.008
13,0.06,14,1000,8,0.008
13,0.06,15,1000,9,0.009
13,0.06,16,1000,4,0.004
13,0.06,17,1000,8,0.008
13,0.06,18,1000,9,0.009
13,0.06,19,1000,10,0.01
13,0.06,20,1000,9,0.009
13,0.06,21,1000,11,0.011
13,0.06,22,1000,7,0.007
13,0.06,23,1000,8,0.008
13,0.06,24,1000,8,0.008
13,0.06,25,1000,11,0.011
13,0.06,26,1000,7,0.007
13,0.06,27,1000,3,0.003
13,0.06,28,1000,9,0.009
13,0.06,29,1000,6,0.006
13,0.06,30,1000,5,0.005
13,0.06,31,1000,7,0.007
13,0.06,32,1000,8,0.008
13,0.06,33,1000,8,0.008
13,0.06,34,1000,4,0.004
13,0.06,35,1000,6,0.006
13,0.06,36,1000,10,0.01
13,0.06,37,1000,6,0.006
13,0.06,38,1000,10,0.01
13,0.06,39,1000,10,0.01
13,0.06,40,1000,6,0.006
13,0.06,41,1000,5,0.005
13,0.06,42,1000,9,0.009
13,0.06,43,1000,1,0.001
13,0.06,44,1000,4,0.004
13,0.06,45,1000,7,0.007
13,0.06,46,1000,8,0.008
13,0.06,47,1000,7,0.007
13,0.06,48,1000,5,0.005
13,0.06,49,1000,5,0.005
13,0.06,50,1000,2,0.002
13,0.06,51,1000,8,0.008
13,0.06,52,1000,6,0.006
13,0.06,53,1000,9,0.009
13,0.06,54,1000,4,0.004
13,0.06,55,1000,7,0.007
13,0.06,56,1000,4,0.004
13,0.06,57,1000,9,0.009
13,0.06,58,1000,11,0.011
13,0.06,59,1000,3,0.003
13,0.06,60,1000,7,0.007
13,0.06,61,1000,14,0.014
13,0.06,62,1000,9,0.009
13,0.06,63,1000,6,0.006
13,0.06,64,1000,7,0.007
13,0.06,65,1000,9,0.009
13,0.06,66,1000,10,0.01
13,0.06,67,1000,10,0.01
13,0.06,68,1000,9,0.009
13,0.06,69,1000,5,0.005
13,0.06,70,1000,7,0.007
13,0.06,71,1000,6,0.006
13,0.06,72,1000,8,0.008
13,0.06,73,1000,5,0.005
13,0.06,74,1000,4,0.004
13,0.06,75,1000,6,0.006
13,0.06,76,1000,8,0.008
13,0.06,77,1000,7,0.007
13,0.06,78,1000,3,0.003
13,0.06,79,1000,6,0.006
13,0.06,80,1000,8,0.008
13,0.06,81,1000,6,0.006
13,0.06,82,1000,10,0.01
13,0.06,83,1000,10,0.01
13,0.06,84,1000,9,0.009
13,0.06,85,1000,9,0.009
13,0.06,86,1000,12,0.012
13,0.06,87,1000,5,0.005
13,0.06,88,1000,13,0.013
13,0.06,89,1000,14,0.014
13,0.06,90,1000,4,0.004
13,0.06,91,1000,6,0.006
13,0.06,92,1000,7,0.007
13,0.06,93,1000,12,0.012
13,0.06,94,1000,6,0.006
13,0.06,95,1000,9,0.009
13,0.06,96,1000,4,0.004
13,0.06,97,1000,2,0.002
13,0.06,98,1000,11,0.011
13,0.06,99,1000,8,0.008
13,0.06,100,1000,8,0.008
13,0.065,1,1000,13,0.013
13,0.065,2,1000,11,0.011
13,0.065,3,1000,7,0.007
13,0.065,4,1000,12,0.012
13,0.065,5,1000,13,0.013
13,0.065,6,1000,7,0.007
13,0.065,7,1000,8,0.008
13,0.065,8,1000,10,0.01
13,0.065,9,1000,13,0.013
13,0.065,10,1000,6,0.006
13,0.065,11,1000,13,0.013
13,0.065,12,1000,11,0.011
13,0.065,13,1000,12,0.012
13,0.065,14,1000,12,0.012
13,0.065,15,1000,12,0.012
13,0.065,16,1000,5,0.005
13,0.065,17,1000,13,0.013
13,0.065,18,1000,12,0.012
13,0.065,19,1000,12,0.012
13,0.065,20,1000,11,0.011
13,0.065,21,1000,13,0.013
13,0.065,22,1000,10,0.01
13,0.065,23,1000,13,0.013
13,0.065,24,1000,12,0.012
13,0.065,25,1000,15,0.015
13,0.065,26,1000,17,0.017
13,0.065,27,1000,15,0.015
13,0.065,28,1000,12,0.012
13,0.065,29,1000,10,0.01
13,0.065,30,1000,10,0.01
13,0.065,31,1000,19,0.019
13,0.065,32,1000,12,0.012
13,0.065,33,1000,11,0.011
13,0.065,34,1000,9,0.009
13,0.065,35,1000,14,0.014
13,0.065,36,1000,8,0.008
13,0.065,37,1000,10,0.01
13,0.065,38,1000,14,0.014
13,0.065,39,1000,10,0.01
13,0.065,40,1000,14,0.014
13,0.065,41,1000,13,0.013
13,0.065,42,1000,10,0.01
13,0.065,43,1000,14,0.014
13,0.065,44,1000,19,0.019
13,0.065,45,1000,12,0.012
13,0.065,46,1000,10,0.01
13,0.065,47,1000,10,0.01
13,0.065,48,1000,12,0.012
13,0.065,49,1000,8,0.008
13,0.065,50,1000,5,0.005
13,0.065,51,1000,15,0.015
13,0.065,52,1000,6,0.006
13,0.065,53,1000,12,0.012
13,0.065,54,1000,14,0.014
13,0.065,55,1000,10,0.01
13,0.065,56,1000,14,0.014
13,0.065,57,1000,9,0.009
13,0.065,58,1000,13,0.013
13,0.065,59,1000,14,0.014
13,0.065,60,1000,7,0.007
13,0.065,61,1000,17,0.017
13,0.065,62,1000,16,0.016
13,0.065,63,1000,13,0.013
13,0.065,64,1000,13,0.013
13,0.065,65,1000,10,0.01
13,0.065,66,1000,14,0.014
13,0.065,67,1000,10,0.01
13,0.065,68,1000,9,0.009
13,0.065,69,1000,7,0.007
13,0.065,70,1000,11,0.011
13,0.065,71,1000,14,0.014
13,0.065,72,1000,10,0.01
13,0.065,73,1000,5,0.005
13,0.065,74,1000,20,0.02
13,0.065,75,1000,12,0.012
13,0.065,76,1000,16,0.016
13,0.065,77,1000,12,0.012
13,0.065,78,1000,10,0.01
13,0.065,79,1000,10,0.01
13,0.065,80,1000,17,0.017
13,0.065,81,1000,16,0.016
13,0.065,82,1000,12,0.012
13,0.065,83,1000,8,0.008
13,0.065,84,1000,3,0.003
13,0.065,85,1000,7,0.007
13,0.065,86,1000,6,0.006
13,0.065,87,1000,12,0.012
13,0.065,88,1000,11,0.011
13,0.065,89,1000,13,0.013
13,0.065,90,1000,12,0.012
13,0.065,91,1000,6,0.006
13,0.065,92,1000,9,0.009
13,0.065,93,1000,14,0.014
13,0.065,94,1000,9,0.009
13,0.065,95,1000,5,0.005
13,0.065,96,1000,10,0.01
13,0.065,97,1000,15,0.015
13,0.065,98,1000,13,0.013
13,0.065,99,1000,7,0.007
13,0.065,100,1000,12,0.012
13,0.07,1,1000,20,0.02
13,0.07,2,1000,15,0.015
13,0.07,3,1000,20,0.02
13,0.07,4,1000,22,0.022
13,0.07,5,1000,21,0.021
13,0.07,6,1000,12,0.012
13,0.07,7,1000,21,0.021
13,0.07,8,1000,15,0.015
13,0.07,9,1000,21,0.021
13,0.07,10,1000,27,0.027
13,0.07,11,1000,19,0.019
13,0.07,12,1000,13,0.013
13,0.07,13,1000,13,0.013
13,0.07,14,1000,25,0.025
13,0.07,15,1000,20,0.02
13,0.07,16,1000,16,0.016
13,0.07,17,1000,15,0.015
13,0.07,18,1000,25,0.025
13,0.07,19,1000,18,0.018
13,0.07,20,1000,24,0.024
13,0.07,21,1000,16,0.016
13,0.07,22,1000,30,0.03
13,0.07,23,1000,15,0.015
13,0.07,24,1000,19,0.019
13,0.07,25,1000,22,0.022
13,0.07,26,1000,18,0.018
13,0.07,27,1000,22,0.022
13,0.07,28,1000,21,0.021
13,0.07,29,1000,32,0.032
13,0.07,30,1000,25,0.025
13,0.07,31,1000,16,0.016
13,0.07,32,1000,12,0.012
13,0.07,33,1000,17,0.017
13,0.07,34,1000,26,0.026
13,0.07,35,1000,19,0.019
13,0.07,36,1000,12,0.012
13,0.07,37,1000,16,0.016
13,0.07,38,1000,19,0.019
13,0.07,39,1000,13,0.013
13,0.07,40,1000,13,0.013
13,0.07,41,1000,22,0.022
13,0.07,42,1000,18,0.018
13,0.07,43,1000,21,0.021
13,0.07,44,1000,26,0.026
13,0.07,45,1000,20,0.02
13,0.07,46,1000,23,0.023
13,0.07,47,1000,18,0.018
13,0.07,48,1000,18,0.018
13,0.07,49,1000,14,0.014
13,0.07,50,1000,28,0.028
13,0.07,51,1000,14,0.014
13,0.07,52,1000,12,0.012
13,0.07,53,1000,14,0.014
13,0.07,54,1000,17,0.017
13,0.07,55,1000,14,0.014
13,0.07,56,1000,15,0.015
13,0.07,57,1000,17,0.017
13,0.07,58,1000,16,0.016
13,0.07,59,1000,18,0.018
13,0.07,60,1000,12,0.012
13,0.07,61,1000,16,0.016
13,0.07,62,1000,15,0.015
13,0.07,63,1000,14,0.014
13,0.07,64,1000,20,0.02
13,0.07,65,1000,13,0.013
13,0.07,66,1000,16,0.016
13,0.07,67,1000,19,0.019
13,0.07,68,1000,19,0.019
13,0.07,69,1000,15,0.015
13,0.07,70,1000,14,0.014
13,0.07,71,1000,13,0.013
13,0.07,72,1000,27,0.027
13,0.07,73,1000,16,0.016
13,0.07,74,1000,15,0.015
13,0.07,75,1000,15,0.015
13,0.07,76,1000,12,0.012
13,0.07,77,1000,21,0.021
13,0.07,78,1000,11,0.011
13,0.07,79,1000,10,0.01
13,0.07,80,1000,13,0.013
13,0.07,81,1000,11,0.011
13,0.07,82,1000,27,0.027
13,0.07,83,1000,18,0.018
13,0.07,84,1000,13,0.013
13,0.07,85,1000,19,0.019
13,0.07,86,1000,20,0.02
13,0.07,87,1000,18,0.018
13,0.07,88,1000,14,0.014
13,0.07,89,1000,15,0.015
13,0.07,90,1000,13,0.013
13,0.07,91,1000,11,0.011
13,0.07,92,1000,16,0.016
13,0.07,93,1000,10,0.01
13,0.07,94,1000,18,0.018
13,0.07,95,1000,18,0.018
13,0.07,96,1000,20,0.02
13,0.07,97,1000,14,0.014
13,0.07,98,1000,11,0.011
13,0.07,99,1000,19,0.019
13,0.07,100,1000,18,0.018
13,0.075,1,1000,24,0.024
13,0.075,2,1000,22,0.022
13,0.075,3,1000,33,0.033
13,0.075,4,1000,28,0.028
13,0.075,5,1000,27,0.027
13,0.075,6,1000,30,0.03
13,0.075,7,1000,19,0.019
13,0.075,8,1000,30,0.03
13,0.075,9,1000,19,0.019
13,0.075,10,1000,30,0.03
13,0.075,11,1000,29,0.029
13,0.075,12,1000,28,0.028
13,0.075,13,1000,31,0.031
13,0.075,14,1000,34,0.034
13,0.075,15,1000,30,0.03
13,0.075,16,1000,20,0.02
13,0.075,17,1000,31,0.031
13,0.075,18,1000,31,0.031
13,0.075,19,1000,29,0.029
13,0.075,20,1000,23,0.023
13,0.075,21,1000,19,0.019
13,0.075,22,1000,25,0.025
13,0.075,23,1000,23,0.023
13,0.075,24,1000,28,0.028
13,0.075,25,1000,30,0.03
13,0.075,26,1000,24,0.024
13,0.075,27,1000,33,0.033
13,0.075,28,1000,26,0.026
13,0.075,29,1000,27,0.027
13,0.075,30,1000,31,0.031
13,0.075,31,1000,29,0.029
13,0.075,32,1000,27,0.027
13,0.075,33,1000,26,0.026
13,0.075,34,1000,25,0.025
13,0.075,35,1000,18,0.018
13,0.075,36,1000,25,0.025
13,0.075,37,1000,31,0.031
13,0.075,38,1000,32,0.032
13,0.075,39,1000,27,0.027
13,0.075,40,1000,22,0.022
13,0.075,41,1000,31,0.031
13,0.075,42,1000,32,0.032
13,0.075,43,1000,27,0.027
13,0.075,44,1000,26,0.026
13,0.075,45,1000,20,0.02
13,0.075,46,1000,30,0.03
13,0.075,47,1000,35,0.035
13,0.075,48,1000,27,0.027
13,0.075,49,1000,30,0.03
13,0.075,50,1000,26,0.026
13,0.075,51,1000,28,0.028
13,0.075,52,1000,27,0.027
13,0.075,53,1000,32,0.032
13,0.075,54,1000,33,0.033
13,0.075,55,1000,20,0.02
13,0.075,56,1000,39,0.039
13,0.075,57,1000,26,0.026
13,0.075,58,1000,16,0.016
13,0.075,59,1000,15,0.015
13,0.075,60,1000,30,0.03
13,0.075,61,1000,23,0.023
13,0.075,62,1000,38,0.038
13,0.075,63,1000,27,0.027
13,0.075,64,1000,22,0.022
13,0.075,65,1000,37,0.037
13,0.075,66,1000,34,0.034
13,0.075,67,1000,29,0.029
13,0.075,68,1000,21,0.021
13,0.075,69,1000,32,0.032
13,0.075,70,1000,33,0.033
13,0.075,71,1000,24,0.024
13,0.075,72,1000,31,0.031
13,0.075,73,1000,22,0.022
13,0.075,74,1000,26,0.026
13,0.075,75,1000,35,0.035
13,0.075,76,1000,37,0.037
13,0.075,77,1000,26,0.026
13,0.075,78,1000,24,0.024
13,0.075,79,1000,23,0.023
13,0.075,80,1000,32,0.032
13,0.075,81,1000,33,0.033
13,0.075,82,1000,35,0.035
13,0.075,83,1000,40,0.04
13,0.075,84,1000,25,0.025
13,0.075,85,1000,45,0.045
13,0.075,86,1000,32,0.032
13,0.075,87,1000,29,0.029
13,0.075,88,1000,43,0.043
13,0.075,89,1000,30,0.03
13,0.075,90,1000,28,0.028
13,0.075,91,1000,30,0.03
13,0.075,92,1000,25,0.025
13,0.075,93,1000,32,0.032
13,0.075,94,1000,14,0.014
13,0.075,95,1000,31,0.031
13,0.075,96,1000,25,0.025
13,0.075,97,1000,32,0.032
13,0.075,98,1000,35,0.035
13,0.075,99,1000,23,0.023
13,0.075,100,1000,19,0.019
13,0.08,1,1000,37,0.037
13,0.08,2,1000,42,0.042
13,0.08,3,1000,42,0.042
13,0.08,4,1000,32,0.032
13,0.08,5,1000,48,0.048
13,0.08,6,1000,33,0.033
13,0.08,7,1000,44,0.044
13,0.08,8,1000,42,0.042
13,0.08,9,1000,37,0.037
13,0.08,10,1000,47,0.047
13,0.08,11,1000,43,0.043
13,0.08,12,1000,40,0.04
13,0.08,13,1000,30,0.03
13,0.08,14,1000,36,0.036
13,0.08,15,1000,30,0.03
13,0.08,16,1000,31,0.031
13,0.08,17,1000,30,0.03
13,0.08,18,1000,43,0.043
13,0.08,19,1000,40,0.04
13,0.08,20,1000,45,0.045
13,0.08,21,1000,47,0.047
13,0.08,22,1000,40,0.04
13,0.08,23,1000,34,0.034
13,0.08,24,1000,43,0.043
13,0.08,25,1000,44,0.044
13,0.08,26,1000,39,0.039
13,0.08,27,1000,31,0.031
13,0.08,28,1000,38,0.038
13,0.08,29,1000,44,0.044
13,0.08,30,1000,39,0.039
13,0.08,31,1000,26,0.026
13,0.08,32,1000,35,0.035
13,0.08,33,1000,29,0.029
13,0.08,34,1000,36,0.036
13,0.08,35,1000,43,0.043
13,0.08,36,1000,42,0.042
13,0.08,37,1000,36,0.036
13,0.08,38,1000,41,0.041
13,0.08,39,1000,32,0.032
13,0.08,40,1000,46,0.046
13,0.08,41,1000,39,0.039
13,0.08,42,1000,44,0.044
13,0.08,43,1000,44,0.044
13,0.08,44,1000,43,0.043
13,0.08,45,1000,30,0.03
13,0.08,46,1000,43,0.043
13,0.08,47,1000,45,0.045
13,0.08,48,1000,47,0.047
13,0.08,49,1000,38,0.038
13,0.08,50,1000,39,0.039
13,0.08,51,1000,35,0.035
13,0.08,52,1000,45,0.045
13,0.08,53,1000,41,0.041
13,0.08,54,1000,34,0.034
13,0.08,55,1000,37,0.037
13,0.08,56,1000,43,0.043
13,0.08,57,1000,32,0.032
13,0.08,58,1000,44,0.044
13,0.08,59,1000,40,0.04
13,0.08,60,1000,51,0.051
13,0.08,61,1000,40,0.04
13,0.08,62,1000,32,0.032
13,0.08,63,1000,27,0.027
13,0.08,64,1000,35,0.035
13,0.08,65,1000,46,0.046
13,0.08,66,1000,28,0.028
13,0.08,67,1000,43,0.043
13,0.08,68,1000,41,0.041
13,0.08,69,1000,36,0.036
13,0.08,70,1000,33,0.033
13,0.08,71,1000,47,0.047
13,0.08,72,1000,37,0.037
13,0.08,73,1000,44,0.044
13,0.08,74,1000,39,0.039
13,0.08,75,1000,45,0.045
13,0.08,76,1000,38,0.038
13,0.08,77,1000,40,0.04
13,0.08,78,1000,33,0.033
13,0.08,79,1000,46,0.046
13,0.08,80,1000,30,0.03
13,0.08,81,1000,37,0.037
13,0.08,82,1000,33,0.033
13,0.08,83,1000,51,0.051
13,0.08,84,1000,43,0.043
13,0.08,85,1000,39,0.039
13,0.08,86,1000,48,0.048
13,0.08,87,1000,36,0.036
13,0.08,88,1000,33,0.033
13,0.08,89,1000,40,0.04
13,0.08,90,1000,39,0.039
13,0.08,91,1000,40,0.04
13,0.08,92,1000,29,0.029
13,0.08,93,1000,41,0.041
13,0.08,94,1000,37,0.037
13,0.08,95,1000,50,0.05
13,0.08,96,1000,29,0.029
13,0.08,97,1000,28,0.028
13,0.08,98,1000,35,0.035
13,0.08,99,1000,50,0.05
13,0.08,100,1000,29,0.029
13,0.085,1,1000,62,0.062
13,0.085,2,1000,52,0.052
13,0.085,3,1000,47,0.047
13,0.085,4,1000,41,0.041
13,0.085,5,1000,42,0.042
13,0.085,6,1000,58,0.058
13,0.085,7,1000,60,0.06
13,0.085,8,1000,58,0.058
13,0.085,9,1000,66,0.066
13,0.085,10,1000,56,0.056
13,0.085,11,1000,51,0.051
13,0.085,12,1000,48,0.048
13,0.085,13,1000,58,0.058
13,0.085,14,1000,44,0.044
13,0.085,15,1000,59,0.059
13,0.085,16,1000,43,0.043
13,0.085,17,1000,58,0.058
13,0.085,18,1000,59,0.059
13,0.085,19,1000,43,0.043
13,0.085,20,1000,61,0.061
13,0.085,21,1000,65,0.065
13,0.085,22,1000,55,0.055
13,0.085,23,1000,63,0.063
13,0.085,24,1000,46,0.046
13,0.085,25,1000,60,0.06
13,0.085,26,1000,52,0.052
13,0.085,27,1000,62,0.062
13,0.085,28,1000,58,0.058
13,0.085,29,1000,55,0.055
13,0.085,30,1000,54,0.054
13,0.085,31,1000,65,0.065
13,0.085,32,1000,57,0.057
13,0.085,33,1000,54,0.054
13,0.085,34,1000,58,0.058
13,0.085,35,1000,46,0.046
13,0.085,36,1000,58,0.058
13,0.085,37,1000,47,0.047
13,0.085,38,1000,54,0.054
13,0.085,39,1000,42,0.042
13,0.085,40,1000,54,0.054
13,0.085,41,1000,56,0.056
13,0.085,42,1000,56,0.056
13,0.085,43,1000,55,0.055
13,0.085,44,1000,49,0.049
13,0.085,45,1000,49,0.049
13,0.085,46,1000,48,0.048
13,0.085,47,1000,54,0.054
13,0.085,48,1000,48,0.048
13,0.085,49,1000,48,0.048
13,0.085,50,1000,60,0.06
13,0.085,51,1000,52,0.052
13,0.085,52,1000,58,0.058
13,0.085,53,1000,54,0.054
13,0.085,54,1000,63,0.063
13,0.085,55,1000,55,0.055
13,0.085,56,1000,58,0.058
13,0.085,57,1000,62,0.062
13,0.085,58,1000,46,0.046
13,0.085,59,1000,60,0.06
13,0.085,60,1000,55,0.055
13,0.085,61,1000,56,0.056
13,0.085,62,1000,60,0.06
13,0.085,63,1000,45,0.045
13,0.085,64,1000,54,0.054
13,0.085,65,1000,50,0.05
13,0.085,66,1000,50,0.05
13,0.085,67,1000,68,0.068
13,0.085,68,1000,43,0.043
13,0.085,69,1000,52,0.052
13,0.085,70,1000,63,0.063
13,0.085,71,1000,45,0.045
13,0.085,72,1000,48,0.048
13,0.085,73,1000,56,0.056
13,0.085,74,1000,53,0.053
13,0.085,75,1000,56,0.056
13,0.085,76,1000,40,0.04
13,0.085,77,1000,49,0.049
13,0.085,78,1000,52,0.052
13,0.085,79,1000,52,0.052
13,0.085,80,1000,48,0.048
13,0.085,81,1000,55,0.055
13,0.085,82,1000,55,0.055
13,0.085,83,1000,59,0.059
13,0.085,84,1000,63,0.063
13,0.085,85,1000,59,0.059
13,0.085,86,1000,56,0.056
13,0.085,87,1000,55,0.055
13,0.085,88,1000,52,0.052
13,0.085,89,1000,68,0.068
13,0.085,90,1000,52,0.052
13,0.085,91,1000,58,0.058
13,0.085,92,1000,61,0.061
13,0.085,93,1000,52,0.052
13,0.085,94,1000,65,0.065
13,0.085,95,1000,64,0.064
13,0.085,96,1000,47,0.047
13,0.085,97,1000,42,0.042
13,0.085,98,1000,53,0.053
13,0.085,99,1000,54,0.054
13,0.085,100,1000,72,0.072
13,0.09,1,1000,86,0.086
13,0.09,2,1000,68,0.068
13,0.09,3,1000,80,0.08
13,0.09,4,1000,75,0.075
13,0.09,5,1000,69,0.069
13,0.09,6,1000,65,0.065
13,0.09,7,1000,83,0.083
13,0.09,8,1000,87,0.087
13,0.09,9,1000,74,0.074
13,0.09,10,1000,83,0.083
13,0.09,11,1000,67,0.067
13,0.09,12,1000,81,0.081
13,0.09,13,1000,65,0.065
13,0.09,14,1000,65,0.065
13,0.09,15,1000,64,0.064
13,0.09,16,1000,78,0.078
13,0.09,17,1000,81,0.081
13,0.09,18,1000,86,0.086
13,0.09,19,1000,76,0.076
13,0.09,20,1000,84,0.084
13,0.09,21,1000,65,0.065
13,0.09,22,1000,66,0.066
13,0.09,23,1000,74,0.074
13,0.09,24,1000,66,0.066
13,0.09,25,1000,67,0.067
13,0.09,26,1000,74,0.074
13,0.09,27,1000,76,0.076
13,0.09,28,1000,76,0.076
13,0.09,29,1000,92,0.092
13,0.09,30,1000,70,0.07
13,0.09,31,1000,69,0.069
13,0.09,32,1000,81,0.081
13,0.09,33,1000,67,0.067
13,0.09,34,1000,73,0.073
13,0.09,35,1000,80,0.08
13,0.09,36,1000,60,0.06
13,0.09,37,1000,79,0.079
13,0.09,38,1000,67,0.067
13,0.09,39,1000,72,0.072
13,0.09,40,1000,82,0.082
13,0.09,41,1000,75,0.075
13,0.09,42,1000,91,0.091
13,0.09,43,1000,77,0.077
13,0.09,44,1000,54,0.054
13,0.09,45,1000,77,0.077
13,0.09,46,1000,68,0.068
13,0.09,47,1000,68,0.068
13,0.09,48,1000,69,0.069
13,0.09,49,1000,90,0.09
13,0.09,50,1000,84,0.084
13,0.09,51,1000,64,0.064
13,0.09,52,1000,75,0.075
13,0.09,53,1000,79,0.079
13,0.09,54,1000,67,0.067
13,0.09,55,1000,77,0.077
13,0.09,56,1000,69,0.069
13,0.09,57,1000,68,0.068
13,0.09,58,1000,51,0.051
13,0.09,59,1000,81,0.081
13,0.09,60,1000,88,0.088
13,0.09,61,1000,69,0.069
13,0.09,62,1000,60,0.06
13,0.09,63,1000,70,0.07
13,0.09,64,1000,74,0.074
13,0.09,65,1000,86,0.086
13,0.09,66,1000,83,0.083
13,0.09,67,1000,79,0.079
13,0.09,68,1000,73,0.073
13,0.09,69,1000,81,0.081
13,0.09,70,1000,71,0.071
13,0.09,71,1000,75,0.075
13,0.09,72,1000,68,0.068
13,0.09,73,1000,77,0.077
13,0.09,74,1000,67,0.067
13,0.09,75,1000,76,0.076
13,0.09,76,1000,69,0.069
13,0.09,77,1000,70,0.07
13,0.09,78,1000,86,0.086
13,0.09,79,1000,87,0.087
13,0.09,80,1000,59,0.059
13,0.09,81,1000,73,0.073
13,0.09,82,1000,67,0.067
13,0.09,83,1000,80,0.08
13,0.09,84,1000,72,0.072
13,0.09,85,1000,68,0.068
13,0.09,86,1000,64,0.064
13,0.09,87,1000,59,0.059
13,0.09,88,1000,68,0.068
13,0.09,89,1000,69,0.069
13,0.09,90,1000,78,0.078
13,0.09,91,1000,74,0.074
13,0.09,92,1000,72,0.072
13,0.09,93,1000,56,0.056
13,0.09,94,1000,79,0.079
13,0.09,95,1000,69,0.069
13,0.09,96,1000,76,0.076
13,0.09,97,1000,64,0.064
13,0.09,98,1000,80,0.08
13,0.09,99,1000,72,0.072
13,0.09,100,1000,83,0.083
13,0.095,1,1000,83,0.083
13,0.095,2,1000,84,0.084
13,0.095,3,1000,97,0.097
13,0.095,4,1000,95,0.095
13,0.095,5,1000,82,0.082
13,0.095,6,1000,114,0.114
13,0.095,7,1000,101,0.101
13,0.095,8,1000,84,0.084
13,0.095,9,1000,100,0.1
13,0.095,10,1000,111,0.111
13,0.095,11,1000,91,0.091
13,0.095,12,1000,97,0.097
13,0.095,13,1000,77,0.077
13,0.095,14,1000,72,0.072
13,0.095,15,1000,98,0.098
13,0.095,16,1000,91,0.091
13,0.095,17,1000,98,0.098
13,0.095,18,1000,108,0.108
13,0.095,19,1000,93,0.093
13,0.095,20,1000,106,0.106
13,0.095,21,1000,108,0.108
13,0.095,22,1000,100,0.1
13,0.095,23,1000,91,0.091
13,0.095,24,1000,95,0.095
13,0.095,25,1000,87,0.087
13,0.095,26,1000,107,0.107
13,0.095,27,1000,96,0.096
13,0.095,28,1000,91,0.091
13,0.095,29,1000,100,0.1
13,0.095,30,1000,89,0.089
13,0.095,31,1000,88,0.088
13,0.095,32,1000,89,0.089
13,0.095,33,1000,121,0.121
13,0.095,34,1000,83,0.083
13,0.095,35,1000,101,0.101
13,0.095,36,1000,103,0.103
13,0.095,37,1000,99,0.099
13,0.095,38,1000,91,0.091
13,0.095,39,1000,106,0.106
13,0.095,40,1000,86,0.086
13,0.095,41,1000,102,0.102
13,0.095,42,1000,101,0.101
13,0.095,43,1000,93,0.093
13,0.095,44,1000,94,0.094
13,0.095,45,1000,98,0.098
13,0.095,46,1000,98,0.098
13,0.095,47,1000,93,0.093
13,0.095,48,1000,86,0.086
13,0.095,49,1000,101,0.101
13,0.095,50,1000,86,0.086
13,0.095,51,1000,95,0.095
13,0.095,52,1000,93,0.093
13,0.095,53,1000,96,0.096
13,0.095,54,1000,94,0.094
13,0.095,55,1000,102,0.102
13,0.095,56,1000,89,0.089
13,0.095,57,1000,103,0.103
13,0.095,58,1000,101,0.101
13,0.095,59,1000,98,0.098
13,0.095,60,1000,96,0.096
13,0.095,61,1000,89,0.089
13,0.095,62,1000,105,0.105
13,0.095,63,1000,93,0.093
13,0.095,64,1000,111,0.111
13,0.095,65,1000,89,0.089
13,0.095,66,1000,81,0.081
13,0.095,67,1000,90,0.09
13,0.095,68,1000,107,0.107
13,0.095,69,1000,90,0.09
13,0.095,70,1000,96,0.096
13,0.095,71,1000,98,0.098
13,0.095,72,1000,85,0.085
13,0.095,73,1000,99,0.099
13,0.095,74,1000,109,0.109
13,0.095,75,1000,90,0.09
13,0.095,76,1000,89,0.089
13,0.095,77,1000,104,0.104
13,0.095,78,1000,88,0.088
13,0.095,79,1000,99,0.099
13,0.095,80,1000,95,0.095
13,0.095,81,1000,86,0.086
13,0.095,82,1000,80,0.08
13,0.095,83,1000,100,0.1
13,0.095,84,1000,104,0.104
13,0.095,85,1000,110,0.11
13,0.095,86,1000,73,0.073
13,0.095,87,1000,102,0.102
13,0.095,88,1000,108,0.108
13,0.095,89,1000,104,0.104
13,0.095,90,1000,103,0.103
13,0.095,91,1000,79,0.079
13,0.095,92,1000,100,0.1
13,0.095,93,1000,83,0.083
13,0.095,94,1000,95,0.095
13,0.095,95,1000,86,0.086
13,0.095,96,1000,100,0.1
13,0.095,97,1000,85,0.085
13,0.095,98,1000,106,0.106
13,0.095,99,1000,92,0.092
13,0.095,100,1000,94,0.094
13,0.1,1,1000,117,0.117
13,0.1,2,1000,107,0.107
13,0.1,3,1000,118,0.118
13,0.1,4,1000,128,0.128
13,0.1,5,1000,113,0.113
13,0.1,6,1000,121,0.121
13,0.1,7,1000,107,0.107
13,0.1,8,1000,114,0.114
13,0.1,9,1000,123,0.123
13,0.1,10,1000,138,0.138
13,0.1,11,1000,119,0.119
13,0.1,12,1000,121,0.121
13,0.1,13,1000,121,0.121
13,0.1,14,1000,137,0.137
13,0.1,15,1000,113,0.113
13,0.1,16,1000,121,0.121
13,0.1,17,1000,126,0.126
13,0.1,18,1000,135,0.135
13,0.1,19,1000,132,0.132
13,0.1,20,1000,118,0.118
13,0.1,21,1000,130,0.13
13,0.1,22,1000,124,0.124
13,0.1,23,1000,121,0.121
13,0.1,24,1000,144,0.144
13,0.1,25,1000,121,0.121
13,0.1,26,1000,114,0.114
13,0.1,27,1000,139,0.139
13,0.1,28,1000,111,0.111
13,0.1,29,1000,125,0.125
13,0.1,30,1000,122,0.122
13,0.1,31,1000,115,0.115
13,0.1,32,1000,113,0.113
13,0.1,33,1000,137,0.137
13,0.1,34,1000,121,0.121
13,0.1,35,1000,126,0.126
13,0.1,36,1000,121,0.121
13,0.1,37,1000,132,0.132
13,0.1,38,1000,128,0.128
13,0.1,39,1000,102,0.102
13,0.1,40,1000,127,0.127
13,0.1,41,1000,115,0.115
13,0.1,42,1000,129,0.129
13,0.1,43,1000,115,0.115
13,0.1,44,1000,125,0.125
13,0.1,45,1000,98,0.098
13,0.1,46,1000,102,0.102
13,0.1,47,1000,134,0.134
13,0.1,48,1000,122,0.122
13,0.1,49,1000,130,0.13
13,0.1,50,1000,131,0.131
13,0.1,51,1000,114,0.114
13,0.1,52,1000,123,0.123
13,0.1,53,1000,132,0.132
13,0.1,54,1000,116,0.116
13,0.1,55,1000,121,0.121
13,0.1,56,1000,127,0.127
13,0.1,57,1000,110,0.11
13,0.1,58,1000,98,0.098
13,0.1,59,1000,123,0.123
13,0.1,60,1000,106,0.106
13,0.1,61,1000,122,0.122
13,0.1,62,1000,112,0.112
13,0.1,63,1000,131,0.131
13,0.1,64,1000,119,0.119
13,0.1,65,1000,123,0.123
13,0.1,66,1000,118,0.118
13,0.1,67,1000,102,0.102
13,0.1,68,1000,117,0.117
13,0.1,69,1000,138,0.138
13,0.1,70,1000,128,0.128
13,0.1,71,1000,121,0.121
13,0.1,72,1000,120,0.12
13,0.1,73,1000,97,0.097
13,0.1,74,1000,114,0.114
13,0.1,75,1000,112,0.112
13,0.1,76,1000,123,0.123
13,0.1,77,1000,127,0.127
13,0.1,78,1000,130,0.13
13,0.1,79,1000,115,0.115
13,0.1,80,1000,124,0.124
13,0.1,81,1000,126,0.126
13,0.1,82,1000,129,0.129
13,0.1,83,1000,138,0.138
13,0.1,84,1000,116,0.116
13,0.1,85,1000,135,0.135
13,0.1,86,1000,132,0.132
13,0.1,87,1000,111,0.111
13,0.1,88,1000,106,0.106
13,0.1,89,1000,109,0.109
13,0.1,90,1000,120,0.12
13,0.1,91,1000,109,0.109
13,0.1,92,1000,115,0.115
13,0.1,93,1000,123,0.123
13,0.1,94,1000,131,0.131
13,0.1,95,1000,121,0.121
13,0.1,96,1000,115,0.115
13,0.1,97,1000,133,0.133
13,0.1,98,1000,112,0.112
13,0.1,99,1000,122,0.122
13,0.1,100,1000,149,0.149
13,0.105,1,1000,146,0.146
13,0.105,2,1000,149,0.149
13,0.105,3,1000,150,0.15
13,0.105,4,1000,144,0.144
13,0.105,5,1000,164,0.164
13,0.105,6,1000,139,0.139
13,0.105,7,1000,162,0.162
13,0.105,8,1000,146,0.146
13,0.105,9,1000,128,0.128
13,0.105,10,1000,158,0.158
13,0.105,11,1000,144,0.144
13,0.105,12,1000,129,0.129
13,0.105,13,1000,158,0.158
13,0.105,14,1000,149,0.149
13,0.105,15,1000,156,0.156
13,0.105,16,1000,137,0.137
13,0.105,17,1000,169,0.169
13,0.105,18,1000,145,0.145
13,0.105,19,1000,146,0.146
13,0.105,20,1000,135,0.135
13,0.105,21,1000,133,0.133
13,0.105,22,1000,157,0.157
13,0.105,23,1000,143,0.143
13,0.105,24,1000,154,0.154
13,0.105,25,1000,155,0.155
13,0.105,26,1000,158,0.158
13,0.105,27,1000,141,0.141
13,0.105,28,1000,157,0.157
13,0.105,29,1000,139,0.139
13,0.105,30,1000,154,0.154
13,0.105,31,1000,137,0.137
13,0.105,32,1000,153,0.153
13,0.105,33,1000,139,0.139
13,0.105,34,1000,152,0.152
13,0.105,35,1000,154,0.154
13,0.105,36,1000,148,0.148
13,0.105,37,1000,146,0.146
13,0.105,38,1000,146,0.146
13,0.105,39,1000,139,0.139
13,0.105,40,1000,161,0.161
13,0.105,41,1000,146,0.146
13,0.105,42,1000,135,0.135
13,0.105,43,1000,148,0.148
13,0.105,44,1000,144,0.144
13,0.105,45,1000,156,0.156
13,0.105,46,1000,131,0.131
13,0.105,47,1000,166,0.166
13,0.105,48,1000,138,0.138
13,0.105,49,1000,146,0.146
13,0.105,50,1000,145,0.145
13,0.105,51,1000,145,0.145
13,0.105,52,1000,146,0.146
13,0.105,53,1000,155,0.155
13,0.105,54,1000,135,0.135
13,0.105,55,1000,133,0.133
13,0.105,56,1000,129,0.129
13,0.105,57,1000,154,0.154
13,0.105,58,1000,151,0.151
13,0.105,59,1000,150,0.15
13,0.105,60,1000,163,0.163
13,0.105,61,1000,153,0.153
13,0.105,62,1000,152,0.152
13,0.105,63,1000,143,0.143
13,0.105,64,1000,146,0.146
13,0.105,65,1000,161,0.161
13,0.105,66,1000,138,0.138
13,0.105,67,1000,158,0.158
13,0.105,68,1000,135,0.135
13,0.105,69,1000,172,0.172
13,0.105,70,1000,153,0.153
13,0.105,71,1000,146,0.146
13,0.105,72,1000,152,0.152
13,0.105,73,1000,166,0.166
13,0.105,74,1000,159,0.159
13,0.105,75,1000,179,0.179
13,0.105,76,1000,121,0.121
13,0.105,77,1000,138,0.138
13,0.105,78,1000,139,0.139
13,0.105,79,1000,154,0.154
13,0.105,80,1000,142,0.142
13,0.105,81,1000,144,0.144
13,0.105,82,1000,139,0.139
13,0.105,83,1000,150,0.15
13,0.105,84,1000,156,0.156
13,0.105,85,1000,164,0.164
13,0.105,86,1000,159,0.159
13,0.105,87,1000,150,0.15
13,0.105,88,1000,163,0.163
13,0.105,89,1000,149,0.149
13,0.105,90,1000,159,0.159
13,0.105,91,1000,150,0.15
13,0.105,92,1000,132,0.132
13,0.105,93,1000,134,0.134
13,0.105,94,1000,138,0.138
13,0.105,95,1000,153,0.153
13,0.105,96,1000,148,0.148
13,0.105,97,1000,153,0.153
13,0.105,98,1000,162,0.162
13,0.105,99,1000,141,0.141
13,0.105,100,1000,154,0.154
13,0.11,1,1000,166,0.166
13,0.11,2,1000,162,0.162
13,0.11,3,1000,188,0.188
13,0.11,4,1000,169,0.169
13,0.11,5,1000,188,0.188
13,0.11,6,1000,166,0.166
13,0.11,7,1000,187,0.187
13,0.11,8,1000,187,0.187
13,0.11,9,1000,171,0.171
13,0.11,10,1000,190,0.19
13,0.11,11,1000,149,0.149
13,0.11,12,1000,175,0.175
13,0.11,13,1000,160,0.16
13,0.11,14,1000,174,0.174
13,0.11,15,1000,180,0.18
13,0.11,16,1000,189,0.189
13,0.11,17,1000,174,0.174
13,0.11,18,1000,154,0.154
13,0.11,19,1000,179,0.179
13,0.11,20,1000,171,0.171
13,0.11,21,1000,175,0.175
13,0.11,22,1000,182,0.182
13,0.11,23,1000,177,0.177
13,0.11,24,1000,174,0.174
13,0.11,25,1000,180,0.18
13,0.11,26,1000,168,0.168
13,0.11,27,1000,169,0.169
13,0.11,28,1000,191,0.191
13,0.11,29,1000,167,0.167
13,0.11,30,1000,185,0.185
13,0.11,31,1000,185,0.185
13,0.11,32,1000,179,0.179
13,0.11,33,1000,180,0.18
13,0.11,34,1000,193,0.193
13,0.11,35,1000,198,0.198
13,0.11,36,1000,179,0.179
13,0.11,37,1000,185,0.185
13,0.11,38,1000,173,0.173
13,0.11,39,1000,182,0.182
13,0.11,40,1000,192,0.192
13,0.11,41,1000,179,0.179
13,0.11,42,1000,179,0.179
13,0.11,43,1000,184,0.184
13,0.11,44,1000,184,0.184
13,0.11,45,1000,173,0.173
13,0.11,46,1000,173,0.173
13,0.11,47,1000,187,0.187
13,0.11,48,1000,176,0.176
13,0.11,49,1000,187,0.187
13,0.11,50,1000,183,0.183
13,0.11,51,1000,160,0.16
13,0.11,52,1000,184,0.184
13,0.11,53,1000,161,0.161
13,0.11,54,1000,185,0.185
13,0.11,55,1000,185,0.185
13,0.11,56,1000,171,0.171
13,0.11,57,1000,197,0.197
13,0.11,58,1000,189,0.189
13,0.11,59,1000,169,0.169
13,0.11,60,1000,177,0.177
13,0.11,61,1000,177,0.177
13,0.11,62,1000,166,0.166
13,0.11,63,1000,183,0.183
13,0.11,64,1000,170,0.17
13,0.11,65,1000,170,0.17
13,0.11,66,1000,191,0.191
13,0.11,67,1000,180,0.18
13,0.11,68,1000,168,0.168
13,0.11,69,1000,157,0.157
13,0.11,70,1000,158,0.158
13,0.11,71,1000,195,0.195
13,0.11,72,1000,165,0.165
13,0.11,73,1000,162,0.162
13,0.11,74,1000,177,0.177
13,0.11,75,1000,187,0.187
13,0.11,76,1000,158,0.158
13,0.11,77,1000,171,0.171
13,0.11,78,1000,182,0.182
13,0.11,79,1000,159,0.159
13,0.11,80,1000,187,0.187
13,0.11,81,1000,187,0.187
13,0.11,82,1000,153,0.153
13,0.11,83,1000,173,0.173
13,0.11,84,1000,170,0.17
13,0.11,85,1000,195,0.195
13,0.11,86,1000,178,0.178
13,0.11,87,1000,170,0.17
13,0.11,88,1000,158,0.158
13,0.11,89,1000,156,0.156
13,0.11,90,1000,165,0.165
13,0.11,91,1000,182,0.182
13,0.11,92,1000,166,0.166
13,0.11,93,1000,150,0.15
13,0.11,94,1000,169,0.169
13,0.11,95,1000,190,0.19
13,0.11,96,1000,173,0.173
13,0.11,97,1000,194,0.194
13,0.11,98,1000,181,0.181
13,0.11,99,1000,164,0.164
13,0.11,100,1000,183,0.183
13,0.115,1,1000,200,0.2
13,0.115,2,1000,213,0.213
13,0.115,3,1000,205,0.205
13,0.115,4,1000,236,0.236
13,0.115,5,1000,178,0.178
13,0.115,6,1000,195,0.195
13,0.115,7,1000,205,0.205
13,0.115,8,1000,211,0.211
13,0.115,9,1000,211,0.211
13,0.115,10,1000,223,0.223
13,0.115,11,1000,199,0.199
13,0.115,12,1000,194,0.194
13,0.115,13,1000,201,0.201
13,0.115,14,1000,195,0.195
13,0.115,15,1000,186,0.186
13,0.115,16,1000,206,0.206
13,0.115,17,1000,215,0.215
13,0.115,18,1000,224,0.224
13,0.115,19,1000,219,0.219
13,0.115,20,1000,205,0.205
13,0.115,21,1000,204,0.204
13,0.115,22,1000,221,0.221
13,0.115,23,1000,206,0.206
13,0.115,24,1000,226,0.226
13,0.115,25,1000,209,0.209
13,0.115,26,1000,184,0.184
13,0.115,27,1000,214,0.214
13,0.115,28,1000,192,0.192
13,0.115,29,1000,212,0.212
13,0.115,30,1000,212,0.212
13,0.115,31,1000,198,0.198
13,0.115,32,1000,196,0.196
13,0.115,33,1000,201,0.201
13,0.115,34,1000,193,0.193
13,0.115,35,1000,202,0.202
13,0.115,36,1000,219,0.219
13,0.115,37,1000,228,0.228
13,0.115,38,1000,183,0.183
13,0.115,39,1000,232,0.232
13,0.115,40,1000,211,0.211
13,0.115,41,1000,221,0.221
13,0.115,42,1000,191,0.191
13,0.115,43,1000,185,0.185
13,0.115,44,1000,220,0.22
13,0.115,45,1000,185,0.185
13,0.115,46,1000,185,0.185
13,0.115,47,1000,220,0.22
13,0.115,48,1000,207,0.207
13,0.115,49,1000,211,0.211
13,0.115,50,1000,214,0.214
13,0.115,51,1000,186,0.186
13,0.115,52,1000,208,0.208
13,0.115,53,1000,196,0.196
13,0.115,54,1000,202,0.202
13,0.115,55,1000,192,0.192
13,0.115,56,1000,219,0.219
13,0.115,57,1000,217,0.217
13,0.115,58,1000,215,0.215
13,0.115,59,1000,204,0.204
13,0.115,60,1000,193,0.193
13,0.115,61,1000,208,0.208
13,0.115,62,1000,233,0.233
13,0.115,63,1000,216,0.216
13,0.115,64,1000,232,0.232
13,0.115,65,1000,210,0.21
13,0.115,66,1000,186,0.186
13,0.115,67,1000,201,0.201
13,0.115,68,1000,218,0.218
13,0.115,69,1000,200,0.2
13,0.115,70,1000,210,0.21
13,0.115,71,1000,207,0.207
13,0.115,72,1000,215,0.215
13,0.115,73,1000,205,0.205
13,0.115,74,1000,194,0.194
13,0.115,75,1000,216,0.216
13,0.115,76,1000,206,0.206
13,0.115,77,1000,209,0.209
13,0.115,78,1000,222,0.222
13,0.115,79,1000,192,0.192
13,0.115,80,1000,203,0.203
13,0.115,81,1000,198,0.198
13,0.115,82,1000,209,0.209
13,0.115,83,1000,194,0.194
13,0.115,84,1000,221,0.221
13,0.115,85,1000,177,0.177
13,0.115,86,1000,220,0.22
13,0.115,87,1000,218,0.218
13,0.115,88,1000,205,0.205
13,0.115,89,1000,216,0.216
13,0.115,90,1000,184,0.184
13,0.115,91,1000,204,0.204
13,0.115,92,1000,182,0.182
13,0.115,93,1000,205,0.205
13,0.115,94,1000,184,0.184
13,0.115,95,1000,220,0.22
13,0.115,96,1000,217,0.217
13,0.115,97,1000,185,0.185
13,0.115,98,1000,231,0.231
13,0.115,99,1000,207,0.207
13,0.115,100,1000,209,0.209
13,0.12,1,1000,235,0.235
13,0.12,2,1000,243,0.243
13,0.12,3,1000,261,0.261
13,0.12,4,1000,243,0.243
13,0.12,5,1000,236,0.236
13,0.12,6,1000,231,0.231
13,0.12,7,1000,243,0.243
13,0.12,8,1000,230,0.23
13,0.12,9,1000,221,0.221
13,0.12,10,1000,258,0.258
13,0.12,11,1000,247,0.247
13,0.12,12,1000,227,0.227
13,0.12,13,1000,247,0.247
13,0.12,14,1000,229,0.229
13,0.12,15,1000,220,0.22
13,0.12,16,1000,240,0.24
13,0.12,17,1000,241,0.241
13,0.12,18,1000,216,0.216
13,0.12,19,1000,224,0.224
13,0.12,20,1000,213,0.213
13,0.12,21,1000,235,0.235
13,0.12,22,1000,264,0.264
13,0.12,23,1000,248,0.248
13,0.12,24,1000,226,0.226
13,0.12,25,1000,216,0.216
13,0.12,26,1000,247,0.247
13,0.12,27,1000,241,0.241
13,0.12,28,1000,225,0.225
13,0.12,29,1000,254,0.254
13,0.12,30,1000,266,0.266
13,0.12,31,1000,233,0.233
13,0.12,32,1000,230,0.23
13,0.12,33,1000,220,0.22
13,0.12,34,1000,232,0.232
13,0.12,35,1000,248,0.248
13,0.12,36,1000,226,0.226
13,0.12,37,1000,266,0.266
13,0.12,38,1000,229,0.229
13,0.12,39,1000,235,0.235
13,0.12,40,1000,236,0.236
13,0.12,41,1000,252,0.252
13,0.12,42,1000,225,0.225
13,0.12,43,1000,231,0.231
13,0.12,44,1000,230,0.23
13,0.12,45,1000,228,0.228
13,0.12,46,1000,258,0.258
13,0.12,47,1000,222,0.222
13,0.12,48,1000,240,0.24
13,0.12,49,1000,238,0.238
13,0.12,50,1000,222,0.222
13,0.12,51,1000,227,0.227
13,0.12,52,1000,222,0.222
13,0.12,53,1000,244,0.244
13,0.12,54,1000,235,0.235
13,0.12,55,1000,210,0.21
13,0.12,56,1000,222,0.222
13,0.12,57,1000,218,0.218
13,0.12,58,1000,251,0.251
13,0.12,59,1000,225,0.225
13,0.12,60,1000,221,0.221
13,0.12,61,1000,236,0.236
13,0.12,62,1000,202,0.202
13,0.12,63,1000,221,0.221
13,0.12,64,1000,235,0.235
13,0.12,65,1000,248,0.248
13,0.12,66,1000,229,0.229
13,0.12,67,1000,253,0.253
13,0.12,68,1000,229,0.229
13,0.12,69,1000,248,0.248
13,0.12,70,1000,223,0.223
13,0.12,71,1000,215,0.215
13,0.12,72,1000,248,0.248
13,0.12,73,1000,238,0.238
13,0.12,74,1000,228,0.228
13,0.12,75,1000,230,0.23
13,0.12,76,1000,242,0.242
13,0.12,77,1000,250,0.25
13,0.12,78,1000,239,0.239
13,0.12,79,1000,223,0.223
13,0.12,80,1000,243,0.243
13,0.12,81,1000,245,0.245
13,0.12,82,1000,239,0.239
13,0.12,83,1000,235,0.235
13,0.12,84,1000,230,0.23
13,0.12,85,1000,221,0.221
13,0.12,86,1000,227,0.227
13,0.12,87,1000,240,0.24
13,0.12,88,1000,211,0.211
13,0.12,89,1000,224,0.224
13,0.12,90,1000,250,0.25
13,0.12,91,1000,250,0.25
13,0.12,92,1000,245,0.245
13,0.12,93,1000,239,0.239
13,0.12,94,1000,249,0.249
13,0.12,95,1000,246,0.246
13,0.12,96,1000,246,0.246
13,0.12,97,1000,266,0.266
13,0.12,98,1000,220,0.22
13,0.12,99,1000,238,0.238
13,0.12,100,1000,249,0.249
13,0.125,1,1000,276,0.276
13,0.125,2,1000,271,0.271
13,0.125,3,1000,269,0.269
13,0.125,4,1000,254,0.254
13,0.125,5,1000,267,0.267
13,0.125,6,1000,294,0.294
13,0.125,7,1000,265,0.265
13,0.125,8,1000,275,0.275
13,0.125,9,1000,268,0.268
13,0.125,10,1000,251,0.251
13,0.125,11,1000,253,0.253
13,0.125,12,1000,295,0.295
13,0.125,13,1000,255,0.255
13,0.125,14,1000,226,0.226
13,0.125,15,1000,261,0.261
13,0.125,16,1000,255,0.255
13,0.125,17,1000,270,0.27
13,0.125,18,1000,257,0.257
13,0.125,19,1000,298,0.298
13,0.125,20,1000,266,0.266
13,0.125,21,1000,290,0.29
13,0.125,22,1000,302,0.302
13,0.125,23,1000,281,0.281
13,0.125,24,1000,241,0.241
13,0.125,25,1000,267,0.267
13,0.125,26,1000,273,0.273
13,0.125,27,1000,278,0.278
13,0.125,28,1000,268,0.268
13,0.125,29,1000,247,0.247
13,0.125,30,1000,263,0.263
13,0.125,31,1000,277,0.277
13,0.125,32,1000,277,0.277
13,0.125,33,1000,240,0.24
13,0.125,34,1000,276,0.276
13,0.125,35,1000,281,0.281
13,0.125,36,1000,277,0.277
13,0.125,37,1000,262,0.262
13,0.125,38,1000,251,0.251
13,0.125,39,1000,287,0.287
13,0.125,40,1000,268,0.268
13,0.125,41,1000,275,0.275
13,0.125,42,1000,279,0.279
13,0.125,43,1000,290,0.29
13,0.125,44,1000,255,0.255
13,0.125,45,1000,276,0.276
13,0.125,46,1000,259,0.259
13,0.125,47,1000,263,0.263
13,0.125,48,1000,261,0.261
13,0.125,49,1000,248,0.248
13,0.125,50,1000,251,0.251
13,0.125,51,1000,274,0.274
13,0.125,52,1000,281,0.281
13,0.125,53,1000,273,0.273
13,0.125,54,1000,258,0.258
13,0.125,55,1000,277,0.277
13,0.125,56,1000,267,0.267
13,0.125,57,1000,263,0.263
13,0.125,58,1000,269,0.269
13,0.125,59,1000,243,0.243
13,0.125,60,1000,242,0.242
13,0.125,61,1000,239,0.239
13,0.125,62,1000,262,0.262
13,0.125,63,1000,286,0.286
13,0.125,64,1000,282,0.282
13,0.125,65,1000,269,0.269
13,0.125,66,1000,257,0.257
13,0.125,67,1000,254,0.254
13,0.125,68,1000,276,0.276
13,0.125,69,1000,275,0.275
13,0.125,70,1000,253,0.253
13,0.125,71,1000,287,0.287
13,0.125,72,1000,239,0.239
13,0.125,73,1000,264,0.264
13,0.125,74,1000,273,0.273
13,0.125,75,1000,274,0.274
13,0.125,76,1000,274,0.274
13,0.125,77,1000,251,0.251
13,0.125,78,1000,248,0.248
13,0.125,79,1000,256,0.256
13,0.125,80,1000,252,0.252
13,0.125,81,1000,275,0.275
13,0.125,82,1000,256,0.256
13,0.125,83,1000,256,0.256
13,0.125,84,1000,263,0.263
13,0.125,85,1000,270,0.27
13,0.125,86,1000,286,0.286
13,0.125,87,1000,254,0.254
13,0.125,88,1000,291,0.291
13,0.125,89,1000,252,0.252
13,0.125,90,1000,280,0.28
13,0.125,91,1000,264,0.264
13,0.125,92,1000,267,0.267
13,0.125,93,1000,255,0.255
13,0.125,94,1000,257,0.257
13,0.125,95,1000,266,0.266
13,0.125,96,1000,279,0.279
13,0.125,97,1000,279,0.279
13,0.125,98,1000,267,0.267
13,0.125,99,1000,289,0.289
13,0.125,100,1000,263,0.263
13,0.13,1,1000,273,0.273
13,0.13,2,1000,280,0.28
13,0.13,3,1000,284,0.284
13,0.13,4,1000,301,0.301
13,0.13,5,1000,300,0.3
13,0.13,6,1000,319,0.319
13,0.13,7,1000,296,0.296
13,0.13,8,1000,304,0.304
13,0.13,9,1000,296,0.296
13,0.13,10,1000,316,0.316
13,0.13,11,1000,287,0.287
13,0.13,12,1000,289,0.289
13,0.13,13,1000,312,0.312
13,0.13,14,1000,277,0.277
13,0.13,15,1000,292,0.292
13,0.13,16,1000,277,0.277
13,0.13,17,1000,283,0.283
13,0.13,18,1000,288,0.288
13,0.13,19,1000,301,0.301
13,0.13,20,1000,321,0.321
13,0.13,21,1000,308,0.308
13,0.13,22,1000,314,0.314
13,0.13,23,1000,268,0.268
13,0.13,24,1000,298,0.298
13,0.13,25,1000,274,0.274
13,0.13,26,1000,272,0.272
13,0.13,27,1000,298,0.298
13,0.13,28,1000,280,0.28
13,0.13,29,1000,287,0.287
13,0.13,30,1000,299,0.299
13,0.13,31,1000,270,0.27
13,0.13,32,1000,303,0.303
13,0.13,33,1000,291,0.291
13,0.13,34,1000,301,0.301
13,0.13,35,1000,286,0.286
13,0.13,36,1000,298,0.298
13,0.13,37,1000,297,0.297
13,0.13,38,1000,323,0.323
13,0.13,39,1000,331,0.331
13,0.13,40,1000,332,0.332
13,0.13,41,1000,302,0.302
13,0.13,42,1000,315,0.315
13,0.13,43,1000,295,0.295
13,0.13,44,1000,278,0.278
13,0.13,45,1000,280,0.28
13,0.13,46,1000,314,0.314
13,0.13,47,1000,289,0.289
13,0.13,48,1000,270,0.27
13,0.13,49,1000,314,0.314
13,0.13,50,1000,269,0.269
13,0.13,51,1000,337,0.337
13,0.13,52,1000,305,0.305
13,0.13,53,1000,282,0.282
13,0.13,54,1000,301,0.301
13,0.13,55,1000,313,0.313
13,0.13,56,1000,291,0.291
13,0.13,57,1000,284,0.284
13,0.13,58,1000,279,0.279
13,0.13,59,1000,274,0.274
13,0.13,60,1000,289,0.289
13,0.13,61,1000,289,0.289
13,0.13,62,1000,307,0.307
13,0.13,63,1000,315,0.315
13,0.13,64,1000,291,0.291
13,0.13,65,1000,305,0.305
13,0.13,66,1000,297,0.297
13,0.13,67,1000,300,0.3
13,0.13,68,1000,289,0.289
13,0.13,69,1000,300,0.3
13,0.13,70,1000,261,0.261
13,0.13,71,1000,316,0.316
13,0.13,72,1000,290,0.29
13,0.13,73,1000,307,0.307
13,0.13,74,1000,285,0.285
13,0.13,75,1000,289,0.289
13,0.13,76,1000,283,0.283
13,0.13,77,1000,276,0.276
13,0.13,78,1000,301,0.301
13,0.13,79,1000,283,0.283
13,0.13,80,1000,295,0.295
13,0.13,81,1000,300,0.3
13,0.13,82,1000,286,0.286
13,0.13,83,1000,306,0.306
13,0.13,84,1000,285,0.285
13,0.13,85,1000,282,0.282
13,0.13,86,1000,274,0.274
13,0.13,87,1000,305,0.305
13,0.13,88,1000,317,0.317
13,0.13,89,1000,296,0.296
13,0.13,90,1000,278,0.278
13,0.13,91,1000,295,0.295
13,0.13,92,1000,295,0.295
13,0.13,93,1000,307,0.307
13,0.13,94,1000,301,0.301
13,0.13,95,1000,287,0.287
13,0.13,96,1000,271,0.271
13,0.13,97,1000,287,0.287
13,0.13,98,1000,268,0.268
13,0.13,99,1000,300,0.3
13,0.13,100,1000,292,0.292
13,0.135,1,1000,305,0.305
13,0.135,2,1000,338,0.338
13,0.135,3,1000,314,0.314
13,0.135,4,1000,327,0.327
13,0.135,5,1000,333,0.333
13,0.135,6,1000,300,0.3
13,0.135,7,1000,303,0.303
13,0.135,8,1000,285,0.285
13,0.135,9,1000,335,0.335
13,0.135,10,1000,342,0.342
13,0.135,11,1000,315,0.315
13,0.135,12,1000,308,0.308
13,0.135,13,1000,328,0.328
13,0.135,14,1000,309,0.309
13,0.135,15,1000,288,0.288
13,0.135,16,1000,327,0.327
13,0.135,17,1000,324,0.324
13,0.135,18,1000,334,0.334
13,0.135,19,1000,298,0.298
13,0.135,20,1000,318,0.318
13,0.135,21,1000,325,0.325
13,0.135,22,1000,338,0.338
13,0.135,23,1000,336,0.336
13,0.135,24,1000,283,0.283
13,0.135,25,1000,325,0.325
13,0.135,26,1000,321,0.321
13,0.135,27,1000,328,0.328
13,0.135,28,1000,325,0.325
13,0.135,29,1000,308,0.308
13,0.135,30,1000,311,0.311
13,0.135,31,1000,322,0.322
13,0.135,32,1000,316,0.316
13,0.135,33,1000,297,0.297
13,0.135,34,1000,346,0.346
13,0.135,35,1000,314,0.314
13,0.135,36,1000,334,0.334
13,0.135,37,1000,324,0.324
13,0.135,38,1000,314,0.314
13,0.135,39,1000,335,0.335
13,0.135,40,1000,304,0.304
13,0.135,41,1000,325,0.325
13,0.135,42,1000,328,0.328
13,0.135,43,1000,315,0.315
13,0.135,44,1000,333,0.333
13,0.135,45,1000,337,0.337
13,0.135,46,1000,322,0.322
13,0.135,47,1000,326,0.326
13,0.135,48,1000,325,0.325
13,0.135,49,1000,287,0.287
13,0.135,50,1000,339,0.339
13,0.135,51,1000,303,0.303
13,0.135,52,1000,321,0.321
13,0.135,53,1000,287,0.287
13,0.135,54,1000,336,0.336
13,0.135,55,1000,329,0.329
13,0.135,56,1000,334,0.334
13,0.135,57,1000,300,0.3
13,0.135,58,1000,326,0.326
13,0.135,59,1000,298,0.298
13,0.135,60,1000,327,0.327
13,0.135,61,1000,321,0.321
13,0.135,62,1000,346,0.346
13,0.135,63,1000,317,0.317
13,0.135,64,1000,318,0.318
13,0.135,65,1000,311,0.311
13,0.135,66,1000,335,0.335
13,0.135,67,1000,317,0.317
13,0.135,68,1000,307,0.307
13,0.135,69,1000,294,0.294
13,0.135,70,1000,311,0.311
13,0.135,71,1000,312,0.312
13,0.135,72,1000,334,0.334
13,0.135,73,1000,331,0.331
13,0.135,74,1000,322,0.322
13,0.135,75,1000,318,0.318
13,0.135,76,1000,319,0.319
13,0.135,77,1000,316,0.316
13,0.135,78,1000,321,0.321
13,0.135,79,1000,313,0.313
13,0.135,80,1000,319,0.319
13,0.135,81,1000,339,0.339
13,0.135,82,1000,313,0.313
13,0.135,83,1000,332,0.332
13,0.135,84,1000,286,0.286
13,0.135,85,1000,304,0.304
13,0.135,86,1000,330,0.33
13,0.135,87,1000,306,0.306
13,0.135,88,1000,328,0.328
13,0.135,89,1000,323,0.323
13,0.135,90,1000,332,0.332
13,0.135,91,1000,320,0.32
13,0.135,92,1000,320,0.32
13,0.135,93,1000,336,0.336
13,0.135,94,1000,335,0.335
13,0.135,95,1000,309,0.309
13,0.135,96,1000,321,0.321
13,0.135,97,1000,307,0.307
13,0.135,98,1000,297,0.297
13,0.135,99,1000,298,0.298
13,0.135,100,1000,301,0.301
13,0.14,1,1000,333,0.333
13,0.14,2,1000,350,0.35
13,0.14,3,1000,327,0.327
13,0.14,4,1000,365,0.365
13,0.14,5,1000,346,0.346
13,0.14,6,1000,344,0.344
13,0.14,7,1000,337,0.337
13,0.14,8,1000,378,0.378
13,0.14,9,1000,351,0.351
13,0.14,10,1000,360,0.36
13,0.14,11,1000,327,0.327
13,0.14,12,1000,326,0.326
13,0.14,13,1000,349,0.349
13,0.14,14,1000,355,0.355
13,0.14,15,1000,359,0.359
13,0.14,16,1000,355,0.355
13,0.14,17,1000,364,0.364
13,0.14,18,1000,348,0.348
13,0.14,19,1000,355,0.355
13,0.14,20,1000,348,0.348
13,0.14,21,1000,337,0.337
13,0.14,22,1000,349,0.349
13,0.14,23,1000,361,0.361
13,0.14,24,1000,345,0.345
13,0.14,25,1000,346,0.346
13,0.14,26,1000,357,0.357
13,0.14,27,1000,334,0.334
13,0.14,28,1000,365,0.365
13,0.14,29,1000,326,0.326
13,0.14,30,1000,357,0.357
13,0.14,31,1000,344,0.344
13,0.14,32,1000,330,0.33
13,0.14,33,1000,351,0.351
13,0.14,34,1000,336,0.336
13,0.14,35,1000,348,0.348
13,0.14,36,1000,360,0.36
13,0.14,37,1000,322,0.322
13,0.14,38,1000,335,0.335
13,0.14,39,1000,351,0.351
13,0.14,40,1000,324,0.324
13,0.14,41,1000,352,0.352
13,0.14,42,1000,345,0.345
13,0.14,43,1000,338,0.338
13,0.14,44,1000,335,0.335
13,0.14,45,1000,355,0.355
13,0.14,46,1000,354,0.354
13,0.14,47,1000,340,0.34
13,0.14,48,1000,340,0.34
13,0.14,49,1000,364,0.364
13,0.14,50,1000,340,0.34
13,0.14,51,1000,336,0.336
13,0.14,52,1000,340,0.34
13,0.14,53,1000,356,0.356
13,0.14,54,1000,339,0.339
13,0.14,55,1000,363,0.363
13,0.14,56,1000,336,0.336
13,0.14,57,1000,345,0.345
13,0.14,58,1000,358,0.358
13,0.14,59,1000,344,0.344
13,0.14,60,1000,342,0.342
13,0.14,61,1000,373,0.373
13,0.14,62,1000,338,0.338
13,0.14,63,1000,333,0.333
13,0.14,64,1000,333,0.333
13,0.14,65,1000,350,0.35
13,0.14,66,1000,334,0.334
13,0.14,67,1000,330,0.33
13,0.14,68,1000,332,0.332
13,0.14,69,1000,329,0.329
13,0.14,70,1000,347,0.347
13,0.14,71,1000,344,0.344
13,0.14,72,1000,340,0.34
13,0.14,73,1000,348,0.348
13,0.14,74,1000,360,0.36
13,0.14,75,1000,370,0.37
13,0.14,76,1000,350,0.35
13,0.14,77,1000,341,0.341
13,0.14,78,1000,347,0.347
13,0.14,79,1000,347,0.347
13,0.14,80,1000,348,0.348
13,0.14,81,1000,374,0.374
13,0.14,82,1000,335,0.335
13,0.14,83,1000,329,0.329
13,0.14,84,1000,324,0.324
13,0.14,85,1000,340,0.34
13,0.14,86,1000,329,0.329
13,0.14,87,1000,347,0.347
13,0.14,88,1000,336,0.336
13,0.14,89,1000,335,0.335
13,0.14,90,1000,333,0.333
13,0.14,91,1000,346,0.346
13,0.14,92,1000,340,0.34
13,0.14,93,1000,347,0.347
13,0.14,94,1000,360,0.36
13,0.14,95,1000,354,0.354
13,0.14,96,1000,351,0.351
13,0.14,97,1000,360,0.36
13,0.14,98,1000,342,0.342
13,0.14,99,1000,343,0.343
13,0.14,100,1000,345,0.345
13,0.145,1,1000,370,0.37
13,0.145,2,1000,387,0.387
13,0.145,3,1000,380,0.38
13,0.145,4,1000,360,0.36
13,0.145,5,1000,331,0.331
13,0.145,6,1000,400,0.4
13,0.145,7,1000,367,0.367
13,0.145,8,1000,367,0.367
13,0.145,9,1000,369,0.369
13,0.145,10,1000,368,0.368
13,0.145,11,1000,373,0.373
13,0.145,12,1000,364,0.364
13,0.145,13,1000,337,0.337
13,0.145,14,1000,358,0.358
13,0.145,15,1000,380,0.38
13,0.145,16,1000,362,0.362
13,0.145,17,1000,395,0.395
13,0.145,18,1000,357,0.357
13,0.145,19,1000,363,0.363
13,0.145,20,1000,357,0.357
13,0.145,21,1000,388,0.388
13,0.145,22,1000,367,0.367
13,0.145,23,1000,406,0.406
13,0.145,24,1000,355,0.355
13,0.145,25,1000,364,0.364
13,0.145,26,1000,374,0.374
13,0.145,27,1000,381,0.381
13,0.145,28,1000,365,0.365
13,0.145,29,1000,362,0.362
13,0.145,30,1000,349,0.349
13,0.145,31,1000,393,0.393
13,0.145,32,1000,373,0.373
13,0.145,33,1000,400,0.4
13,0.145,34,1000,364,0.364
13,0.145,35,1000,397,0.397
13,0.145,36,1000,372,0.372
13,0.145,37,1000,335,0.335
13,0.145,38,1000,356,0.356
13,0.145,39,1000,377,0.377
13,0.145,40,1000,366,0.366
13,0.145,41,1000,369,0.369
13,0.145,42,1000,383,0.383
13,0.145,43,1000,360,0.36
13,0.145,44,1000,383,0.383
13,0.145,45,1000,360,0.36
13,0.145,46,1000,346,0.346
13,0.145,47,1000,376,0.376
13,0.145,48,1000,348,0.348
13,0.145,49,1000,373,0.373
13,0.145,50,1000,363,0.363
13,0.145,51,1000,366,0.366
13,0.145,52,1000,330,0.33
13,0.145,53,1000,360,0.36
13,0.145,54,1000,376,0.376
13,0.145,55,1000,365,0.365
13,0.145,56,1000,372,0.372
13,0.145,57,1000,375,0.375
13,0.145,58,1000,376,0.376
13,0.145,59,1000,357,0.357
13,0.145,60,1000,350,0.35
13,0.145,61,1000,377,0.377
13,0.145,62,1000,356,0.356
13,0.145,63,1000,385,0.385
13,0.145,64,1000,373,0.373
13,0.145,65,1000,374,0.374
13,0.145,66,1000,344,0.344
13,0.145,67,1000,349,0.349
13,0.145,68,1000,367,0.367
13,0.145,69,1000,372,0.372
13,0.145,70,1000,374,0.374
13,0.145,71,1000,378,0.378
13,0.145,72,1000,370,0.37
13,0.145,73,1000,378,0.378
13,0.145,74,1000,399,0.399
13,0.145,75,1000,358,0.358
13,0.145,76,1000,360,0.36
13,0.145,77,1000,366,0.366
13,0.145,78,1000,337,0.337
13,0.145,79,1000,371,0.371
13,0.145,80,1000,353,0.353
13,0.145,81,1000,383,0.383
13,0.145,82,1000,388,0.388
13,0.145,83,1000,373,0.373
13,0.145,84,1000,365,0.365
13,0.145,85,1000,386,0.386
13,0.145,86,1000,352,0.352
13,0.145,87,1000,401,0.401
13,0.145,88,1000,360,0.36
13,0.145,89,1000,377,0.377
13,0.145,90,1000,367,0.367
13,0.145,91,1000,375,0.375
13,0.145,92,1000,361,0.361
13,0.145,93,1000,377,0.377
13,0.145,94,1000,366,0.366
13,0.145,95,1000,361,0.361
13,0.145,96,1000,364,0.364
13,0.145,97,1000,379,0.379
13,0.145,98,1000,368,0.368
13,0.145,99,1000,364,0.364
13,0.145,100,1000,358,0.358
13,0.15,1,1000,376,0.376
13,0.15,2,1000,398,0.398
13,0.15,3,1000,405,0.405
13,0.15,4,1000,403,0.403
13,0.15,5,1000,385,0.385
13,0.15,6,1000,363,0.363
13,0.15,7,1000,407,0.407
13,0.15,8,1000,381,0.381
13,0.15,9,1000,403,0.403
13,0.15,10,1000,388,0.388
13,0.15,11,1000,383,0.383
13,0.15,12,1000,395,0.395
13,0.15,13,1000,387,0.387
13,0.15,14,1000,394,0.394
13,0.15,15,1000,384,0.384
13,0.15,16,1000,375,0.375
13,0.15,17,1000,399,0.399
13,0.15,18,1000,400,0.4
13,0.15,19,1000,375,0.375
13,0.15,20,1000,406,0.406
13,0.15,21,1000,354,0.354
13,0.15,22,1000,395,0.395
13,0.15,23,1000,393,0.393
13,0.15,24,1000,387,0.387
13,0.15,25,1000,395,0.395
13,0.15,26,1000,366,0.366
13,0.15,27,1000,390,0.39
13,0.15,28,1000,403,0.403
13,0.15,29,1000,401,0.401
13,0.15,30,1000,404,0.404
13,0.15,31,1000,372,0.372
13,0.15,32,1000,397,0.397
13,0.15,33,1000,384,0.384
13,0.15,34,1000,364,0.364
13,0.15,35,1000,402,0.402
13,0.15,36,1000,394,0.394
13,0.15,37,1000,395,0.395
13,0.15,38,1000,385,0.385
13,0.15,39,1000,372,0.372
13,0.15,40,1000,412,0.412
13,0.15,41,1000,370,0.37
13,0.15,42,1000,380,0.38
13,0.15,43,1000,403,0.403
13,0.15,44,1000,400,0.4
13,0.15,45,1000,389,0.389
13,0.15,46,1000,392,0.392
13,0.15,47,1000,416,0.416
13,0.15,48,1000,374,0.374
13,0.15,49,1000,408,0.408
13,0.15,50,1000,385,0.385
13,0.15,51,1000,411,0.411
13,0.15,52,1000,362,0.362
13,0.15,53,1000,367,0.367
13,0.15,54,1000,385,0.385
13,0.15,55,1000,412,0.412
13,0.15,56,1000,379,0.379
13,0.15,57,1000,368,0.368
13,0.15,58,1000,406,0.406
13,0.15,59,1000,383,0.383
13,0.15,60,1000,401,0.401
13,0.15,61,1000,389,0.389
13,0.15,62,1000,395,0.395
13,0.15,63,1000,411,0.411
13,0.15,64,1000,379,0.379
13,0.15,65,1000,380,0.38
13,0.15,66,1000,370,0.37
13,0.15,67,1000,400,0.4
13,0.15,68,1000,386,0.386
13,0.15,69,1000,377,0.377
13,0.15,70,1000,379,0.379
13,0.15,71,1000,363,0.363
13,0.15,72,1000,380,0.38
13,0.15,73,1000,386,0.386
13,0.15,74,1000,399,0.399
13,0.15,75,1000,385,0.385
13,0.15,76,1000,377,0.377
13,0.15,77,1000,391,0.391
13,0.15,78,1000,384,0.384
13,0.15,79,1000,381,0.381
13,0.15,80,1000,384,0.384
13,0.15,81,1000,405,0.405
13,0.15,82,1000,395,0.395
13,0.15,83,1000,377,0.377
13,0.15,84,1000,383,0.383
13,0.15,85,1000,376,0.376
13,0.15,86,1000,389,0.389
13,0.15,87,1000,371,0.371
13,0.15,88,1000,393,0.393
13,0.15,89,1000,403,0.403
13,0.15,90,1000,357,0.357
13,0.15,91,1000,394,0.394
13,0.15,92,1000,357,0.357
13,0.15,93,1000,393,0.393
13,0.15,94,1000,387,0.387
13,0.15,95,1000,422,0.422
13,0.15,96,1000,380,0.38
13,0.15,97,1000,400,0.4
13,0.15,98,1000,382,0.382
13,0.15,99,1000,405,0.405
13,0.15,100,1000,387,0.387
13,0.155,1,1000,415,0.415
13,0.155,2,1000,406,0.406
13,0.155,3,1000,393,0.393
13,0.155,4,1000,424,0.424
13,0.155,5,1000,403,0.403
13,0.155,6,1000,420,0.42
13,0.155,7,1000,415,0.415
13,0.155,8,1000,397,0.397
13,0.155,9,1000,384,0.384
13,0.155,10,1000,405,0.405
13,0.155,11,1000,423,0.423
13,0.155,12,1000,379,0.379
13,0.155,13,1000,375,0.375
13,0.155,14,1000,431,0.431
13,0.155,15,1000,408,0.408
13,0.155,16,1000,423,0.423
13,0.155,17,1000,423,0.423
13,0.155,18,1000,405,0.405
13,0.155,19,1000,425,0.425
13,0.155,20,1000,410,0.41
13,0.155,21,1000,414,0.414
13,0.155,22,1000,364,0.364
13,0.155,23,1000,361,0.361
13,0.155,24,1000,404,0.404
13,0.155,25,1000,417,0.417
13,0.155,26,1000,387,0.387
13,0.155,27,1000,411,0.411
13,0.155,28,1000,402,0.402
13,0.155,29,1000,412,0.412
13,0.155,30,1000,406,0.406
13,0.155,31,1000,406,0.406
13,0.155,32,1000,405,0.405
13,0.155,33,1000,387,0.387
13,0.155,34,1000,412,0.412
13,0.155,35,1000,406,0.406
13,0.155,36,1000,412,0.412
13,0.155,37,1000,401,0.401
13,0.155,38,1000,418,0.418
13,0.155,39,1000,400,0.4
13,0.155,40,1000,424,0.424
13,0.155,41,1000,393,0.393
13,0.155,42,1000,411,0.411
13,0.155,43,1000,381,0.381
13,0.155,44,1000,390,0.39
13,0.155,45,1000,418,0.418
13,0.155,46,1000,398,0.398
13,0.155,47,1000,446,0.446
13,0.155,48,1000,418,0.418
13,0.155,49,1000,395,0.395
13,0.155,50,1000,397,0.397
13,0.155,51,1000,400,0.4
13,0.155,52,1000,406,0.406
13,0.155,53,1000,379,0.379
13,0.155,54,1000,411,0.411
13,0.155,55,1000,413,0.413
13,0.155,56,1000,423,0.423
13,0.155,57,1000,405,0.405
13,0.155,58,1000,425,0.425
13,0.155,59,1000,408,0.408
13,0.155,60,1000,418,0.418
13,0.155,61,1000,435,0.435
13,0.155,62,1000,393,0.393
13,0.155,63,1000,427,0.427
13,0.155,64,1000,426,0.426
13,0.155,65,1000,420,0.42
13,0.155,66,1000,414,0.414
13,0.155,67,1000,385,0.385
13,0.155,68,1000,416,0.416
13,0.155,69,1000,399,0.399
13,0.155,70,1000,407,0.407
13,0.155,71,1000,408,0.408
13,0.155,72,1000,399,0.399
13,0.155,73,1000,432,0.432
13,0.155,74,1000,395,0.395
13,0.155,75,1000,414,0.414
13,0.155,76,1000,389,0.389
13,0.155,77,1000,395,0.395
13,0.155,78,1000,397,0.397
13,0.155,79,1000,404,0.404
13,0.155,80,1000,394,0.394
13,0.155,81,1000,430,0.43
13,0.155,82,1000,401,0.401
13,0.155,83,1000,422,0.422
13,0.155,84,1000,428,0.428
13,0.155,85,1000,407,0.407
13,0.155,86,1000,407,0.407
13,0.155,87,1000,406,0.406
13,0.155,88,1000,397,0.397
13,0.155,89,1000,406,0.406
13,0.155,90,1000,431,0.431
13,0.155,91,1000,386,0.386
13,0.155,92,1000,404,0.404
13,0.155,93,1000,402,0.402
13,0.155,94,1000,392,0.392
13,0.155,95,1000,427,0.427
13,0.155,96,1000,387,0.387
13,0.155,97,1000,386,0.386
13,0.155,98,1000,387,0.387
13,0.155,99,1000,412,0.412
13,0.155,100,1000,381,0.381
13,0.16,1,1000,446,0.446
13,0.16,2,1000,417,0.417
13,0.16,3,1000,404,0.404
13,0.16,4,1000,418,0.418
13,0.16,5,1000,443,0.443
13,0.16,6,1000,396,0.396
13,0.16,7,1000,428,0.428
13,0.16,8,1000,433,0.433
13,0.16,9,1000,428,0.428
13,0.16,10,1000,413,0.413
13,0.16,11,1000,420,0.42
13,0.16,12,1000,420,0.42
13,0.16,13,1000,439,0.439
13,0.16,14,1000,406,0.406
13,0.16,15,1000,416,0.416
13,0.16,16,1000,412,0.412
13,0.16,17,1000,438,0.438
13,0.16,18,1000,411,0.411
13,0.16,19,1000,430,0.43
13,0.16,20,1000,436,0.436
13,0.16,21,1000,412,0.412
13,0.16,22,1000,425,0.425
13,0.16,23,1000,446,0.446
13,0.16,24,1000,413,0.413
13,0.16,25,1000,435,0.435
13,0.16,26,1000,409,0.409
13,0.16,27,1000,424,0.424
13,0.16,28,1000,437,0.437
13,0.16,29,1000,441,0.441
13,0.16,30,1000,404,0.404
13,0.16,31,1000,449,0.449
13,0.16,32,1000,444,0.444
13,0.16,33,1000,430,0.43
13,0.16,34,1000,443,0.443
13,0.16,35,1000,428,0.428
13,0.16,36,1000,427,0.427
13,0.16,37,1000,451,0.451
13,0.16,38,1000,406,0.406
13,0.16,39,1000,408,0.408
13,0.16,40,1000,429,0.429
13,0.16,41,1000,421,0.421
13,0.16,42,1000,433,0.433
13,0.16,43,1000,429,0.429
13,0.16,44,1000,429,0.429
13,0.16,45,1000,437,0.437
13,0.16,46,1000,431,0.431
13,0.16,47,1000,429,0.429
13,0.16,48,1000,430,0.43
13,0.16,49,1000,445,0.445
13,0.16,50,1000,413,0.413
13,0.16,51,1000,395,0.395
13,0.16,52,1000,398,0.398
13,0.16,53,1000,428,0.428
13,0.16,54,1000,429,0.429
13,0.16,55,1000,450,0.45
13,0.16,56,1000,409,0.409
13,0.16,57,1000,428,0.428
13,0.16,58,1000,440,0.44
13,0.16,59,1000,429,0.429
13,0.16,60,1000,435,0.435
13,0.16,61,1000,421,0.421
13,0.16,62,1000,412,0.412
13,0.16,63,1000,447,0.447
13,0.16,64,1000,412,0.412
13,0.16,65,1000,442,0.442
13,0.16,66,1000,419,0.419
13,0.16,67,1000,397,0.397
13,0.16,68,1000,419,0.419
13,0.16,69,1000,422,0.422
13,0.16,70,1000,409,0.409
13,0.16,71,1000,459,0.459
13,0.16,72,1000,418,0.418
13,0.16,73,1000,417,0.417
13,0.16,74,1000,429,0.429
13,0.16,75,1000,422,0.422
13,0.16,76,1000,425,0.425
13,0.16,77,1000,436,0.436
13,0.16,78,1000,428,0.428
13,0.16,79,1000,420,0.42
13,0.16,80,1000,432,0.432
13,0.16,81,1000,429,0.429
13,0.16,82,1000,420,0.42
13,0.16,83,1000,432,0.432
13,0.16,84,1000,420,0.42
13,0.16,85,1000,430,0.43
13,0.16,86,1000,390,0.39
13,0.16,87,1000,424,0.424
13,0.16,88,1000,423,0.423
13,0.16,89,1000,440,0.44
13,0.16,90,1000,388,0.388
13,0.16,91,1000,433,0.433
13,0.16,92,1000,423,0.423
13,0.16,93,1000,403,0.403
13,0.16,94,1000,451,0.451
13,0.16,95,1000,457,0.457
13,0.16,96,1000,411,0.411
13,0.16,97,1000,438,0.438
13,0.16,98,1000,406,0.406
13,0.16,99,1000,423,0.423
13,0.16,100,1000,417,0.417
15,0.0,1,1000,0,0.0
15,0.0,2,1000,0,0.0
15,0.0,3,1000,0,0.0
15,0.0,4,1000,0,0.0
15,0.0,5,1000,0,0.0
15,0.0,6,1000,0,0.0
15,0.0,7,1000,0,0.0
15,0.0,8,1000,0,0.0
15,0.0,9,1000,0,0.0
15,0.0,10,1000,0,0.0
15,0.0,11,1000,0,0.0
15,0.0,12,1000,0,0.0
15,0.0,13,1000,0,0.0
15,0.0,14,1000,0,0.0
15,0.0,15,1000,0,0.0
15,0.0,16,1000,0,0.0
15,0.0,17,1000,0,0.0
15,0.0,18,1000,0,0.0
15,0.0,19,1000,0,0.0
15,0.0,20,1000,0,0.0
15,0.0,21,1000,0,0.0
15,0.0,22,1000,0,0.0
15,0.0,23,1000,0,0.0
15,0.0,24,1000,0,0.0
15,0.0,25,1000,0,0.0
15,0.0,26,1000,0,0.0
15,0.0,27,1000,0,0.0
15,0.0,28,1000,0,0.0
15,0.0,29,1000,0,0.0
15,0.0,30,1000,0,0.0
15,0.0,31,1000,0,0.0
15,0.0,32,1000,0,0.0
15,0.0,33,1000,0,0.0
15,0.0,34,1000,0,0.0
15,0.0,35,1000,0,0.0
15,0.0,36,1000,0,0.0
15,0.0,37,1000,0,0.0
15,0.0,38,1000,0,0.0
15,0.0,39,1000,0,0.0
15,0.0,40,1000,0,0.0
15,0.0,41,1000,0,0.0
15,0.0,42,1000,0,0.0
15,0.0,43,1000,0,0.0
15,0.0,44,1000,0,0.0
15,0.0,45,1000,0,0.0
15,0.0,46,1000,0,0.0
15,0.0,47,1000,0,0.0
15,0.0,48,1000,0,0.0
15,0.0,49,1000,0,0.0
15,0.0,50,1000,0,0.0
15,0.0,51,1000,0,0.0
15,0.0,52,1000,0,0.0
15,0.0,53,1000,0,0.0
15,0.0,54,1000,0,0.0
15,0.0,55,1000,0,0.0
15,0.0,56,1000,0,0.0
15,0.0,57,1000,0,0.0
15,0.0,58,1000,0,0.0
15,0.0,59,1000,0,0.0
15,0.0,60,1000,0,0.0
15,0.0,61,1000,0,0.0
15,0.0,62,1000,0,0.0
15,0.0,63,1000,0,0.0
15,0.0,64,1000,0,0.0
15,0.0,65,1000,0,0.0
15,0.0,66,1000,0,0.0
15,0.0,67,1000,0,0.0
15,0.0,68,1000,0,0.0
15,0.0,69,1000,0,0.0
15,0.0,70,1000,0,0.0
15,0.0,71,1000,0,0.0
15,0.0,72,1000,0,0.0
15,0.0,73,1000,0,0.0
15,0.0,74,1000,0,0.0
15,0.0,75,1000,0,0.0
15,0.0,76,1000,0,0.0
15,0.0,77,1000,0,0.0
15,0.0,78,1000,0,0.0
15,0.0,79,1000,0,0.0
15,0.0,80,1000,0,0.0
15,0.0,81,1000,0,0.0
15,0.0,82,1000,0,0.0
15,0.0,83,1000,0,0.0
15,0.0,84,1000,0,0.0
15,0.0,85,1000,0,0.0
15,0.0,86,1000,0,0.0
15,0.0,87,1000,0,0.0
15,0.0,88,1000,0,0.0
15,0.0,89,1000,0,0.0
15,0.0,90,1000,0,0.0
15,0.0,91,1000,0,0.0
15,0.0,92,1000,0,0.0
15,0.0,93,1000,0,0.0
15,0.0,94,1000,0,0.0
15,0.0,95,1000,0,0.0
15,0.0,96,1000,0,0.0
15,0.0,97,1000,0,0.0
15,0.0,98,1000,0,0.0
15,0.0,99,1000,0,0.0
15,0.0,100,1000,0,0.0
15,0.005,1,1000,0,0.0
15,0.005,2,1000,0,0.0
15,0.005,3,1000,0,0.0
15,0.005,4,1000,0,0.0
15,0.005,5,1000,0,0.0
15,0.005,6,1000,0,0.0
15,0.005,7,1000,0,0.0
15,0.005,8,1000,0,0.0
15,0.005,9,1000,0,0.0
15,0.005,10,1000,0,0.0
15,0.005,11,1000,0,0.0
15,0.005,12,1000,0,0.0
15,0.005,13,1000,0,0.0
15,0.005,14,1000,0,0.0
15,0.005,15,1000,0,0.0
15,0.005,16,1000,0,0.0
15,0.005,17,1000,0,0.0
15,0.005,18,1000,0,0.0
15,0.005,19,1000,0,0.0
15,0.005,20,1000,0,0.0
15,0.005,21,1000,0,0.0
15,0.005,22,1000,0,0.0
15,0.005,23,1000,0,0.0
15,0.005,24,1000,0,0.0
15,0.005,25,1000,0,0.0
15,0.005,26,1000,0,0.0
15,0.005,27,1000,0,0.0
15,0.005,28,1000,0,0.0
15,0.005,29,1000,0,0.0
15,0.005,30,1000,0,0.0
15,0.005,31,1000,0,0.0
15,0.005,32,1000,0,0.0
15,0.005,33,1000,0,0.0
15,0.005,34,1000,0,0.0
15,0.005,35,1000,0,0.0
15,0.005,36,1000,0,0.0
15,0.005,37,1000,0,0.0
15,0.005,38,1000,0,0.0
15,0.005,39,1000,0,0.0
15,0.005,40,1000,0,0.0
15,0.005,41,1000,0,0.0
15,0.005,42,1000,0,0.0
15,0.005,43,1000,0,0.0
15,0.005,44,1000,0,0.0
15,0.005,45,1000,0,0.0
15,0.005,46,1000,0,0.0
15,0.005,47,1000,0,0.0
15,0.005,48,1000,0,0.0
15,0.005,49,1000,0,0.0
15,0.005,50,1000,0,0.0
15,0.005,51,1000,0,0.0
15,0.005,52,1000,0,0.0
15,0.005,53,1000,0,0.0
15,0.005,54,1000,0,0.0
15,0.005,55,1000,0,0.0
15,0.005,56,1000,0,0.0
15,0.005,57,1000,0,0.0
15,0.005,58,1000,0,0.0
15,0.005,59,1000,0,0.0
15,0.005,60,1000,0,0.0
15,0.005,61,1000,0,0.0
15,0.005,62,1000,0,0.0
15,0.005,63,1000,0,0.0
15,0.005,64,1000,0,0.0
15,0.005,65,1000,0,0.0
15,0.005,66,1000,0,0.0
15,0.005,67,1000,0,0.0
15,0.005,68,1000,0,0.0
15,0.005,69,1000,0,0.0
15,0.005,70,1000,0,0.0
15,0.005,71,1000,0,0.0
15,0.005,72,1000,0,0.0
15,0.005,73,1000,0,0.0
15,0.005,74,1000,0,0.0
15,0.005,75,1000,0,0.0
15,0.005,76,1000,0,0.0
15,0.005,77,1000,0,0.0
15,0.005,78,1000,0,0.0
15,0.005,79,1000,0,0.0
15,0.005,80,1000,0,0.0
15,0.005,81,1000,0,0.0
15,0.005,82,1000,0,0.0
15,0.005,83,1000,0,0.0
15,0.005,84,1000,0,0.0
15,0.005,85,1000,0,0.0
15,0.005,86,1000,0,0.0
15,0.005,87,1000,0,0.0
15,0.005,88,1000,0,0.0
15,0.005,89,1000,0,0.0
15,0.005,90,1000,0,0.0
15,0.005,91,1000,0,0.0
15,0.005,92,1000,0,0.0
15,0.005,93,1000,0,0.0
15,0.005,94,1000,0,0.0
15,0.005,95,1000,0,0.0
15,0.005,96,1000,0,0.0
15,0.005,97,1000,0,0.0
15,0.005,98,1000,0,0.0
15,0.005,99,1000,0,0.0
15,0.005,100,1000,0,0.0
15,0.01,1,1000,0,0.0
15,0.01,2,1000,0,0.0
15,0.01,3,1000,0,0.0
15,0.01,4,1000,0,0.0
15,0.01,5,1000,0,0.0
15,0.01,6,1000,0,0.0
15,0.01,7,1000,0,0.0
15,0.01,8,1000,0,0.0
15,0.01,9,1000,0,0.0
15,0.01,10,1000,0,0.0
15,0.01,11,1000,0,0.0
15,0.01,12,1000,0,0.0
15,0.01,13,1000,0,0.0
15,0.01,14,1000,0,0.0
15,0.01,15,1000,0,0.0
15,0.01,16,1000,0,0.0
15,0.01,17,1000,0,0.0
15,0.01,18,1000,0,0.0
15,0.01,19,1000,0,0.0
15,0.01,20,1000,0,0.0
15,0.01,21,1000,0,0.0
15,0.01,22,1000,0,0.0
15,0.01,23,1000,0,0.0
15,0.01,24,1000,0,0.0
15,0.01,25,1000,0,0.0
15,0.01,26,1000,0,0.0
15,0.01,27,1000,0,0.0
15,0.01,28,1000,0,0.0
15,0.01,29,1000,0,0.0
15,0.01,30,1000,0,0.0
15,0.01,31,1000,0,0.0
15,0.01,32,1000,0,0.0
15,0.01,33,1000,0,0.0
15,0.01,34,1000,0,0.0
15,0.01,35,1000,0,0.0
15,0.01,36,1000,0,0.0
15,0.01,37,1000,0,0.0
15,0.01,38,1000,0,0.0
15,0.01,39,1000,0,0.0
15,0.01,40,1000,0,0.0
15,0.01,41,1000,0,0.0
15,0.01,42,1000,0,0.0
15,0.01,43,1000,0,0.0
15,0.01,44,1000,0,0.0
15,0.01,45,1000,0,0.0
15,0.01,46,1000,0,0.0
15,0.01,47,1000,0,0.0
15,0.01,48,1000,0,0.0
15,0.01,49,1000,0,0.0
15,0.01,50,1000,0,0.0
15,0.01,51,1000,0,0.0
15,0.01,52,1000,0,0.0
15,0.01,53,1000,0,0.0
15,0.01,54,1000,0,0.0
15,0.01,55,1000,0,0.0
15,0.01,56,1000,0,0.0
15,0.01,57,1000,0,0.0
15,0.01,58,1000,0,0.0
15,0.01,59,1000,0,0.0
15,0.01,60,1000,0,0.0
15,0.01,61,1000,0,0.0
15,0.01,62,1000,0,0.0
15,0.01,63,1000,0,0.0
15,0.01,64,1000,0,0.0
15,0.01,65,1000,0,0.0
15,0.01,66,1000,0,0.0
15,0.01,67,1000,0,0.0
15,0.01,68,1000,0,0.0
15,0.01,69,1000,0,0.0
15,0.01,70,1000,0,0.0
15,0.01,71,1000,0,0.0
15,0.01,72,1000,0,0.0
15,0.01,73,1000,0,0.0
15,0.01,74,1000,0,0.0
15,0.01,75,1000,0,0.0
15,0.01,76,1000,0,0.0
15,0.01,77,1000,0,0.0
15,0.01,78,1000,0,0.0
15,0.01,79,1000,0,0.0
15,0.01,80,1000,0,0.0
15,0.01,81,1000,0,0.0
15,0.01,82,1000,0,0.0
15,0.01,83,1000,0,0.0
15,0.01,84,1000,0,0.0
15,0.01,85,1000,0,0.0
15,0.01,86,1000,0,0.0
15,0.01,87,1000,0,0.0
15,0.01,88,1000,0,0.0
15,0.01,89,1000,0,0.0
15,0.01,90,1000,0,0.0
15,0.01,91,1000,0,0.0
15,0.01,92,1000,0,0.0
15,0.01,93,1000,0,0.0
15,0.01,94,1000,0,0.0
15,0.01,95,1000,0,0.0
15,0.01,96,1000,0,0.0
15,0.01,97,1000,0,0.0
15,0.01,98,1000,0,0.0
15,0.01,99,1000,0,0.0
15,0.01,100,1000,0,0.0
15,0.015,1,1000,0,0.0
15,0.015,2,1000,0,0.0
15,0.015,3,1000,0,0.0
15,0.015,4,1000,0,0.0
15,0.015,5,1000,0,0.0
15,0.015,6,1000,0,0.0
15,0.015,7,1000,0,0.0
15,0.015,8,1000,0,0.0
15,0.015,9,1000,0,0.0
15,0.015,10,1000,0,0.0
15,0.015,11,1000,0,0.0
15,0.015,12,1000,0,0.0
15,0.015,13,1000,0,0.0
15,0.015,14,1000,0,0.0
15,0.015,15,1000,0,0.0
15,0.015,16,1000,0,0.0
15,0.015,17,1000,0,0.0
15,0.015,18,1000,0,0.0
15,0.015,19,1000,0,0.0
15,0.015,20,1000,0,0.0
15,0.015,21,1000,0,0.0
15,0.015,22,1000,0,0.0
15,0.015,23,1000,0,0.0
15,0.015,24,1000,0,0.0
15,0.015,25,1000,0,0.0
15,0.015,26,1000,0,0.0
15,0.015,27,1000,0,0.0
15,0.015,28,1000,0,0.0
15,0.015,29,1000,0,0.0
15,0.015,30,1000,0,0.0
15,0.015,31,1000,0,0.0
15,0.015,32,1000,0,0.0
15,0.015,33,1000,0,0.0
15,0.015,34,1000,0,0.0
15,0.015,35,1000,0,0.0
15,0.015,36,1000,0,0.0
15,0.015,37,1000,0,0.0
15,0.015,38,1000,0,0.0
15,0.015,39,1000,0,0.0
15,0.015,40,1000,0,0.0
15,0.015,41,1000,0,0.0
15,0.015,42,1000,0,0.0
15,0.015,43,1000,0,0.0
15,0.015,44,1000,0,0.0
15,0.015,45,1000,0,0.0
15,0.015,46,1000,0,0.0
15,0.015,47,1000,0,0.0
15,0.015,48,1000,0,0.0
15,0.015,49,1000,0,0.0
15,0.015,50,1000,0,0.0
15,0.015,51,1000,0,0.0
15,0.015,52,1000,0,0.0
15,0.015,53,1000,0,0.0
15,0.015,54,1000,0,0.0
15,0.015,55,1000,0,0.0
15,0.015,56,1000,0,0.0
15,0.015,57,1000,0,0.0
15,0.015,58,1000,0,0.0
15,0.015,59,1000,0,0.0
15,0.015,60,1000,0,0.0
15,0.015,61,1000,0,0.0
15,0.015,62,1000,0,0.0
15,0.015,63,1000,0,0.0
15,0.015,64,1000,0,0.0
15,0.015,65,1000,0,0.0
15,0.015,66,1000,0,0.0
15,0.015,67,1000,0,0.0
15,0.015,68,1000,0,0.0
15,0.015,69,1000,0,0.0
15,0.015,70,1000,0,0.0
15,0.015,71,1000,0,0.0
15,0.015,72,1000,0,0.0
15,0.015,73,1000,0,0.0
15,0.015,74,1000,0,0.0
15,0.015,75,1000,0,0.0
15,0.015,76,1000,0,0.0
15,0.015,77,1000,0,0.0
15,0.015,78,1000,0,0.0
15,0.015,79,1000,0,0.0
15,0.015,80,1000,0,0.0
15,0.015,81,1000,0,0.0
15,0.015,82,1000,0,0.0
15,0.015,83,1000,0,0.0
15,0.015,84,1000,0,0.0
15,0.015,85,1000,0,0.0
15,0.015,86,1000,0,0.0
15,0.015,87,1000,0,0.0
15,0.015,88,1000,0,0.0
15,0.015,89,1000,0,0.0
15,0.015,90,1000,0,0.0
15,0.015,91,1000,0,0.0
15,0.015,92,1000,0,0.0
15,0.015,93,1000,0,0.0
15,0.015,94,1000,0,0.0
15,0.015,95,1000,0,0.0
15,0.015,96,1000,0,0.0
15,0.015,97,1000,0,0.0
15,0.015,98,1000,0,0.0
15,0.015,99,1000,0,0.0
15,0.015,100,1000,0,0.0
15,0.02,1,1000,0,0.0
15,0.02,2,1000,0,0.0
15,0.02,3,1000,0,0.0
15,0.02,4,1000,0,0.0
15,0.02,5,1000,0,0.0
15,0.02,6,1000,0,0.0
15,0.02,7,1000,0,0.0
15,0.02,8,1000,0,0.0
15,0.02,9,1000,0,0.0
15,0.02,10,1000,0,0.0
15,0.02,11,1000,0,0.0
15,0.02,12,1000,0,0.0
15,0.02,13,1000,0,0.0
15,0.02,14,1000,0,0.0
15,0.02,15,1000,0,0.0
15,0.02,16,1000,0,0.0
15,0.02,17,1000,0,0.0
15,0.02,18,1000,0,0.0
15,0.02,19,1000,0,0.0
15,0.02,20,1000,0,0.0
15,0.02,21,1000,0,0.0
15,0.02,22,1000,0,0.0
15,0.02,23,1000,0,0.0
15,0.02,24,1000,0,0.0
15,0.02,25,1000,0,0.0
15,0.02,26,1000,0,0.0
15,0.02,27,1000,0,0.0
15,0.02,28,1000,0,0.0
15,0.02,29,1000,0,0.0
15,0.02,30,1000,0,0.0
15,0.02,31,1000,0,0.0
15,0.02,32,1000,0,0.0
15,0.02,33,1000,0,0.0
15,0.02,34,1000,0,0.0
15,0.02,35,1000,0,0.0
15,0.02,36,1000,0,0.0
15,0.02,37,1000,0,0.0
15,0.02,38,1000,0,0.0
15,0.02,39,1000,0,0.0
15,0.02,40,1000,0,0.0
15,0.02,41,1000,0,0.0
15,0.02,42,1000,0,0.0
15,0.02,43,1000,0,0.0
15,0.02,44,1000,0,0.0
15,0.02,45,1000,0,0.0
15,0.02,46,1000,0,0.0
15,0.02,47,1000,0,0.0
15,0.02,48,1000,0,0.0
15,0.02,49,1000,0,0.0
15,0.02,50,1000,0,0.0
15,0.02,51,1000,0,0.0
15,0.02,52,1000,0,0.0
15,0.02,53,1000,0,0.0
15,0.02,54,1000,0,0.0
15,0.02,55,1000,0,0.0
15,0.02,56,1000,0,0.0
15,0.02,57,1000,0,0.0
15,0.02,58,1000,0,0.0
15,0.02,59,1000,0,0.0
15,0.02,60,1000,0,0.0
15,0.02,61,1000,0,0.0
15,0.02,62,1000,0,0.0
15,0.02,63,1000,0,0.0
15,0.02,64,1000,0,0.0
15,0.02,65,1000,0,0.0
15,0.02,66,1000,0,0.0
15,0.02,67,1000,0,0.0
15,0.02,68,1000,0,0.0
15,0.02,69,1000,0,0.0
15,0.02,70,1000,0,0.0
15,0.02,71,1000,0,0.0
15,0.02,72,1000,0,0.0
15,0.02,73,1000,0,0.0
15,0.02,74,1000,0,0.0
15,0.02,75,1000,0,0.0
15,0.02,76,1000,0,0.0
15,0.02,77,1000,0,0.0
15,0.02,78,1000,0,0.0
15,0.02,79,1000,0,0.0
15,0.02,80,1000,0,0.0
15,0.02,81,1000,0,0.0
15,0.02,82,1000,0,0.0
15,0.02,83,1000,0,0.0
15,0.02,84,1000,0,0.0
15,0.02,85,1000,0,0.0
15,0.02,86,1000,0,0.0
15,0.02,87,1000,0,0.0
15,0.02,88,1000,0,0.0
15,0.02,89,1000,0,0.0
15,0.02,90,1000,0,0.0
15,0.02,91,1000,0,0.0
15,0.02,92,1000,0,0.0
15,0.02,93,1000,0,0.0
15,0.02,94,1000,0,0.0
15,0.02,95,1000,0,0.0
15,0.02,96,1000,0,0.0
15,0.02,97,1000,0,0.0
15,0.02,98,1000,0,0.0
15,0.02,99,1000,0,0.0
15,0.02,100,1000,0,0.0
15,0.025,1,1000,0,0.0
15,0.025,2,1000,0,0.0
15,0.025,3,1000,0,0.0
15,0.025,4,1000,0,0.0
15,0.025,5,1000,0,0.0
15,0.025,6,1000,0,0.0
15,0.025,7,1000,0,0.0
15,0.025,8,1000,0,0.0
15,0.025,9,1000,0,0.0
15,0.025,10,1000,0,0.0
15,0.025,11,1000,0,0.0
15,0.025,12,1000,0,0.0
15,0.025,13,1000,0,0.0
15,0.025,14,1000,0,0.0
15,0.025,15,1000,0,0.0
15,0.025,16,1000,0,0.0
15,0.025,17,1000,0,0.0
15,0.025,18,1000,0,0.0
15,0.025,19,1000,0,0.0
15,0.025,20,1000,0,0.0
15,0.025,21,1000,0,0.0
15,0.025,22,1000,0,0.0
15,0.025,23,1000,0,0.0
15,0.025,24,1000,0,0.0
15,0.025,25,1000,0,0.0
15,0.025,26,1000,0,0.0
15,0.025,27,1000,0,0.0
15,0.025,28,1000,0,0.0
15,0.025,29,1000,0,0.0
15,0.025,30,1000,0,0.0
15,0.025,31,1000,0,0.0
15,0.025,32,1000,0,0.0
15,0.025,33,1000,0,0.0
15,0.025,34,1000,0,0.0
15,0.025,35,1000,0,0.0
15,0.025,36,1000,0,0.0
15,0.025,37,1000,0,0.0
15,0.025,38,1000,0,0.0
15,0.025,39,1000,0,0.0
15,0.025,40,1000,0,0.0
15,0.025,41,1000,0,0.0
15,0.025,42,1000,0,0.0
15,0.025,43,1000,0,0.0
15,0.025,44,1000,0,0.0
15,0.025,45,1000,0,0.0
15,0.025,46,1000,0,0.0
15,0.025,47,1000,0,0.0
15,0.025,48,1000,0,0.0
15,0.025,49,1000,0,0.0
15,0.025,50,1000,0,0.0
15,0.025,51,1000,0,0.0
15,0.025,52,1000,0,0.0
15,0.025,53,1000,0,0.0
15,0.025,54,1000,0,0.0
15,0.025,55,1000,0,0.0
15,0.025,56,1000,0,0.0
15,0.025,57,1000,0,0.0
15,0.025,58,1000,0,0.0
15,0.025,59,1000,0,0.0
15,0.025,60,1000,0,0.0
15,0.025,61,1000,0,0.0
15,0.025,62,1000,0,0.0
15,0.025,63,1000,0,0.0
15,0.025,64,1000,0,0.0
15,0.025,65,1000,0,0.0
15,0.025,66,1000,0,0.0
15,0.025,67,1000,0,0.0
15,0.025,68,1000,0,0.0
15,0.025,69,1000,0,0.0
15,0.025,70,1000,0,0.0
15,0.025,71,1000,0,0.0
15,0.025,72,1000,0,0.0
15,0.025,73,1000,0,0.0
15,0.025,74,1000,0,0.0
15,0.025,75,1000,0,0.0
15,0.025,76,1000,0,0.0
15,0.025,77,1000,0,0.0
15,0.025,78,1000,0,0.0
15,0.025,79,1000,0,0.0
15,0.025,80,1000,0,0.0
15,0.025,81,1000,0,0.0
15,0.025,82,1000,0,0.0
15,0.025,83,1000,0,0.0
15,0.025,84,1000,0,0.0
15,0.025,85,1000,0,0.0
15,0.025,86,1000,0,0.0
15,0.025,87,1000,0,0.0
15,0.025,88,1000,0,0.0
15,0.025,89,1000,0,0.0
15,0.025,90,1000,0,0.0
15,0.025,91,1000,0,0.0
15,0.025,92,1000,0,0.0
15,0.025,93,1000,0,0.0
15,0.025,94,1000,0,0.0
15,0.025,95,1000,0,0.0
15,0.025,96,1000,0,0.0
15,0.025,97,1000,0,0.0
15,0.025,98,1000,0,0.0
15,0.025,99,1000,0,0.0
15,0.025,100,1000,0,0.0
15,0.03,1,1000,0,0.0
15,0.03,2,1000,1,0.001
15,0.03,3,1000,0,0.0
15,0.03,4,1000,0,0.0
15,0.03,5,1000,0,0.0
15,0.03,6,1000,0,0.0
15,0.03,7,1000,0,0.0
15,0.03,8,1000,0,0.0
15,0.03,9,1000,0,0.0
15,0.03,10,1000,0,0.0
15,0.03,11,1000,0,0.0
15,0.03,12,1000,0,0.0
15,0.03,13,1000,0,0.0
15,0.03,14,1000,0,0.0
15,0.03,15,1000,0,0.0
15,0.03,16,1000,0,0.0
15,0.03,17,1000,0,0.0
15,0.03,18,1000,0,0.0
15,0.03,19,1000,0,0.0
15,0.03,20,1000,0,0.0
15,0.03,21,1000,0,0.0
15,0.03,22,1000,0,0.0
15,0.03,23,1000,1,0.001
15,0.03,24,1000,0,0.0
15,0.03,25,1000,0,0.0
15,0.03,26,1000,0,0.0
15,0.03,27,1000,0,0.0
15,0.03,28,1000,0,0.0
15,0.03,29,1000,0,0.0
15,0.03,30,1000,0,0.0
15,0.03,31,1000,0,0.0
15,0.03,32,1000,0,0.0
15,0.03,33,1000,0,0.0
15,0.03,34,1000,0,0.0
15,0.03,35,1000,0,0.0
15,0.03,36,1000,0,0.0
15,0.03,37,1000,0,0.0
15,0.03,38,1000,0,0.0
15,0.03,39,1000,0,0.0
15,0.03,40,1000,0,0.0
15,0.03,41,1000,0,0.0
15,0.03,42,1000,0,0.0
15,0.03,43,1000,0,0.0
15,0.03,44,1000,0,0.0
15,0.03,45,1000,0,0.0
15,0.03,46,1000,0,0.0
15,0.03,47,1000,0,0.0
15,0.03,48,1000,0,0.0
15,0.03,49,1000,0,0.0
15,0.03,50,1000,0,0.0
15,0.03,51,1000,0,0.0
15,0.03,52,1000,0,0.0
15,0.03,53,1000,0,0.0
15,0.03,54,1000,0,0.0
15,0.03,55,1000,0,0.0
15,0.03,56,1000,0,0.0
15,0.03,57,1000,0,0.0
15,0.03,58,1000,0,0.0
15,0.03,59,1000,0,0.0
15,0.03,60,1000,0,0.0
15,0.03,61,1000,0,0.0
15,0.03,62,1000,1,0.001
15,0.03,63,1000,0,0.0
15,0.03,64,1000,0,0.0
15,0.03,65,1000,0,0.0
15,0.03,66,1000,0,0.0
15,0.03,67,1000,0,0.0
15,0.03,68,1000,0,0.0
15,0.03,69,1000,0,0.0
15,0.03,70,1000,0,0.0
15,0.03,71,1000,0,0.0
15,0.03,72,1000,0,0.0
15,0.03,73,1000,0,0.0
15,0.03,74,1000,0,0.0
15,0.03,75,1000,0,0.0
15,0.03,76,1000,0,0.0
15,0.03,77,1000,0,0.0
15,0.03,78,1000,0,0.0
15,0.03,79,1000,0,0.0
15,0.03,80,1000,0,0.0
15,0.03,81,1000,0,0.0
15,0.03,82,1000,0,0.0
15,0.03,83,1000,0,0.0
15,0.03,84,1000,0,0.0
15,0.03,85,1000,0,0.0
15,0.03,86,1000,0,0.0
15,0.03,87,1000,0,0.0
15,0.03,88,1000,0,0.0
15,0.03,89,1000,0,0.0
15,0.03,90,1000,0,0.0
15,0.03,91,1000,0,0.0
15,0.03,92,1000,0,0.0
15,0.03,93,1000,0,0.0
15,0.03,94,1000,0,0.0
15,0.03,95,1000,0,0.0
15,0.03,96,1000,0,0.0
15,0.03,97,1000,0,0.0
15,0.03,98,1000,1,0.001
15,0.03,99,1000,0,0.0
15,0.03,100,1000,0,0.0
15,0.035,1,1000,0,0.0
15,0.035,2,1000,0,0.0
15,0.035,3,1000,0,0.0
15,0.035,4,1000,0,0.0
15,0.035,5,1000,0,0.0
15,0.035,6,1000,0,0.0
15,0.035,7,1000,0,0.0
15,0.035,8,1000,0,0.0
15,0.035,9,1000,0,0.0
15,0.035,10,1000,0,0.0
15,0.035,11,1000,0,0.0
15,0.035,12,1000,0,0.0
15,0.035,13,1000,0,0.0
15,0.035,14,1000,0,0.0
15,0.035,15,1000,0,0.0
15,0.035,16,1000,0,0.0
15,0.035,17,1000,0,0.0
15,0.035,18,1000,0,0.0
15,0.035,19,1000,0,0.0
15,0.035,20,1000,0,0.0
15,0.035,21,1000,0,0.0
15,0.035,22,1000,0,0.0
15,0.035,23,1000,0,0.0
15,0.035,24,1000,0,0.0
15,0.035,25,1000,0,0.0
15,0.035,26,1000,0,0.0
15,0.035,27,1000,0,0.0
15,0.035,28,1000,0,0.0
15,0.035,29,1000,0,0.0
15,0.035,30,1000,0,0.0
15,0.035,31,1000,0,0.0
15,0.035,32,1000,0,0.0
15,0.035,33,1000,0,0.0
15,0.035,34,1000,0,0.0
15,0.035,35,1000,0,0.0
15,0.035,36,1000,0,0.0
15,0.035,37,1000,0,0.0
15,0.035,38,1000,0,0.0
15,0.035,39,1000,0,0.0
15,0.035,40,1000,0,0.0
15,0.035,41,1000,0,0.0
15,0.035,42,1000,0,0.0
15,0.035,43,1000,0,0.0
15,0.035,44,1000,0,0.0
15,0.035,45,1000,0,0.0
15,0.035,46,1000,0,0.0
15,0.035,47,1000,0,0.0
15,0.035,48,1000,0,0.0
15,0.035,49,1000,0,0.0
15,0.035,50,1000,0,0.0
15,0.035,51,1000,0,0.0
15,0.035,52,1000,0,0.0
15,0.035,53,1000,0,0.0
15,0.035,54,1000,0,0.0
15,0.035,55,1000,0,0.0
15,0.035,56,1000,0,0.0
15,0.035,57,1000,0,0.0
15,0.035,58,1000,1,0.001
15,0.035,59,1000,0,0.0
15,0.035,60,1000,0,0.0
15,0.035,61,1000,0,0.0
15,0.035,62,1000,0,0.0
15,0.035,63,1000,0,0.0
15,0.035,64,1000,0,0.0
15,0.035,65,1000,0,0.0
15,0.035,66,1000,0,0.0
15,0.035,67,1000,0,0.0
15,0.035,68,1000,0,0.0
15,0.035,69,1000,0,0.0
15,0.035,70,1000,0,0.0
15,0.035,71,1000,1,0.001
15,0.035,72,1000,0,0.0
15,0.035,73,1000,0,0.0
15,0.035,74,1000,0,0.0
15,0.035,75,1000,0,0.0
15,0.035,76,1000,0,0.0
15,0.035,77,1000,1,0.001
15,0.035,78,1000,0,0.0
15,0.035,79,1000,0,0.0
15,0.035,80,1000,1,0.001
15,0.035,81,1000,1,0.001
15,0.035,82,1000,0,0.0
15,0.035,83,1000,0,0.0
15,0.035,84,1000,0,0.0
15,0.035,85,1000,0,0.0
15,0.035,86,1000,0,0.0
15,0.035,87,1000,0,0.0
15,0.035,88,1000,0,0.0
15,0.035,89,1000,0,0.0
15,0.035,90,1000,0,0.0
15,0.035,91,1000,0,0.0
15,0.035,92,1000,0,0.0
15,0.035,93,1000,0,0.0
15,0.035,94,1000,0,0.0
15,0.035,95,1000,0,0.0
15,0.035,96,1000,0,0.0
15,0.035,97,1000,0,0.0
15,0.035,98,1000,0,0.0
15,0.035,99,1000,0,0.0
15,0.035,100,1000,0,0.0
15,0.04,1,1000,1,0.001
15,0.04,2,1000,0,0.0
15,0.04,3,1000,1,0.001
15,0.04,4,1000,1,0.001
15,0.04,5,1000,0,0.0
15,0.04,6,1000,0,0.0
15,0.04,7,1000,0,0.0
15,0.04,8,1000,1,0.001
15,0.04,9,1000,1,0.001
15,0.04,10,1000,0,0.0
15,0.04,11,1000,0,0.0
15,0.04,12,1000,0,0.0
15,0.04,13,1000,0,0.0
15,0.04,14,1000,0,0.0
15,0.04,15,1000,1,0.001
15,0.04,16,1000,0,0.0
15,0.04,17,1000,0,0.0
15,0.04,18,1000,0,0.0
15,0.04,19,1000,0,0.0
15,0.04,20,1000,1,0.001
15,0.04,21,1000,0,0.0
15,0.04,22,1000,0,0.0
15,0.04,23,1000,0,0.0
15,0.04,24,1000,0,0.0
15,0.04,25,1000,0,0.0
15,0.04,26,1000,0,0.0
15,0.04,27,1000,0,0.0
15,0.04,28,1000,0,0.0
15,0.04,29,1000,0,0.0
15,0.04,30,1000,0,0.0
15,0.04,31,1000,1,0.001
15,0.04,32,1000,0,0.0
15,0.04,33,1000,0,0.0
15,0.04,34,1000,0,0.0
15,0.04,35,1000,0,0.0
15,0.04,36,1000,0,0.0
15,0.04,37,1000,1,0.001
15,0.04,38,1000,0,0.0
15,0.04,39,1000,0,0.0
15,0.04,40,1000,1,0.001
15,0.04,41,1000,0,0.0
15,0.04,42,1000,1,0.001
15,0.04,43,1000,0,0.0
15,0.04,44,1000,0,0.0
15,0.04,45,1000,0,0.0
15,0.04,46,1000,0,0.0
15,0.04,47,1000,1,0.001
15,0.04,48,1000,0,0.0
15,0.04,49,1000,1,0.001
15,0.04,50,1000,0,0.0
15,0.04,51,1000,1,0.001
15,0.04,52,1000,0,0.0
15,0.04,53,1000,0,0.0
15,0.04,54,1000,0,0.0
15,0.04,55,1000,0,0.0
15,0.04,56,1000,0,0.0
15,0.04,57,1000,0,0.0
15,0.04,58,1000,0,0.0
15,0.04,59,1000,0,0.0
15,0.04,60,1000,0,0.0
15,0.04,61,1000,0,0.0
15,0.04,62,1000,0,0.0
15,0.04,63,1000,0,0.0
15,0.04,64,1000,0,0.0
15,0.04,65,1000,0,0.0
15,0.04,66,1000,0,0.0
15,0.04,67,1000,0,0.0
15,0.04,68,1000,0,0.0
15,0.04,69,1000,0,0.0
15,0.04,70,1000,0,0.0
15,0.04,71,1000,0,0.0
15,0.04,72,1000,1,0.001
15,0.04,73,1000,0,0.0
15,0.04,74,1000,0,0.0
15,0.04,75,1000,0,0.0
15,0.04,76,1000,0,0.0
15,0.04,77,1000,0,0.0
15,0.04,78,1000,1,0.001
15,0.04,79,1000,0,0.0
15,0.04,80,1000,0,0.0
15,0.04,81,1000,0,0.0
15,0.04,82,1000,3,0.003
15,0.04,83,1000,0,0.0
15,0.04,84,1000,0,0.0
15,0.04,85,1000,0,0.0
15,0.04,86,1000,0,0.0
15,0.04,87,1000,0,0.0
15,0.04,88,1000,1,0.001
15,0.04,89,1000,0,0.0
15,0.04,90,1000,0,0.0
15,0.04,91,1000,0,0.0
15,0.04,92,1000,0,0.0
15,0.04,93,1000,1,0.001
15,0.04,94,1000,0,0.0
15,0.04,95,1000,0,0.0
15,0.04,96,1000,0,0.0
15,0.04,97,1000,0,0.0
15,0.04,98,1000,0,0.0
15,0.04,99,1000,0,0.0
15,0.04,100,1000,0,0.0
15,0.045,1,1000,0,0.0
15,0.045,2,1000,1,0.001
15,0.045,3,1000,1,0.001
15,0.045,4,1000,1,0.001
15,0.045,5,1000,0,0.0
15,0.045,6,1000,0,0.0
15,0.045,7,1000,0,0.0
15,0.045,8,1000,0,0.0
15,0.045,9,1000,0,0.0
15,0.045,10,1000,0,0.0
15,0.045,11,1000,0,0.0
15,0.045,12,1000,0,0.0
15,0.045,13,1000,0,0.0
15,0.045,14,1000,1,0.001
15,0.045,15,1000,0,0.0
15,0.045,16,1000,0,0.0
15,0.045,17,1000,0,0.0
15,0.045,18,1000,1,0.001
15,0.045,19,1000,0,0.0
15,0.045,20,1000,1,0.001
15,0.045,21,1000,0,0.0
15,0.045,22,1000,1,0.001
15,0.045,23,1000,0,0.0
15,0.045,24,1000,0,0.0
15,0.045,25,1000,0,0.0
15,0.045,26,1000,1,0.001
15,0.045,27,1000,0,0.0
15,0.045,28,1000,0,0.0
15,0.045,29,1000,2,0.002
15,0.045,30,1000,0,0.0
15,0.045,31,1000,0,0.0
15,0.045,32,1000,1,0.001
15,0.045,33,1000,0,0.0
15,0.045,34,1000,1,0.001
15,0.045,35,1000,1,0.001
15,0.045,36,1000,2,0.002
15,0.045,37,1000,0,0.0
15,0.045,38,1000,0,0.0
15,0.045,39,1000,1,0.001
15,0.045,40,1000,0,0.0
15,0.045,41,1000,2,0.002
15,0.045,42,1000,0,0.0
15,0.045,43,1000,0,0.0
15,0.045,44,1000,0,0.0
15,0.045,45,1000,0,0.0
15,0.045,46,1000,0,0.0
15,0.045,47,1000,0,0.0
15,0.045,48,1000,0,0.0
15,0.045,49,1000,0,0.0
15,0.045,50,1000,1,0.001
15,0.045,51,1000,0,0.0
15,0.045,52,1000,0,0.0
15,0.045,53,1000,2,0.002
15,0.045,54,1000,0,0.0
15,0.045,55,1000,0,0.0
15,0.045,56,1000,0,0.0
15,0.045,57,1000,0,0.0
15,0.045,58,1000,0,0.0
15,0.045,59,1000,0,0.0
15,0.045,60,1000,0,0.0
15,0.045,61,1000,1,0.001
15,0.045,62,1000,0,0.0
15,0.045,63,1000,0,0.0
15,0.045,64,1000,0,0.0
15,0.045,65,1000,0,0.0
15,0.045,66,1000,0,0.0
15,0.045,67,1000,2,0.002
15,0.045,68,1000,1,0.001
15,0.045,69,1000,0,0.0
15,0.045,70,1000,1,0.001
15,0.045,71,1000,1,0.001
15,0.045,72,1000,0,0.0
15,0.045,73,1000,1,0.001
15,0.045,74,1000,2,0.002
15,0.045,75,1000,1,0.001
15,0.045,76,1000,1,0.001
15,0.045,77,1000,2,0.002
15,0.045,78,1000,0,0.0
15,0.045,79,1000,0,0.0
15,0.045,80,1000,1,0.001
15,0.045,81,1000,0,0.0
15,0.045,82,1000,0,0.0
15,0.045,83,1000,1,0.001
15,0.045,84,1000,0,0.0
15,0.045,85,1000,1,0.001
15,0.045,86,1000,0,0.0
15,0.045,87,1000,0,0.0
15,0.045,88,1000,0,0.0
15,0.045,89,1000,0,0.0
15,0.045,90,1000,2,0.002
15,0.045,91,1000,1,0.001
15,0.045,92,1000,0,0.0
15,0.045,93,1000,0,0.0
15,0.045,94,1000,0,0.0
15,0.045,95,1000,0,0.0
15,0.045,96,1000,0,0.0
15,0.045,97,1000,0,0.0
15,0.045,98,1000,0,0.0
15,0.045,99,1000,0,0.0
15,0.045,100,1000,1,0.001
15,0.05,1,1000,2,0.002
15,0.05,2,1000,1,0.001
15,0.05,3,1000,1,0.001
15,0.05,4,1000,0,0.0
15,0.05,5,1000,0,0.0
15,0.05,6,1000,0,0.0
15,0.05,7,1000,2,0.002
15,0.05,8,1000,2,0.002
15,0.05,9,1000,0,0.0
15,0.05,10,1000,3,0.003
15,0.05,11,1000,0,0.0
15,0.05,12,1000,0,0.0
15,0.05,13,1000,3,0.003
15,0.05,14,1000,1,0.001
15,0.05,15,1000,1,0.001
15,0.05,16,1000,1,0.001
15,0.05,17,1000,1,0.001
15,0.05,18,1000,2,0.002
15,0.05,19,1000,1,0.001
15,0.05,20,1000,1,0.001
15,0.05,21,1000,1,0.001
15,0.05,22,1000,0,0.0
15,0.05,23,1000,0,0.0
15,0.05,24,1000,2,0.002
15,0.05,25,1000,0,0.0
15,0.05,26,1000,0,0.0
15,0.05,27,1000,3,0.003
15,0.05,28,1000,1,0.001
15,0.05,29,1000,1,0.001
15,0.05,30,1000,0,0.0
15,0.05,31,1000,2,0.002
15,0.05,32,1000,0,0.0
15,0.05,33,1000,1,0.001
15,0.05,34,1000,3,0.003
15,0.05,35,1000,0,0.0
15,0.05,36,1000,2,0.002
15,0.05,37,1000,0,0.0
15,0.05,38,1000,2,0.002
15,0.05,39,1000,1,0.001
15,0.05,40,1000,0,0.0
15,0.05,41,1000,3,0.003
15,0.05,42,1000,3,0.003
15,0.05,43,1000,0,0.0
15,0.05,44,1000,0,0.0
15,0.05,45,1000,1,0.001
15,0.05,46,1000,0,0.0
15,0.05,47,1000,0,0.0
15,0.05,48,1000,1,0.001
15,0.05,49,1000,0,0.0
15,0.05,50,1000,2,0.002
15,0.05,51,1000,0,0.0
15,0.05,52,1000,0,0.0
15,0.05,53,1000,1,0.001
15,0.05,54,1000,0,0.0
15,0.05,55,1000,0,0.0
15,0.05,56,1000,3,0.003
15,0.05,57,1000,0,0.0
15,0.05,58,1000,2,0.002
15,0.05,59,1000,0,0.0
15,0.05,60,1000,2,0.002
15,0.05,61,1000,3,0.003
15,0.05,62,1000,2,0.002
15,0.05,63,1000,0,0.0
15,0.05,64,1000,3,0.003
15,0.05,65,1000,0,0.0
15,0.05,66,1000,2,0.002
15,0.05,67,1000,0,0.0
15,0.05,68,1000,4,0.004
15,0.05,69,1000,4,0.004
15,0.05,70,1000,2,0.002
15,0.05,71,1000,2,0.002
15,0.05,72,1000,1,0.001
15,0.05,73,1000,3,0.003
15,0.05,74,1000,2,0.002
15,0.05,75,1000,1,0.001
15,0.05,76,1000,0,0.0
15,0.05,77,1000,2,0.002
15,0.05,78,1000,0,0.0
15,0.05,79,1000,2,0.002
15,0.05,80,1000,1,0.001
15,0.05,81,1000,0,0.0
15,0.05,82,1000,1,0.001
15,0.05,83,1000,1,0.001
15,0.05,84,1000,2,0.002
15,0.05,85,1000,0,0.0
15,0.05,86,1000,0,0.0
15,0.05,87,1000,0,0.0
15,0.05,88,1000,0,0.0
15,0.05,89,1000,1,0.001
15,0.05,90,1000,2,0.002
15,0.05,91,1000,2,0.002
15,0.05,92,1000,2,0.002
15,0.05,93,1000,2,0.002
15,0.05,94,1000,1,0.001
15,0.05,95,1000,0,0.0
15,0.05,96,1000,1,0.001
15,0.05,97,1000,0,0.0
15,0.05,98,1000,1,0.001
15,0.05,99,1000,0,0.0
15,0.05,100,1000,0,0.0
15,0.055,1,1000,0,0.0
15,0.055,2,1000,1,0.001
15,0.055,3,1000,1,0.001
15,0.055,4,1000,3,0.003
15,0.055,5,1000,2,0.002
15,0.055,6,1000,3,0.003
15,0.055,7,1000,1,0.001
15,0.055,8,1000,1,0.001
15,0.055,9,1000,1,0.001
15,0.055,10,1000,2,0.002
15,0.055,11,1000,4,0.004
15,0.055,12,1000,6,0.006
15,0.055,13,1000,2,0.002
15,0.055,14,1000,2,0.002
15,0.055,15,1000,1,0.001
15,0.055,16,1000,2,0.002
15,0.055,17,1000,0,0.0
15,0.055,18,1000,3,0.003
15,0.055,19,1000,3,0.003
15,0.055,20,1000,3,0.003
15,0.055,21,1000,4,0.004
15,0.055,22,1000,3,0.003
15,0.055,23,1000,1,0.001
15,0.055,24,1000,6,0.006
15,0.055,25,1000,4,0.004
15,0.055,26,1000,0,0.0
15,0.055,27,1000,2,0.002
15,0.055,28,1000,3,0.003
15,0.055,29,1000,4,0.004
15,0.055,30,1000,3,0.003
15,0.055,31,1000,4,0.004
15,0.055,32,1000,2,0.002
15,0.055,33,1000,1,0.001
15,0.055,34,1000,1,0.001
15,0.055,35,1000,2,0.002
15,0.055,36,1000,2,0.002
15,0.055,37,1000,5,0.005
15,0.055,38,1000,2,0.002
15,0.055,39,1000,1,0.001
15,0.055,40,1000,2,0.002
15,0.055,41,1000,0,0.0
15,0.055,42,1000,3,0.003
15,0.055,43,1000,2,0.002
15,0.055,44,1000,1,0.001
15,0.055,45,1000,3,0.003
15,0.055,46,1000,3,0.003
15,0.055,47,1000,1,0.001
15,0.055,48,1000,2,0.002
15,0.055,49,1000,3,0.003
15,0.055,50,1000,1,0.001
15,0.055,51,1000,3,0.003
15,0.055,52,1000,2,0.002
15,0.055,53,1000,4,0.004
15,0.055,54,1000,4,0.004
15,0.055,55,1000,1,0.001
15,0.055,56,1000,1,0.001
15,0.055,57,1000,2,0.002
15,0.055,58,1000,4,0.004
15,0.055,59,1000,2,0.002
15,0.055,60,1000,2,0.002
15,0.055,61,1000,1,0.001
15,0.055,62,1000,4,0.004
15,0.055,63,1000,3,0.003
15,0.055,64,1000,2,0.002
15,0.055,65,1000,1,0.001
15,0.055,66,1000,2,0.002
15,0.055,67,1000,2,0.002
15,0.055,68,1000,4,0.004
15,0.055,69,1000,2,0.002
15,0.055,70,1000,5,0.005
15,0.055,71,1000,2,0.002
15,0.055,72,1000,1,0.001
15,0.055,73,1000,1,0.001
15,0.055,74,1000,2,0.002
15,0.055,75,1000,2,0.002
15,0.055,76,1000,1,0.001
15,0.055,77,1000,4,0.004
15,0.055,78,1000,1,0.001
15,0.055,79,1000,2,0.002
15,0.055,80,1000,3,0.003
15,0.055,81,1000,5,0.005
15,0.055,82,1000,3,0.003
15,0.055,83,1000,4,0.004
15,0.055,84,1000,4,0.004
15,0.055,85,1000,0,0.0
15,0.055,86,1000,4,0.004
15,0.055,87,1000,3,0.003
15,0.055,88,1000,2,0.002
15,0.055,89,1000,5,0.005
15,0.055,90,1000,2,0.002
15,0.055,91,1000,3,0.003
15,0.055,92,1000,3,0.003
15,0.055,93,1000,4,0.004
15,0.055,94,1000,1,0.001
15,0.055,95,1000,4,0.004
15,0.055,96,1000,1,0.001
15,0.055,97,1000,1,0.001
15,0.055,98,1000,5,0.005
15,0.055,99,1000,4,0.004
15,0.055,100,1000,4,0.004
15,0.06,1,1000,4,0.004
15,0.06,2,1000,4,0.004
15,0.06,3,1000,4,0.004
15,0.06,4,1000,2,0.002
15,0.06,5,1000,3,0.003
15,0.06,6,1000,5,0.005
15,0.06,7,1000,5,0.005
15,0.06,8,1000,3,0.003
15,0.06,9,1000,2,0.002
15,0.06,10,1000,6,0.006
15,0.06,11,1000,4,0.004
15,0.06,12,1000,5,0.005
15,0.06,13,1000,6,0.006
15,0.06,14,1000,3,0.003
15,0.06,15,1000,3,0.003
15,0.06,16,1000,4,0.004
15,0.06,17,1000,3,0.003
15,0.06,18,1000,2,0.002
15,0.06,19,1000,7,0.007
15,0.06,20,1000,2,0.002
15,0.06,21,1000,2,0.002
15,0.06,22,1000,1,0.001
15,0.06,23,1000,0,0.0
15,0.06,24,1000,3,0.003
15,0.06,25,1000,2,0.002
15,0.06,26,1000,3,0.003
15,0.06,27,1000,9,0.009
15,0.06,28,1000,4,0.004
15,0.06,29,1000,3,0.003
15,0.06,30,1000,2,0.002
15,0.06,31,1000,6,0.006
15,0.06,32,1000,2,0.002
15,0.06,33,1000,9,0.009
15,0.06,34,1000,4,0.004
15,0.06,35,1000,4,0.004
15,0.06,36,1000,6,0.006
15,0.06,37,1000,6,0.006
15,0.06,38,1000,6,0.006
15,0.06,39,1000,6,0.006
15,0.06,40,1000,3,0.003
15,0.06,41,1000,4,0.004
15,0.06,42,1000,6,0.006
15,0.06,43,1000,5,0.005
15,0.06,44,1000,4,0.004
15,0.06,45,1000,5,0.005
15,0.06,46,1000,10,0.01
15,0.06,47,1000,3,0.003
15,0.06,48,1000,3,0.003
15,0.06,49,1000,3,0.003
15,0.06,50,1000,5,0.005
15,0.06,51,1000,2,0.002
15,0.06,52,1000,8,0.008
15,0.06,53,1000,6,0.006
15,0.06,54,1000,5,0.005
15,0.06,55,1000,1,0.001
15,0.06,56,1000,6,0.006
15,0.06,57,1000,5,0.005
15,0.06,58,1000,5,0.005
15,0.06,59,1000,4,0.004
15,0.06,60,1000,7,0.007
15,0.06,61,1000,5,0.005
15,0.06,62,1000,5,0.005
15,0.06,63,1000,5,0.005
15,0.06,64,1000,4,0.004
15,0.06,65,1000,2,0.002
15,0.06,66,1000,1,0.001
15,0.06,67,1000,5,0.005
15,0.06,68,1000,7,0.007
15,0.06,69,1000,4,0.004
15,0.06,70,1000,4,0.004
15,0.06,71,1000,3,0.003
15,0.06,72,1000,5,0.005
15,0.06,73,1000,5,0.005
15,0.06,74,1000,6,0.006
15,0.06,75,1000,4,0.004
15,0.06,76,1000,7,0.007
15,0.06,77,1000,1,0.001
15,0.06,78,1000,3,0.003
15,0.06,79,1000,8,0.008
15,0.06,80,1000,4,0.004
15,0.06,81,1000,5,0.005
15,0.06,82,1000,5,0.005
15,0.06,83,1000,3,0.003
15,0.06,84,1000,3,0.003
15,0.06,85,1000,9,0.009
15,0.06,86,1000,8,0.008
15,0.06,87,1000,4,0.004
15,0.06,88,1000,3,0.003
15,0.06,89,1000,8,0.008
15,0.06,90,1000,4,0.004
15,0.06,91,1000,1,0.001
15,0.06,92,1000,8,0.008
15,0.06,93,1000,0,0.0
15,0.06,94,1000,3,0.003
15,0.06,95,1000,10,0.01
15,0.06,96,1000,6,0.006
15,0.06,97,1000,7,0.007
15,0.06,98,1000,2,0.002
15,0.06,99,1000,3,0.003
15,0.06,100,1000,3,0.003
15,0.065,1,1000,7,0.007
15,0.065,2,1000,10,0.01
15,0.065,3,1000,7,0.007
15,0.065,4,1000,6,0.006
15,0.065,5,1000,10,0.01
15,0.065,6,1000,8,0.008
15,0.065,7,1000,11,0.011
15,0.065,8,1000,11,0.011
15,0.065,9,1000,8,0.008
15,0.065,10,1000,10,0.01
15,0.065,11,1000,6,0.006
15,0.065,12,1000,10,0.01
15,0.065,13,1000,10,0.01
15,0.065,14,1000,7,0.007
15,0.065,15,1000,13,0.013
15,0.065,16,1000,5,0.005
15,0.065,17,1000,6,0.006
15,0.065,18,1000,8,0.008
15,0.065,19,1000,12,0.012
15,0.065,20,1000,12,0.012
15,0.065,21,1000,6,0.006
15,0.065,22,1000,8,0.008
15,0.065,23,1000,8,0.008
15,0.065,24,1000,13,0.013
15,0.065,25,1000,10,0.01
15,0.065,26,1000,4,0.004
15,0.065,27,1000,5,0.005
15,0.065,28,1000,5,0.005
15,0.065,29,1000,9,0.009
15,0.065,30,1000,5,0.005
15,0.065,31,1000,7,0.007
15,0.065,32,1000,7,0.007
15,0.065,33,1000,11,0.011
15,0.065,34,1000,8,0.008
15,0.065,35,1000,5,0.005
15,0.065,36,1000,7,0.007
15,0.065,37,1000,9,0.009
15,0.065,38,1000,11,0.011
15,0.065,39,1000,8,0.008
15,0.065,40,1000,10,0.01
15,0.065,41,1000,7,0.007
15,0.065,42,1000,4,0.004
15,0.065,43,1000,9,0.009
15,0.065,44,1000,8,0.008
15,0.065,45,1000,4,0.004
15,0.065,46,1000,5,0.005
15,0.065,47,1000,10,0.01
15,0.065,48,1000,12,0.012
15,0.065,49,1000,7,0.007
15,0.065,50,1000,7,0.007
15,0.065,51,1000,8,0.008
15,0.065,52,1000,15,0.015
15,0.065,53,1000,8,0.008
15,0.065,54,1000,6,0.006
15,0.065,55,1000,9,0.009
15,0.065,56,1000,10,0.01
15,0.065,57,1000,9,0.009
15,0.065,58,1000,13,0.013
15,0.065,59,1000,9,0.009
15,0.065,60,1000,11,0.011
15,0.065,61,1000,5,0.005
15,0.065,62,1000,12,0.012
15,0.065,63,1000,6,0.006
15,0.065,64,1000,5,0.005
15,0.065,65,1000,9,0.009
15,0.065,66,1000,9,0.009
15,0.065,67,1000,6,0.006
15,0.065,68,1000,9,0.009
15,0.065,69,1000,6,0.006
15,0.065,70,1000,6,0.006
15,0.065,71,1000,8,0.008
15,0.065,72,1000,9,0.009
15,0.065,73,1000,12,0.012
15,0.065,74,1000,6,0.006
15,0.065,75,1000,7,0.007
15,0.065,76,1000,6,0.006
15,0.065,77,1000,13,0.013
15,0.065,78,1000,3,0.003
15,0.065,79,1000,6,0.006
15,0.065,80,1000,7,0.007
15,0.065,81,1000,8,0.008
15,0.065,82,1000,8,0.008
15,0.065,83,1000,11,0.011
15,0.065,84,1000,9,0.009
15,0.065,85,1000,12,0.012
15,0.065,86,1000,11,0.011
15,0.065,87,1000,11,0.011
15,0.065,88,1000,8,0.008
15,0.065,89,1000,8,0.008
15,0.065,90,1000,9,0.009
15,0.065,91,1000,6,0.006
15,0.065,92,1000,9,0.009
15,0.065,93,1000,7,0.007
15,0.065,94,1000,14,0.014
15,0.065,95,1000,7,0.007
15,0.065,96,1000,7,0.007
15,0.065,97,1000,17,0.017
15,0.065,98,1000,9,0.009
15,0.065,99,1000,10,0.01
15,0.065,100,1000,3,0.003
15,0.07,1,1000,17,0.017
15,0.07,2,1000,15,0.015
15,0.07,3,1000,13,0.013
15,0.07,4,1000,14,0.014
15,0.07,5,1000,20,0.02
15,0.07,6,1000,14,0.014
15,0.07,7,1000,11,0.011
15,0.07,8,1000,15,0.015
15,0.07,9,1000,12,0.012
15,0.07,10,1000,16,0.016
15,0.07,11,1000,12,0.012
15,0.07,12,1000,11,0.011
15,0.07,13,1000,13,0.013
15,0.07,14,1000,19,0.019
15,0.07,15,1000,20,0.02
15,0.07,16,1000,9,0.009
15,0.07,17,1000,17,0.017
15,0.07,18,1000,13,0.013
15,0.07,19,1000,21,0.021
15,0.07,20,1000,15,0.015
15,0.07,21,1000,13,0.013
15,0.07,22,1000,17,0.017
15,0.07,23,1000,13,0.013
15,0.07,24,1000,11,0.011
15,0.07,25,1000,15,0.015
15,0.07,26,1000,10,0.01
15,0.07,27,1000,9,0.009
15,0.07,28,1000,13,0.013
15,0.07,29,1000,22,0.022
15,0.07,30,1000,9,0.009
15,0.07,31,1000,15,0.015
15,0.07,32,1000,9,0.009
15,0.07,33,1000,19,0.019
15,0.07,34,1000,14,0.014
15,0.07,35,1000,19,0.019
15,0.07,36,1000,21,0.021
15,0.07,37,1000,21,0.021
15,0.07,38,1000,16,0.016
15,0.07,39,1000,12,0.012
15,0.07,40,1000,19,0.019
15,0.07,41,1000,11,0.011
15,0.07,42,1000,19,0.019
15,0.07,43,1000,9,0.009
15,0.07,44,1000,17,0.017
15,0.07,45,1000,11,0.011
15,0.07,46,1000,13,0.013
15,0.07,47,1000,14,0.014
15,0.07,48,1000,12,0.012
15,0.07,49,1000,14,0.014
15,0.07,50,1000,13,0.013
15,0.07,51,1000,11,0.011
15,0.07,52,1000,14,0.014
15,0.07,53,1000,16,0.016
15,0.07,54,1000,10,0.01
15,0.07,55,1000,12,0.012
15,0.07,56,1000,9,0.009
15,0.07,57,1000,10,0.01
15,0.07,58,1000,15,0.015
15,0.07,59,1000,4,0.004
15,0.07,60,1000,13,0.013
15,0.07,61,1000,13,0.013
15,0.07,62,1000,16,0.016
15,0.07,63,1000,20,0.02
15,0.07,64,1000,15,0.015
15,0.07,65,1000,16,0.016
15,0.07,66,1000,10,0.01
15,0.07,67,1000,23,0.023
15,0.07,68,1000,12,0.012
15,0.07,69,1000,14,0.014
15,0.07,70,1000,11,0.011
15,0.07,71,1000,14,0.014
15,0.07,72,1000,13,0.013
15,0.07,73,1000,5,0.005
15,0.07,74,1000,12,0.012
15,0.07,75,1000,15,0.015
15,0.07,76,1000,9,0.009
15,0.07,77,1000,17,0.017
15,0.07,78,1000,13,0.013
15,0.07,79,1000,10,0.01
15,0.07,80,1000,15,0.015
15,0.07,81,1000,20,0.02
15,0.07,82,1000,16,0.016
15,0.07,83,1000,25,0.025
15,0.07,84,1000,15,0.015
15,0.07,85,1000,13,0.013
15,0.07,86,1000,16,0.016
15,0.07,87,1000,14,0.014
15,0.07,88,1000,15,0.015
15,0.07,89,1000,16,0.016
15,0.07,90,1000,11,0.011
15,0.07,91,1000,19,0.019
15,0.07,92,1000,6,0.006
15,0.07,93,1000,11,0.011
15,0.07,94,1000,17,0.017
15,0.07,95,1000,10,0.01
15,0.07,96,1000,13,0.013
15,0.07,97,1000,11,0.011
15,0.07,98,1000,10,0.01
15,0.07,99,1000,17,0.017
15,0.07,100,1000,10,0.01
15,0.075,1,1000,24,0.024
15,0.075,2,1000,26,0.026
15,0.075,3,1000,26,0.026
15,0.075,4,1000,28,0.028
15,0.075,5,1000,19,0.019
15,0.075,6,1000,17,0.017
15,0.075,7,1000,26,0.026
15,0.075,8,1000,18,0.018
15,0.075,9,1000,21,0.021
15,0.075,10,1000,30,0.03
15,0.075,11,1000,17,0.017
15,0.075,12,1000,33,0.033
15,0.075,13,1000,22,0.022
15,0.075,14,1000,26,0.026
15,0.075,15,1000,21,0.021
15,0.075,16,1000,26,0.026
15,0.075,17,1000,22,0.022
15,0.075,18,1000,18,0.018
15,0.075,19,1000,21,0.021
15,0.075,20,1000,27,0.027
15,0.075,21,1000,22,0.022
15,0.075,22,1000,20,0.02
15,0.075,23,1000,26,0.026
15,0.075,24,1000,22,0.022
15,0.075,25,1000,24,0.024
15,0.075,26,1000,18,0.018
15,0.075,27,1000,24,0.024
15,0.075,28,1000,19,0.019
15,0.075,29,1000,23,0.023
15,0.075,30,1000,27,0.027
15,0.075,31,1000,24,0.024
15,0.075,32,1000,23,0.023
15,0.075,33,1000,14,0.014
15,0.075,34,1000,25,0.025
15,0.075,35,1000,23,0.023
15,0.075,36,1000,19,0.019
15,0.075,37,1000,26,0.026
15,0.075,38,1000,33,0.033
15,0.075,39,1000,20,0.02
15,0.075,40,1000,16,0.016
15,0.075,41,1000,14,0.014
15,0.075,42,1000,21,0.021
15,0.075,43,1000,22,0.022
15,0.075,44,1000,16,0.016
15,0.075,45,1000,12,0.012
15,0.075,46,1000,25,0.025
15,0.075,47,1000,18,0.018
15,0.075,48,1000,28,0.028
15,0.075,49,1000,20,0.02
15,0.075,50,1000,23,0.023
15,0.075,51,1000,23,0.023
15,0.075,52,1000,18,0.018
15,0.075,53,1000,30,0.03
15,0.075,54,1000,19,0.019
15,0.075,55,1000,28,0.028
15,0.075,56,1000,28,0.028
15,0.075,57,1000,23,0.023
15,0.075,58,1000,23,0.023
15,0.075,59,1000,13,0.013
15,0.075,60,1000,28,0.028
15,0.075,61,1000,23,0.023
15,0.075,62,1000,21,0.021
15,0.075,63,1000,20,0.02
15,0.075,64,1000,24,0.024
15,0.075,65,1000,21,0.021
15,0.075,66,1000,24,0.024
15,0.075,67,1000,24,0.024
15,0.075,68,1000,24,0.024
15,0.075,69,1000,31,0.031
15,0.075,70,1000,27,0.027
15,0.075,71,1000,26,0.026
15,0.075,72,1000,16,0.016
15,0.075,73,1000,18,0.018
15,0.075,74,1000,24,0.024
15,0.075,75,1000,25,0.025
15,0.075,76,1000,27,0.027
15,0.075,77,1000,26,0.026
15,0.075,78,1000,24,0.024
15,0.075,79,1000,30,0.03
15,0.075,80,1000,28,0.028
15,0.075,81,1000,32,0.032
15,0.075,82,1000,26,0.026
15,0.075,83,1000,19,0.019
15,0.075,84,1000,21,0.021
15,0.075,85,1000,24,0.024
15,0.075,86,1000,20,0.02
15,0.075,87,1000,30,0.03
15,0.075,88,1000,26,0.026
15,0.075,89,1000,22,0.022
15,0.075,90,1000,20,0.02
15,0.075,91,1000,32,0.032
15,0.075,92,1000,28,0.028
15,0.075,93,1000,26,0.026
15,0.075,94,1000,16,0.016
15,0.075,95,1000,26,0.026
15,0.075,96,1000,30,0.03
15,0.075,97,1000,26,0.026
15,0.075,98,1000,27,0.027
15,0.075,99,1000,21,0.021
15,0.075,100,1000,20,0.02
15,0.08,1,1000,39,0.039
15,0.08,2,1000,32,0.032
15,0.08,3,1000,35,0.035
15,0.08,4,1000,46,0.046
15,0.08,5,1000,42,0.042
15,0.08,6,1000,37,0.037
15,0.08,7,1000,25,0.025
15,0.08,8,1000,33,0.033
15,0.08,9,1000,28,0.028
15,0.08,10,1000,25,0.025
15,0.08,11,1000,30,0.03
15,0.08,12,1000,30,0.03
15,0.08,13,1000,34,0.034
15,0.08,14,1000,36,0.036
15,0.08,15,1000,35,0.035
15,0.08,16,1000,38,0.038
15,0.08,17,1000,24,0.024
15,0.08,18,1000,18,0.018
15,0.08,19,1000,42,0.042
15,0.08,20,1000,38,0.038
15,0.08,21,1000,31,0.031
15,0.08,22,1000,29,0.029
15,0.08,23,1000,34,0.034
15,0.08,24,1000,41,0.041
15,0.08,25,1000,32,0.032
15,0.08,26,1000,33,0.033
15,0.08,27,1000,35,0.035
15,0.08,28,1000,37,0.037
15,0.08,29,1000,17,0.017
15,0.08,30,1000,36,0.036
15,0.08,31,1000,28,0.028
15,0.08,32,1000,35,0.035
15,0.08,33,1000,31,0.031
15,0.08,34,1000,29,0.029
15,0.08,35,1000,33,0.033
15,0.08,36,1000,33,0.033
15,0.08,37,1000,35,0.035
15,0.08,38,1000,44,0.044
15,0.08,39,1000,36,0.036
15,0.08,40,1000,30,0.03
15,0.08,41,1000,44,0.044
15,0.08,42,1000,31,0.031
15,0.08,43,1000,37,0.037
15,0.08,44,1000,35,0.035
15,0.08,45,1000,38,0.038
15,0.08,46,1000,40,0.04
15,0.08,47,1000,35,0.035
15,0.08,48,1000,38,0.038
15,0.08,49,1000,38,0.038
15,0.08,50,1000,44,0.044
15,0.08,51,1000,37,0.037
15,0.08,52,1000,41,0.041
15,0.08,53,1000,34,0.034
15,0.08,54,1000,28,0.028
15,0.08,55,1000,40,0.04
15,0.08,56,1000,34,0.034
15,0.08,57,1000,33,0.033
15,0.08,58,1000,29,0.029
15,0.08,59,1000,42,0.042
15,0.08,60,1000,32,0.032
15,0.08,61,1000,31,0.031
15,0.08,62,1000,36,0.036
15,0.08,63,1000,35,0.035
15,0.08,64,1000,36,0.036
15,0.08,65,1000,37,0.037
15,0.08,66,1000,39,0.039
15,0.08,67,1000,25,0.025
15,0.08,68,1000,41,0.041
15,0.08,69,1000,38,0.038
15,0.08,70,1000,30,0.03
15,0.08,71,1000,48,0.048
15,0.08,72,1000,35,0.035
15,0.08,73,1000,37,0.037
15,0.08,74,1000,45,0.045
15,0.08,75,1000,33,0.033
15,0.08,76,1000,39,0.039
15,0.08,77,1000,38,0.038
15,0.08,78,1000,38,0.038
15,0.08,79,1000,29,0.029
15,0.08,80,1000,30,0.03
15,0.08,81,1000,30,0.03
15,0.08,82,1000,31,0.031
15,0.08,83,1000,40,0.04
15,0.08,84,1000,37,0.037
15,0.08,85,1000,32,0.032
15,0.08,86,1000,33,0.033
15,0.08,87,1000,34,0.034
15,0.08,88,1000,38,0.038
15,0.08,89,1000,25,0.025
15,0.08,90,1000,33,0.033
15,0.08,91,1000,36,0.036
15,0.08,92,1000,36,0.036
15,0.08,93,1000,32,0.032
15,0.08,94,1000,37,0.037
15,0.08,95,1000,32,0.032
15,0.08,96,1000,38,0.038
15,0.08,97,1000,32,0.032
15,0.08,98,1000,29,0.029
15,0.08,99,1000,43,0.043
15,0.08,100,1000,37,0.037
15,0.085,1,1000,59,0.059
15,0.085,2,1000,33,0.033
15,0.085,3,1000,37,0.037
15,0.085,4,1000,49,0.049
15,0.085,5,1000,54,0.054
15,0.085,6,1000,48,0.048
15,0.085,7,1000,49,0.049
15,0.085,8,1000,58,0.058
15,0.085,9,1000,49,0.049
15,0.085,10,1000,50,0.05
15,0.085,11,1000,46,0.046
15,0.085,12,1000,49,0.049
15,0.085,13,1000,49,0.049
15,0.085,14,1000,54,0.054
15,0.085,15,1000,44,0.044
15,0.085,16,1000,39,0.039
15,0.085,17,1000,49,0.049
15,0.085,18,1000,47,0.047
15,0.085,19,1000,50,0.05
15,0.085,20,1000,57,0.057
15,0.085,21,1000,57,0.057
15,0.085,22,1000,35,0.035
15,0.085,23,1000,47,0.047
15,0.085,24,1000,46,0.046
15,0.085,25,1000,57,0.057
15,0.085,26,1000,46,0.046
15,0.085,27,1000,42,0.042
15,0.085,28,1000,50,0.05
15,0.085,29,1000,50,0.05
15,0.085,30,1000,49,0.049
15,0.085,31,1000,42,0.042
15,0.085,32,1000,46,0.046
15,0.085,33,1000,52,0.052
15,0.085,34,1000,48,0.048
15,0.085,35,1000,39,0.039
15,0.085,36,1000,61,0.061
15,0.085,37,1000,37,0.037
15,0.085,38,1000,54,0.054
15,0.085,39,1000,55,0.055
15,0.085,40,1000,50,0.05
15,0.085,41,1000,53,0.053
15,0.085,42,1000,49,0.049
15,0.085,43,1000,49,0.049
15,0.085,44,1000,47,0.047
15,0.085,45,1000,47,0.047
15,0.085,46,1000,42,0.042
15,0.085,47,1000,59,0.059
15,0.085,48,1000,39,0.039
15,0.085,49,1000,48,0.048
15,0.085,50,1000,39,0.039
15,0.085,51,1000,36,0.036
15,0.085,52,1000,42,0.042
15,0.085,53,1000,50,0.05
15,0.085,54,1000,44,0.044
15,0.085,55,1000,52,0.052
15,0.085,56,1000,40,0.04
15,0.085,57,1000,44,0.044
15,0.085,58,1000,55,0.055
15,0.085,59,1000,63,0.063
15,0.085,60,1000,48,0.048
15,0.085,61,1000,49,0.049
15,0.085,62,1000,50,0.05
15,0.085,63,1000,55,0.055
15,0.085,64,1000,49,0.049
15,0.085,65,1000,56,0.056
15,0.085,66,1000,40,0.04
15,0.085,67,1000,63,0.063
15,0.085,68,1000,59,0.059
15,0.085,69,1000,48,0.048
15,0.085,70,1000,56,0.056
15,0.085,71,1000,56,0.056
15,0.085,72,1000,47,0.047
15,0.085,73,1000,66,0.066
15,0.085,74,1000,51,0.051
15,0.085,75,1000,45,0.045
15,0.085,76,1000,56,0.056
15,0.085,77,1000,38,0.038
15,0.085,78,1000,56,0.056
15,0.085,79,1000,58,0.058
15,0.085,80,1000,44,0.044
15,0.085,81,1000,53,0.053
15,0.085,82,1000,43,0.043
15,0.085,83,1000,47,0.047
15,0.085,84,1000,46,0.046
15,0.085,85,1000,59,0.059
15,0.085,86,1000,49,0.049
15,0.085,87,1000,66,0.066
15,0.085,88,1000,48,0.048
15,0.085,89,1000,52,0.052
15,0.085,90,1000,47,0.047
15,0.085,91,1000,43,0.043
15,0.085,92,1000,50,0.05
15,0.085,93,1000,49,0.049
15,0.085,94,1000,51,0.051
15,0.085,95,1000,48,0.048
15,0.085,96,1000,45,0.045
15,0.085,97,1000,49,0.049
15,0.085,98,1000,59,0.059
15,0.085,99,1000,48,0.048
15,0.085,100,1000,56,0.056
15,0.09,1,1000,63,0.063
15,0.09,2,1000,48,0.048
15,0.09,3,1000,77,0.077
15,0.09,4,1000,62,0.062
15,0.09,5,1000,73,0.073
15,0.09,6,1000,55,0.055
15,0.09,7,1000,80,0.08
15,0.09,8,1000,70,0.07
15,0.09,9,1000,74,0.074
15,0.09,10,1000,67,0.067
15,0.09,11,1000,63,0.063
15,0.09,12,1000,80,0.08
15,0.09,13,1000,65,0.065
15,0.09,14,1000,79,0.079
15,0.09,15,1000,66,0.066
15,0.09,16,1000,63,0.063
15,0.09,17,1000,83,0.083
15,0.09,18,1000,71,0.071
15,0.09,19,1000,78,0.078
15,0.09,20,1000,72,0.072
15,0.09,21,1000,73,0.073
15,0.09,22,1000,68,0.068
15,0.09,23,1000,58,0.058
15,0.09,24,1000,60,0.06
15,0.09,25,1000,76,0.076
15,0.09,26,1000,59,0.059
15,0.09,27,1000,72,0.072
15,0.09,28,1000,63,0.063
15,0.09,29,1000,66,0.066
15,0.09,30,1000,78,0.078
15,0.09,31,1000,65,0.065
15,0.09,32,1000,80,0.08
15,0.09,33,1000,62,0.062
15,0.09,34,1000,66,0.066
15,0.09,35,1000,78,0.078
15,0.09,36,1000,69,0.069
15,0.09,37,1000,73,0.073
15,0.09,38,1000,69,0.069
15,0.09,39,1000,54,0.054
15,0.09,40,1000,53,0.053
15,0.09,41,1000,73,0.073
15,0.09,42,1000,74,0.074
15,0.09,43,1000,66,0.066
15,0.09,44,1000,67,0.067
15,0.09,45,1000,66,0.066
15,0.09,46,1000,69,0.069
15,0.09,47,1000,58,0.058
15,0.09,48,1000,63,0.063
15,0.09,49,1000,61,0.061
15,0.09,50,1000,63,0.063
15,0.09,51,1000,73,0.073
15,0.09,52,1000,73,0.073
15,0.09,53,1000,76,0.076
15,0.09,54,1000,63,0.063
15,0.09,55,1000,72,0.072
15,0.09,56,1000,80,0.08
15,0.09,57,1000,69,0.069
15,0.09,58,1000,65,0.065
15,0.09,59,1000,72,0.072
15,0.09,60,1000,70,0.07
15,0.09,61,1000,64,0.064
15,0.09,62,1000,62,0.062
15,0.09,63,1000,70,0.07
15,0.09,64,1000,56,0.056
15,0.09,65,1000,60,0.06
15,0.09,66,1000,74,0.074
15,0.09,67,1000,78,0.078
15,0.09,68,1000,65,0.065
15,0.09,69,1000,72,0.072
15,0.09,70,1000,68,0.068
15,0.09,71,1000,71,0.071
15,0.09,72,1000,88,0.088
15,0.09,73,1000,65,0.065
15,0.09,74,1000,60,0.06
15,0.09,75,1000,60,0.06
15,0.09,76,1000,75,0.075
15,0.09,77,1000,74,0.074
15,0.09,78,1000,70,0.07
15,0.09,79,1000,71,0.071
15,0.09,80,1000,64,0.064
15,0.09,81,1000,74,0.074
15,0.09,82,1000,60,0.06
15,0.09,83,1000,83,0.083
15,0.09,84,1000,63,0.063
15,0.09,85,1000,70,0.07
15,0.09,86,1000,78,0.078
15,0.09,87,1000,66,0.066
15,0.09,88,1000,73,0.073
15,0.09,89,1000,77,0.077
15,0.09,90,1000,72,0.072
15,0.09,91,1000,72,0.072
15,0.09,92,1000,76,0.076
15,0.09,93,1000,71,0.071
15,0.09,94,1000,64,0.064
15,0.09,95,1000,75,0.075
15,0.09,96,1000,82,0.082
15,0.09,97,1000,64,0.064
15,0.09,98,1000,66,0.066
15,0.09,99,1000,64,0.064
15,0.09,100,1000,76,0.076
15,0.095,1,1000,99,0.099
15,0.095,2,1000,94,0.094
15,0.095,3,1000,89,0.089
15,0.095,4,1000,83,0.083
15,0.095,5,1000,87,0.087
15,0.095,6,1000,100,0.1
15,0.095,7,1000,73,0.073
15,0.095,8,1000,93,0.093
15,0.095,9,1000,86,0.086
15,0.095,10,1000,96,0.096
15,0.095,11,1000,87,0.087
15,0.095,12,1000,85,0.085
15,0.095,13,1000,86,0.086
15,0.095,14,1000,92,0.092
15,0.095,15,1000,96,0.096
15,0.095,16,1000,112,0.112
15,0.095,17,1000,86,0.086
15,0.095,18,1000,102,0.102
15,0.095,19,1000,94,0.094
15,0.095,20,1000,94,0.094
15,0.095,21,1000,86,0.086
15,0.095,22,1000,99,0.099
15,0.095,23,1000,90,0.09
15,0.095,24,1000,98,0.098
15,0.095,25,1000,115,0.115
15,0.095,26,1000,87,0.087
15,0.095,27,1000,107,0.107
15,0.095,28,1000,88,0.088
15,0.095,29,1000,89,0.089
15,0.095,30,1000,100,0.1
15,0.095,31,1000,92,0.092
15,0.095,32,1000,102,0.102
15,0.095,33,1000,104,0.104
15,0.095,34,1000,90,0.09
15,0.095,35,1000,87,0.087
15,0.095,36,1000,97,0.097
15,0.095,37,1000,96,0.096
15,0.095,38,1000,99,0.099
15,0.095,39,1000,80,0.08
15,0.095,40,1000,86,0.086
15,0.095,41,1000,92,0.092
15,0.095,42,1000,90,0.09
15,0.095,43,1000,83,0.083
15,0.095,44,1000,102,0.102
15,0.095,45,1000,98,0.098
15,0.095,46,1000,88,0.088
15,0.095,47,1000,104,0.104
15,0.095,48,1000,80,0.08
15,0.095,49,1000,93,0.093
15,0.095,50,1000,96,0.096
15,0.095,51,1000,84,0.084
15,0.095,52,1000,93,0.093
15,0.095,53,1000,103,0.103
15,0.095,54,1000,95,0.095
15,0.095,55,1000,87,0.087
15,0.095,56,1000,100,0.1
15,0.095,57,1000,92,0.092
15,0.095,58,1000,86,0.086
15,0.095,59,1000,87,0.087
15,0.095,60,1000,104,0.104
15,0.095,61,1000,104,0.104
15,0.095,62,1000,85,0.085
15,0.095,63,1000,92,0.092
15,0.095,64,1000,86,0.086
15,0.095,65,1000,81,0.081
15,0.095,66,1000,97,0.097
15,0.095,67,1000,98,0.098
15,0.095,68,1000,100,0.1
15,0.095,69,1000,98,0.098
15,0.095,70,1000,107,0.107
15,0.095,71,1000,109,0.109
15,0.095,72,1000,92,0.092
15,0.095,73,1000,94,0.094
15,0.095,74,1000,88,0.088
15,0.095,75,1000,91,0.091
15,0.095,76,1000,94,0.094
15,0.095,77,1000,82,0.082
15,0.095,78,1000,83,0.083
15,0.095,79,1000,95,0.095
15,0.095,80,1000,85,0.085
15,0.095,81,1000,98,0.098
15,0.095,82,1000,60,0.06
15,0.095,83,1000,88,0.088
15,0.095,84,1000,83,0.083
15,0.095,85,1000,97,0.097
15,0.095,86,1000,88,0.088
15,0.095,87,1000,100,0.1
15,0.095,88,1000,112,0.112
15,0.095,89,1000,81,0.081
15,0.095,90,1000,103,0.103
15,0.095,91,1000,109,0.109
15,0.095,92,1000,117,0.117
15,0.095,93,1000,99,0.099
15,0.095,94,1000,93,0.093
15,0.095,95,1000,98,0.098
15,0.095,96,1000,94,0.094
15,0.095,97,1000,107,0.107
15,0.095,98,1000,88,0.088
15,0.095,99,1000,91,0.091
15,0.095,100,1000,80,0.08
15,0.1,1,1000,119,0.119
15,0.1,2,1000,114,0.114
15,0.1,3,1000,135,0.135
15,0.1,4,1000,130,0.13
15,0.1,5,1000,122,0.122
15,0.1,6,1000,104,0.104
15,0.1,7,1000,110,0.11
15,0.1,8,1000,125,0.125
15,0.1,9,1000,143,0.143
15,0.1,10,1000,118,0.118
15,0.1,11,1000,111,0.111
15,0.1,12,1000,130,0.13
15,0.1,13,1000,108,0.108
15,0.1,14,1000,124,0.124
15,0.1,15,1000,122,0.122
15,0.1,16,1000,102,0.102
15,0.1,17,1000,106,0.106
15,0.1,18,1000,134,0.134
15,0.1,19,1000,134,0.134
15,0.1,20,1000,114,0.114
15,0.1,21,1000,98,0.098
15,0.1,22,1000,111,0.111
15,0.1,23,1000,140,0.14
15,0.1,24,1000,125,0.125
15,0.1,25,1000,110,0.11
15,0.1,26,1000,126,0.126
15,0.1,27,1000,113,0.113
15,0.1,28,1000,125,0.125
15,0.1,29,1000,126,0.126
15,0.1,30,1000,144,0.144
15,0.1,31,1000,123,0.123
15,0.1,32,1000,130,0.13
15,0.1,33,1000,105,0.105
15,0.1,34,1000,121,0.121
15,0.1,35,1000,121,0.121
15,0.1,36,1000,130,0.13
15,0.1,37,1000,139,0.139
15,0.1,38,1000,115,0.115
15,0.1,39,1000,112,0.112
15,0.1,40,1000,129,0.129
15,0.1,41,1000,139,0.139
15,0.1,42,1000,104,0.104
15,0.1,43,1000,132,0.132
15,0.1,44,1000,115,0.115
15,0.1,45,1000,123,0.123
15,0.1,46,1000,118,0.118
15,0.1,47,1000,122,0.122
15,0.1,48,1000,123,0.123
15,0.1,49,1000,112,0.112
15,0.1,50,1000,117,0.117
15,0.1,51,1000,115,0.115
15,0.1,52,1000,114,0.114
15,0.1,53,1000,112,0.112
15,0.1,54,1000,113,0.113
15,0.1,55,1000,119,0.119
15,0.1,56,1000,103,0.103
15,0.1,57,1000,120,0.12
15,0.1,58,1000,133,0.133
15,0.1,59,1000,114,0.114
15,0.1,60,1000,124,0.124
15,0.1,61,1000,132,0.132
15,0.1,62,1000,129,0.129
15,0.1,63,1000,112,0.112
15,0.1,64,1000,134,0.134
15,0.1,65,1000,134,0.134
15,0.1,66,1000,116,0.116
15,0.1,67,1000,130,0.13
15,0.1,68,1000,121,0.121
15,0.1,69,1000,110,0.11
15,0.1,70,1000,126,0.126
15,0.1,71,1000,117,0.117
15,0.1,72,1000,128,0.128
15,0.1,73,1000,122,0.122
15,0.1,74,1000,126,0.126
15,0.1,75,1000,105,0.105
15,0.1,76,1000,111,0.111
15,0.1,77,1000,115,0.115
15,0.1,78,1000,111,0.111
15,0.1,79,1000,133,0.133
15,0.1,80,1000,119,0.119
15,0.1,81,1000,122,0.122
15,0.1,82,1000,114,0.114
15,0.1,83,1000,108,0.108
15,0.1,84,1000,119,0.119
15,0.1,85,1000,130,0.13
15,0.1,86,1000,116,0.116
15,0.1,87,1000,109,0.109
15,0.1,88,1000,129,0.129
15,0.1,89,1000,104,0.104
15,0.1,90,1000,125,0.125
15,0.1,91,1000,123,0.123
15,0.1,92,1000,109,0.109
15,0.1,93,1000,106,0.106
15,0.1,94,1000,125,0.125
15,0.1,95,1000,111,0.111
15,0.1,96,1000,109,0.109
15,0.1,97,1000,126,0.126
15,0.1,98,1000,115,0.115
15,0.1,99,1000,127,0.127
15,0.1,100,1000,129,0.129
15,0.105,1,1000,136,0.136
15,0.105,2,1000,159,0.159
15,0.105,3,1000,166,0.166
15,0.105,4,1000,146,0.146
15,0.105,5,1000,129,0.129
15,0.105,6,1000,145,0.145
15,0.105,7,1000,145,0.145
15,0.105,8,1000,151,0.151
15,0.105,9,1000,147,0.147
15,0.105,10,1000,145,0.145
15,0.105,11,1000,150,0.15
15,0.105,12,1000,163,0.163
15,0.105,13,1000,151,0.151
15,0.105,14,1000,144,0.144
15,0.105,15,1000,167,0.167
15,0.105,16,1000,153,0.153
15,0.105,17,1000,163,0.163
15,0.105,18,1000,173,0.173
15,0.105,19,1000,132,0.132
15,0.105,20,1000,157,0.157
15,0.105,21,1000,140,0.14
15,0.105,22,1000,137,0.137
15,0.105,23,1000,177,0.177
15,0.105,24,1000,163,0.163
15,0.105,25,1000,138,0.138
15,0.105,26,1000,143,0.143
15,0.105,27,1000,151,0.151
15,0.105,28,1000,158,0.158
15,0.105,29,1000,141,0.141
15,0.105,30,1000,178,0.178
15,0.105,31,1000,149,0.149
15,0.105,32,1000,144,0.144
15,0.105,33,1000,150,0.15
15,0.105,34,1000,149,0.149
15,0.105,35,1000,151,0.151
15,0.105,36,1000,146,0.146
15,0.105,37,1000,152,0.152
15,0.105,38,1000,155,0.155
15,0.105,39,1000,142,0.142
15,0.105,40,1000,135,0.135
15,0.105,41,1000,164,0.164
15,0.105,42,1000,157,0.157
15,0.105,43,1000,151,0.151
15,0.105,44,1000,162,0.162
15,0.105,45,1000,144,0.144
15,0.105,46,1000,154,0.154
15,0.105,47,1000,158,0.158
15,0.105,48,1000,143,0.143
15,0.105,49,1000,169,0.169
15,0.105,50,1000,158,0.158
15,0.105,51,1000,133,0.133
15,0.105,52,1000,159,0.159
15,0.105,53,1000,145,0.145
15,0.105,54,1000,159,0.159
15,0.105,55,1000,158,0.158
15,0.105,56,1000,155,0.155
15,0.105,57,1000,146,0.146
15,0.105,58,1000,155,0.155
15,0.105,59,1000,124,0.124
15,0.105,60,1000,144,0.144
15,0.105,61,1000,130,0.13
15,0.105,62,1000,154,0.154
15,0.105,63,1000,161,0.161
15,0.105,64,1000,150,0.15
15,0.105,65,1000,155,0.155
15,0.105,66,1000,150,0.15
15,0.105,67,1000,128,0.128
15,0.105,68,1000,159,0.159
15,0.105,69,1000,149,0.149
15,0.105,70,1000,159,0.159
15,0.105,71,1000,153,0.153
15,0.105,72,1000,162,0.162
15,0.105,73,1000,168,0.168
15,0.105,74,1000,153,0.153
15,0.105,75,1000,157,0.157
15,0.105,76,1000,168,0.168
15,0.105,77,1000,147,0.147
15,0.105,78,1000,148,0.148
15,0.105,79,1000,123,0.123
15,0.105,80,1000,141,0.141
15,0.105,81,1000,161,0.161
15,0.105,82,1000,155,0.155
15,0.105,83,1000,151,0.151
15,0.105,84,1000,142,0.142
15,0.105,85,1000,157,0.157
15,0.105,86,1000,144,0.144
15,0.105,87,1000,153,0.153
15,0.105,88,1000,142,0.142
15,0.105,89,1000,167,0.167
15,0.105,90,1000,168,0.168
15,0.105,91,1000,141,0.141
15,0.105,92,1000,166,0.166
15,0.105,93,1000,142,0.142
15,0.105,94,1000,149,0.149
15,0.105,95,1000,154,0.154
15,0.105,96,1000,172,0.172
15,0.105,97,1000,130,0.13
15,0.105,98,1000,174,0.174
15,0.105,99,1000,169,0.169
15,0.105,100,1000,163,0.163
15,0.11,1,1000,189,0.189
15,0.11,2,1000,213,0.213
15,0.11,3,1000,177,0.177
15,0.11,4,1000,177,0.177
15,0.11,5,1000,155,0.155
15,0.11,6,1000,172,0.172
15,0.11,7,1000,212,0.212
15,0.11,8,1000,185,0.185
15,0.11,9,1000,178,0.178
15,0.11,10,1000,195,0.195
15,0.11,11,1000,200,0.2
15,0.11,12,1000,189,0.189
15,0.11,13,1000,181,0.181
15,0.11,14,1000,182,0.182
15,0.11,15,1000,184,0.184
15,0.11,16,1000,185,0.185
15,0.11,17,1000,186,0.186
15,0.11,18,1000,194,0.194
15,0.11,19,1000,178,0.178
15,0.11,20,1000,175,0.175
15,0.11,21,1000,193,0.193
15,0.11,22,1000,178,0.178
15,0.11,23,1000,181,0.181
15,0.11,24,1000,182,0.182
15,0.11,25,1000,199,0.199
15,0.11,26,1000,167,0.167
15,0.11,27,1000,176,0.176
15,0.11,28,1000,177,0.177
15,0.11,29,1000,186,0.186
15,0.11,30,1000,172,0.172
15,0.11,31,1000,200,0.2
15,0.11,32,1000,152,0.152
15,0.11,33,1000,184,0.184
15,0.11,34,1000,175,0.175
15,0.11,35,1000,186,0.186
15,0.11,36,1000,179,0.179
15,0.11,37,1000,202,0.202
15,0.11,38,1000,186,0.186
15,0.11,39,1000,167,0.167
15,0.11,40,1000,184,0.184
15,0.11,41,1000,177,0.177
15,0.11,42,1000,174,0.174
15,0.11,43,1000,188,0.188
15,0.11,44,1000,190,0.19
15,0.11,45,1000,195,0.195
15,0.11,46,1000,205,0.205
15,0.11,47,1000,182,0.182
15,0.11,48,1000,200,0.2
15,0.11,49,1000,192,0.192
15,0.11,50,1000,187,0.187
15,0.11,51,1000,188,0.188
15,0.11,52,1000,169,0.169
15,0.11,53,1000,172,0.172
15,0.11,54,1000,201,0.201
15,0.11,55,1000,201,0.201
15,0.11,56,1000,187,0.187
15,0.11,57,1000,180,0.18
15,0.11,58,1000,192,0.192
15,0.11,59,1000,193,0.193
15,0.11,60,1000,190,0.19
15,0.11,61,1000,183,0.183
15,0.11,62,1000,171,0.171
15,0.11,63,1000,188,0.188
15,0.11,64,1000,196,0.196
15,0.11,65,1000,174,0.174
15,0.11,66,1000,181,0.181
15,0.11,67,1000,199,0.199
15,0.11,68,1000,156,0.156
15,0.11,69,1000,176,0.176
15,0.11,70,1000,203,0.203
15,0.11,71,1000,193,0.193
15,0.11,72,1000,185,0.185
15,0.11,73,1000,159,0.159
15,0.11,74,1000,194,0.194
15,0.11,75,1000,161,0.161
15,0.11,76,1000,201,0.201
15,0.11,77,1000,186,0.186
15,0.11,78,1000,181,0.181
15,0.11,79,1000,187,0.187
15,0.11,80,1000,177,0.177
15,0.11,81,1000,190,0.19
15,0.11,82,1000,189,0.189
15,0.11,83,1000,179,0.179
15,0.11,84,1000,191,0.191
15,0.11,85,1000,190,0.19
15,0.11,86,1000,200,0.2
15,0.11,87,1000,191,0.191
15,0.11,88,1000,195,0.195
15,0.11,89,1000,159,0.159
15,0.11,90,1000,193,0.193
15,0.11,91,1000,192,0.192
15,0.11,92,1000,170,0.17
15,0.11,93,1000,182,0.182
15,0.11,94,1000,166,0.166
15,0.11,95,1000,200,0.2
15,0.11,96,1000,177,0.177
15,0.11,97,1000,199,0.199
15,0.11,98,1000,182,0.182
15,0.11,99,1000,185,0.185
15,0.11,100,1000,197,0.197
15,0.115,1,1000,209,0.209
15,0.115,2,1000,217,0.217
15,0.115,3,1000,222,0.222
15,0.115,4,1000,217,0.217
15,0.115,5,1000,227,0.227
15,0.115,6,1000,226,0.226
15,0.115,7,1000,218,0.218
15,0.115,8,1000,195,0.195
15,0.115,9,1000,218,0.218
15,0.115,10,1000,221,0.221
15,0.115,11,1000,202,0.202
15,0.115,12,1000,199,0.199
15,0.115,13,1000,219,0.219
15,0.115,14,1000,200,0.2
15,0.115,15,1000,236,0.236
15,0.115,16,1000,198,0.198
15,0.115,17,1000,224,0.224
15,0.115,18,1000,238,0.238
15,0.115,19,1000,209,0.209
15,0.115,20,1000,199,0.199
15,0.115,21,1000,211,0.211
15,0.115,22,1000,212,0.212
15,0.115,23,1000,214,0.214
15,0.115,24,1000,228,0.228
15,0.115,25,1000,212,0.212
15,0.115,26,1000,214,0.214
15,0.115,27,1000,225,0.225
15,0.115,28,1000,213,0.213
15,0.115,29,1000,222,0.222
15,0.115,30,1000,236,0.236
15,0.115,31,1000,210,0.21
15,0.115,32,1000,222,0.222
15,0.115,33,1000,214,0.214
15,0.115,34,1000,222,0.222
15,0.115,35,1000,220,0.22
15,0.115,36,1000,231,0.231
15,0.115,37,1000,210,0.21
15,0.115,38,1000,233,0.233
15,0.115,39,1000,209,0.209
15,0.115,40,1000,217,0.217
15,0.115,41,1000,204,0.204
15,0.115,42,1000,218,0.218
15,0.115,43,1000,203,0.203
15,0.115,44,1000,207,0.207
15,0.115,45,1000,201,0.201
15,0.115,46,1000,238,0.238
15,0.115,47,1000,232,0.232
15,0.115,48,1000,214,0.214
15,0.115,49,1000,225,0.225
15,0.115,50,1000,207,0.207
15,0.115,51,1000,225,0.225
15,0.115,52,1000,212,0.212
15,0.115,53,1000,218,0.218
15,0.115,54,1000,235,0.235
15,0.115,55,1000,240,0.24
15,0.115,56,1000,202,0.202
15,0.115,57,1000,242,0.242
15,0.115,58,1000,231,0.231
15,0.115,59,1000,220,0.22
15,0.115,60,1000,212,0.212
15,0.115,61,1000,219,0.219
15,0.115,62,1000,221,0.221
15,0.115,63,1000,208,0.208
15,0.115,64,1000,223,0.223
15,0.115,65,1000,223,0.223
15,0.115,66,1000,237,0.237
15,0.115,67,1000,208,0.208
15,0.115,68,1000,219,0.219
15,0.115,69,1000,239,0.239
15,0.115,70,1000,229,0.229
15,0.115,71,1000,220,0.22
15,0.115,72,1000,206,0.206
15,0.115,73,1000,204,0.204
15,0.115,74,1000,226,0.226
15,0.115,75,1000,215,0.215
15,0.115,76,1000,215,0.215
15,0.115,77,1000,221,0.221
15,0.115,78,1000,186,0.186
15,0.115,79,1000,221,0.221
15,0.115,80,1000,189,0.189
15,0.115,81,1000,215,0.215
15,0.115,82,1000,212,0.212
15,0.115,83,1000,208,0.208
15,0.115,84,1000,209,0.209
15,0.115,85,1000,215,0.215
15,0.115,86,1000,209,0.209
15,0.115,87,1000,196,0.196
15,0.115,88,1000,212,0.212
15,0.115,89,1000,221,0.221
15,0.115,90,1000,225,0.225
15,0.115,91,1000,218,0.218
15,0.115,92,1000,225,0.225
15,0.115,93,1000,228,0.228
15,0.115,94,1000,204,0.204
15,0.115,95,1000,227,0.227
15,0.115,96,1000,225,0.225
15,0.115,97,1000,208,0.208
15,0.115,98,1000,216,0.216
15,0.115,99,1000,231,0.231
15,0.115,100,1000,209,0.209
15,0.12,1,1000,253,0.253
15,0.12,2,1000,258,0.258
15,0.12,3,1000,225,0.225
15,0.12,4,1000,230,0.23
15,0.12,5,1000,271,0.271
15,0.12,6,1000,242,0.242
15,0.12,7,1000,245,0.245
15,0.12,8,1000,271,0.271
15,0.12,9,1000,255,0.255
15,0.12,10,1000,252,0.252
15,0.12,11,1000,265,0.265
15,0.12,12,1000,219,0.219
15,0.12,13,1000,251,0.251
15,0.12,14,1000,242,0.242
15,0.12,15,1000,254,0.254
15,0.12,16,1000,276,0.276
15,0.12,17,1000,249,0.249
15,0.12,18,1000,227,0.227
15,0.12,19,1000,246,0.246
15,0.12,20,1000,273,0.273
15,0.12,21,1000,233,0.233
15,0.12,22,1000,247,0.247
15,0.12,23,1000,226,0.226
15,0.12,24,1000,245,0.245
15,0.12,25,1000,270,0.27
15,0.12,26,1000,246,0.246
15,0.12,27,1000,244,0.244
15,0.12,28,1000,275,0.275
15,0.12,29,1000,264,0.264
15,0.12,30,1000,264,0.264
15,0.12,31,1000,241,0.241
15,0.12,32,1000,241,0.241
15,0.12,33,1000,249,0.249
15,0.12,34,1000,245,0.245
15,0.12,35,1000,269,0.269
15,0.12,36,1000,243,0.243
15,0.12,37,1000,269,0.269
15,0.12,38,1000,231,0.231
15,0.12,39,1000,264,0.264
15,0.12,40,1000,237,0.237
15,0.12,41,1000,232,0.232
15,0.12,42,1000,264,0.264
15,0.12,43,1000,233,0.233
15,0.12,44,1000,243,0.243
15,0.12,45,1000,251,0.251
15,0.12,46,1000,244,0.244
15,0.12,47,1000,247,0.247
15,0.12,48,1000,265,0.265
15,0.12,49,1000,271,0.271
15,0.12,50,1000,247,0.247
15,0.12,51,1000,254,0.254
15,0.12,52,1000,241,0.241
15,0.12,53,1000,259,0.259
15,0.12,54,1000,252,0.252
15,0.12,55,1000,272,0.272
15,0.12,56,1000,231,0.231
15,0.12,57,1000,224,0.224
15,0.12,58,1000,276,0.276
15,0.12,59,1000,242,0.242
15,0.12,60,1000,265,0.265
15,0.12,61,1000,244,0.244
15,0.12,62,1000,272,0.272
15,0.12,63,1000,232,0.232
15,0.12,64,1000,251,0.251
15,0.12,65,1000,225,0.225
15,0.12,66,1000,237,0.237
15,0.12,67,1000,259,0.259
15,0.12,68,1000,237,0.237
15,0.12,69,1000,261,0.261
15,0.12,70,1000,260,0.26
15,0.12,71,1000,247,0.247
15,0.12,72,1000,259,0.259
15,0.12,73,1000,237,0.237
15,0.12,74,1000,261,0.261
15,0.12,75,1000,231,0.231
15,0.12,76,1000,240,0.24
15,0.12,77,1000,236,0.236
15,0.12,78,1000,260,0.26
15,0.12,79,1000,237,0.237
15,0.12,80,1000,253,0.253
15,0.12,81,1000,240,0.24
15,0.12,82,1000,235,0.235
15,0.12,83,1000,250,0.25
15,0.12,84,1000,256,0.256
15,0.12,85,1000,247,0.247
15,0.12,86,1000,270,0.27
15,0.12,87,1000,248,0.248
15,0.12,88,1000,234,0.234
15,0.12,89,1000,257,0.257
15,0.12,90,1000,263,0.263
15,0.12,91,1000,264,0.264
15,0.12,92,1000,224,0.224
15,0.12,93,1000,277,0.277
15,0.12,94,1000,255,0.255
15,0.12,95,1000,259,0.259
15,0.12,96,1000,264,0.264
15,0.12,97,1000,248,0.248
15,0.12,98,1000,275,0.275
15,0.12,99,1000,241,0.241
15,0.12,100,1000,248,0.248
15,0.125,1,1000,272,0.272
15,0.125,2,1000,281,0.281
15,0.125,3,1000,310,0.31
15,0.125,4,1000,303,0.303
15,0.125,5,1000,298,0.298
15,0.125,6,1000,274,0.274
15,0.125,7,1000,278,0.278
15,0.125,8,1000,299,0.299
15,0.125,9,1000,308,0.308
15,0.125,10,1000,272,0.272
15,0.125,11,1000,300,0.3
15,0.125,12,1000,273,0.273
15,0.125,13,1000,252,0.252
15,0.125,14,1000,268,0.268
15,0.125,15,1000,261,0.261
15,0.125,16,1000,264,0.264
15,0.125,17,1000,254,0.254
15,0.125,18,1000,303,0.303
15,0.125,19,1000,291,0.291
15,0.125,20,1000,292,0.292
15,0.125,21,1000,289,0.289
15,0.125,22,1000,282,0.282
15,0.125,23,1000,301,0.301
15,0.125,24,1000,277,0.277
15,0.125,25,1000,298,0.298
15,0.125,26,1000,309,0.309
15,0.125,27,1000,279,0.279
15,0.125,28,1000,273,0.273
15,0.125,29,1000,266,0.266
15,0.125,30,1000,258,0.258
15,0.125,31,1000,284,0.284
15,0.125,32,1000,274,0.274
15,0.125,33,1000,294,0.294
15,0.125,34,1000,282,0.282
15,0.125,35,1000,277,0.277
15,0.125,36,1000,276,0.276
15,0.125,37,1000,276,0.276
15,0.125,38,1000,283,0.283
15,0.125,39,1000,278,0.278
15,0.125,40,1000,288,0.288
15,0.125,41,1000,295,0.295
15,0.125,42,1000,280,0.28
15,0.125,43,1000,300,0.3
15,0.125,44,1000,268,0.268
15,0.125,45,1000,259,0.259
15,0.125,46,1000,298,0.298
15,0.125,47,1000,300,0.3
15,0.125,48,1000,278,0.278
15,0.125,49,1000,281,0.281
15,0.125,50,1000,288,0.288
15,0.125,51,1000,258,0.258
15,0.125,52,1000,279,0.279
15,0.125,53,1000,260,0.26
15,0.125,54,1000,278,0.278
15,0.125,55,1000,303,0.303
15,0.125,56,1000,266,0.266
15,0.125,57,1000,290,0.29
15,0.125,58,1000,271,0.271
15,0.125,59,1000,282,0.282
15,0.125,60,1000,310,0.31
15,0.125,61,1000,297,0.297
15,0.125,62,1000,275,0.275
15,0.125,63,1000,255,0.255
15,0.125,64,1000,274,0.274
15,0.125,65,1000,277,0.277
15,0.125,66,1000,285,0.285
15,0.125,67,1000,278,0.278
15,0.125,68,1000,296,0.296
15,0.125,69,1000,271,0.271
15,0.125,70,1000,291,0.291
15,0.125,71,1000,288,0.288
15,0.125,72,1000,290,0.29
15,0.125,73,1000,284,0.284
15,0.125,74,1000,272,0.272
15,0.125,75,1000,280,0.28
15,0.125,76,1000,299,0.299
15,0.125,77,1000,283,0.283
15,0.125,78,1000,262,0.262
15,0.125,79,1000,298,0.298
15,0.125,80,1000,271,0.271
15,0.125,81,1000,299,0.299
15,0.125,82,1000,241,0.241
15,0.125,83,1000,288,0.288
15,0.125,84,1000,288,0.288
15,0.125,85,1000,273,0.273
15,0.125,86,1000,263,0.263
15,0.125,87,1000,297,0.297
15,0.125,88,1000,273,0.273
15,0.125,89,1000,292,0.292
15,0.125,90,1000,272,0.272
15,0.125,91,1000,273,0.273
15,0.125,92,1000,272,0.272
15,0.125,93,1000,268,0.268
15,0.125,94,1000,301,0.301
15,0.125,95,1000,302,0.302
15,0.125,96,1000,279,0.279
15,0.125,97,1000,299,0.299
15,0.125,98,1000,305,0.305
15,0.125,99,1000,266,0.266
15,0.125,100,1000,263,0.263
15,0.13,1,1000,303,0.303
15,0.13,2,1000,300,0.3
15,0.13,3,1000,332,0.332
15,0.13,4,1000,329,0.329
15,0.13,5,1000,331,0.331
15,0.13,6,1000,316,0.316
15,0.13,7,1000,288,0.288
15,0.13,8,1000,331,0.331
15,0.13,9,1000,346,0.346
15,0.13,10,1000,326,0.326
15,0.13,11,1000,310,0.31
15,0.13,12,1000,286,0.286
15,0.13,13,1000,326,0.326
15,0.13,14,1000,298,0.298
15,0.13,15,1000,300,0.3
15,0.13,16,1000,337,0.337
15,0.13,17,1000,287,0.287
15,0.13,18,1000,311,0.311
15,0.13,19,1000,311,0.311
15,0.13,20,1000,317,0.317
15,0.13,21,1000,311,0.311
15,0.13,22,1000,323,0.323
15,0.13,23,1000,328,0.328
15,0.13,24,1000,322,0.322
15,0.13,25,1000,343,0.343
15,0.13,26,1000,304,0.304
15,0.13,27,1000,290,0.29
15,0.13,28,1000,292,0.292
15,0.13,29,1000,307,0.307
15,0.13,30,1000,293,0.293
15,0.13,31,1000,316,0.316
15,0.13,32,1000,318,0.318
15,0.13,33,1000,330,0.33
15,0.13,34,1000,314,0.314
15,0.13,35,1000,308,0.308
15,0.13,36,1000,302,0.302
15,0.13,37,1000,298,0.298
15,0.13,38,1000,297,0.297
15,0.13,39,1000,308,0.308
15,0.13,40,1000,298,0.298
15,0.13,41,1000,313,0.313
15,0.13,42,1000,321,0.321
15,0.13,43,1000,302,0.302
15,0.13,44,1000,313,0.313
15,0.13,45,1000,321,0.321
15,0.13,46,1000,322,0.322
15,0.13,47,1000,313,0.313
15,0.13,48,1000,313,0.313
15,0.13,49,1000,317,0.317
15,0.13,50,1000,319,0.319
15,0.13,51,1000,358,0.358
15,0.13,52,1000,325,0.325
15,0.13,53,1000,319,0.319
15,0.13,54,1000,315,0.315
15,0.13,55,1000,315,0.315
15,0.13,56,1000,297,0.297
15,0.13,57,1000,314,0.314
15,0.13,58,1000,322,0.322
15,0.13,59,1000,331,0.331
15,0.13,60,1000,317,0.317
15,0.13,61,1000,311,0.311
15,0.13,62,1000,332,0.332
15,0.13,63,1000,309,0.309
15,0.13,64,1000,302,0.302
15,0.13,65,1000,311,0.311
15,0.13,66,1000,292,0.292
15,0.13,67,1000,303,0.303
15,0.13,68,1000,313,0.313
15,0.13,69,1000,304,0.304
15,0.13,70,1000,326,0.326
15,0.13,71,1000,323,0.323
15,0.13,72,1000,300,0.3
15,0.13,73,1000,315,0.315
15,0.13,74,1000,302,0.302
15,0.13,75,1000,309,0.309
15,0.13,76,1000,300,0.3
15,0.13,77,1000,317,0.317
15,0.13,78,1000,336,0.336
15,0.13,79,1000,342,0.342
15,0.13,80,1000,320,0.32
15,0.13,81,1000,325,0.325
15,0.13,82,1000,317,0.317
15,0.13,83,1000,314,0.314
15,0.13,84,1000,306,0.306
15,0.13,85,1000,307,0.307
15,0.13,86,1000,289,0.289
15,0.13,87,1000,279,0.279
15,0.13,88,1000,337,0.337
15,0.13,89,1000,301,0.301
15,0.13,90,1000,321,0.321
15,0.13,91,1000,306,0.306
15,0.13,92,1000,288,0.288
15,0.13,93,1000,296,0.296
15,0.13,94,1000,303,0.303
15,0.13,95,1000,297,0.297
15,0.13,96,1000,309,0.309
15,0.13,97,1000,318,0.318
15,0.13,98,1000,321,0.321
15,0.13,99,1000,309,0.309
15,0.13,100,1000,298,0.298
15,0.135,1,1000,342,0.342
15,0.135,2,1000,345,0.345
15,0.135,3,1000,343,0.343
15,0.135,4,1000,334,0.334
15,0.135,5,1000,330,0.33
15,0.135,6,1000,354,0.354
15,0.135,7,1000,312,0.312
15,0.135,8,1000,334,0.334
15,0.135,9,1000,349,0.349
15,0.135,10,1000,341,0.341
15,0.135,11,1000,345,0.345
15,0.135,12,1000,346,0.346
15,0.135,13,1000,348,0.348
15,0.135,14,1000,339,0.339
15,0.135,15,1000,343,0.343
15,0.135,16,1000,332,0.332
15,0.135,17,1000,360,0.36
15,0.135,18,1000,339,0.339
15,0.135,19,1000,363,0.363
15,0.135,20,1000,368,0.368
15,0.135,21,1000,317,0.317
15,0.135,22,1000,356,0.356
15,0.135,23,1000,359,0.359
15,0.135,24,1000,321,0.321
15,0.135,25,1000,345,0.345
15,0.135,26,1000,380,0.38
15,0.135,27,1000,375,0.375
15,0.135,28,1000,326,0.326
15,0.135,29,1000,365,0.365
15,0.135,30,1000,366,0.366
15,0.135,31,1000,370,0.37
15,0.135,32,1000,327,0.327
15,0.135,33,1000,364,0.364
15,0.135,34,1000,308,0.308
15,0.135,35,1000,341,0.341
15,0.135,36,1000,363,0.363
15,0.135,37,1000,322,0.322
15,0.135,38,1000,341,0.341
15,0.135,39,1000,357,0.357
15,0.135,40,1000,380,0.38
15,0.135,41,1000,358,0.358
15,0.135,42,1000,347,0.347
15,0.135,43,1000,365,0.365
15,0.135,44,1000,345,0.345
15,0.135,45,1000,332,0.332
15,0.135,46,1000,333,0.333
15,0.135,47,1000,367,0.367
15,0.135,48,1000,341,0.341
15,0.135,49,1000,344,0.344
15,0.135,50,1000,321,0.321
15,0.135,51,1000,363,0.363
15,0.135,52,1000,322,0.322
15,0.135,53,1000,338,0.338
15,0.135,54,1000,321,0.321
15,0.135,55,1000,352,0.352
15,0.135,56,1000,356,0.356
15,0.135,57,1000,352,0.352
15,0.135,58,1000,346,0.346
15,0.135,59,1000,362,0.362
15,0.135,60,1000,356,0.356
15,0.135,61,1000,332,0.332
15,0.135,62,1000,327,0.327
15,0.135,63,1000,342,0.342
15,0.135,64,1000,334,0.334
15,0.135,65,1000,342,0.342
15,0.135,66,1000,329,0.329
15,0.135,67,1000,334,0.334
15,0.135,68,1000,337,0.337
15,0.135,69,1000,356,0.356
15,0.135,70,1000,354,0.354
15,0.135,71,1000,318,0.318
15,0.135,72,1000,353,0.353
15,0.135,73,1000,364,0.364
15,0.135,74,1000,330,0.33
15,0.135,75,1000,334,0.334
15,0.135,76,1000,338,0.338
15,0.135,77,1000,331,0.331
15,0.135,78,1000,319,0.319
15,0.135,79,1000,346,0.346
15,0.135,80,1000,350,0.35
15,0.135,81,1000,330,0.33
15,0.135,82,1000,346,0.346
15,0.135,83,1000,331,0.331
15,0.135,84,1000,357,0.357
15,0.135,85,1000,306,0.306
15,0.135,86,1000,360,0.36
15,0.135,87,1000,384,0.384
15,0.135,88,1000,311,0.311
15,0.135,89,1000,334,0.334
15,0.135,90,1000,329,0.329
15,0.135,91,1000,340,0.34
15,0.135,92,1000,329,0.329
15,0.135,93,1000,324,0.324
15,0.135,94,1000,340,0.34
15,0.135,95,1000,353,0.353
15,0.135,96,1000,342,0.342
15,0.135,97,1000,329,0.329
15,0.135,98,1000,335,0.335
15,0.135,99,1000,365,0.365
15,0.135,100,1000,336,0.336
15,0.14,1,1000,372,0.372
15,0.14,2,1000,361,0.361
15,0.14,3,1000,375,0.375
15,0.14,4,1000,355,0.355
15,0.14,5,1000,371,0.371
15,0.14,6,1000,368,0.368
15,0.14,7,1000,381,0.381
15,0.14,8,1000,385,0.385
15,0.14,9,1000,363,0.363
15,0.14,10,1000,356,0.356
15,0.14,11,1000,344,0.344
15,0.14,12,1000,350,0.35
15,0.14,13,1000,390,0.39
15,0.14,14,1000,356,0.356
15,0.14,15,1000,355,0.355
15,0.14,16,1000,365,0.365
15,0.14,17,1000,377,0.377
15,0.14,18,1000,338,0.338
15,0.14,19,1000,387,0.387
15,0.14,20,1000,353,0.353
15,0.14,21,1000,370,0.37
15,0.14,22,1000,353,0.353
15,0.14,23,1000,379,0.379
15,0.14,24,1000,358,0.358
15,0.14,25,1000,359,0.359
15,0.14,26,1000,365,0.365
15,0.14,27,1000,387,0.387
15,0.14,28,1000,385,0.385
15,0.14,29,1000,377,0.377
15,0.14,30,1000,385,0.385
15,0.14,31,1000,367,0.367
15,0.14,32,1000,373,0.373
15,0.14,33,1000,353,0.353
15,0.14,34,1000,385,0.385
15,0.14,35,1000,352,0.352
15,0.14,36,1000,363,0.363
15,0.14,37,1000,396,0.396
15,0.14,38,1000,356,0.356
15,0.14,39,1000,401,0.401
15,0.14,40,1000,355,0.355
15,0.14,41,1000,348,0.348
15,0.14,42,1000,373,0.373
15,0.14,43,1000,371,0.371
15,0.14,44,1000,379,0.379
15,0.14,45,1000,365,0.365
15,0.14,46,1000,362,0.362
15,0.14,47,1000,368,0.368
15,0.14,48,1000,365,0.365
15,0.14,49,1000,340,0.34
15,0.14,50,1000,358,0.358
15,0.14,51,1000,361,0.361
15,0.14,52,1000,381,0.381
15,0.14,53,1000,363,0.363
15,0.14,54,1000,379,0.379
15,0.14,55,1000,355,0.355
15,0.14,56,1000,375,0.375
15,0.14,57,1000,347,0.347
15,0.14,58,1000,389,0.389
15,0.14,59,1000,342,0.342
15,0.14,60,1000,333,0.333
15,0.14,61,1000,364,0.364
15,0.14,62,1000,358,0.358
15,0.14,63,1000,374,0.374
15,0.14,64,1000,370,0.37
15,0.14,65,1000,373,0.373
15,0.14,66,1000,346,0.346
15,0.14,67,1000,388,0.388
15,0.14,68,1000,361,0.361
15,0.14,69,1000,387,0.387
15,0.14,70,1000,381,0.381
15,0.14,71,1000,374,0.374
15,0.14,72,1000,366,0.366
15,0.14,73,1000,346,0.346
15,0.14,74,1000,368,0.368
15,0.14,75,1000,373,0.373
15,0.14,76,1000,372,0.372
15,0.14,77,1000,373,0.373
15,0.14,78,1000,358,0.358
15,0.14,79,1000,384,0.384
15,0.14,80,1000,370,0.37
15,0.14,81,1000,424,0.424
15,0.14,82,1000,370,0.37
15,0.14,83,1000,360,0.36
15,0.14,84,1000,387,0.387
15,0.14,85,1000,379,0.379
15,0.14,86,1000,357,0.357
15,0.14,87,1000,381,0.381
15,0.14,88,1000,376,0.376
15,0.14,89,1000,342,0.342
15,0.14,90,1000,372,0.372
15,0.14,91,1000,373,0.373
15,0.14,92,1000,381,0.381
15,0.14,93,1000,382,0.382
15,0.14,94,1000,368,0.368
15,0.14,95,1000,347,0.347
15,0.14,96,1000,375,0.375
15,0.14,97,1000,378,0.378
15,0.14,98,1000,356,0.356
15,0.14,99,1000,361,0.361
15,0.14,100,1000,356,0.356
15,0.145,1,1000,393,0.393
15,0.145,2,1000,375,0.375
15,0.145,3,1000,381,0.381
15,0.145,4,1000,420,0.42
15,0.145,5,1000,372,0.372
15,0.145,6,1000,384,0.384
15,0.145,7,1000,382,0.382
15,0.145,8,1000,361,0.361
15,0.145,9,1000,384,0.384
15,0.145,10,1000,404,0.404
15,0.145,11,1000,397,0.397
15,0.145,12,1000,404,0.404
15,0.145,13,1000,378,0.378
15,0.145,14,1000,381,0.381
15,0.145,15,1000,371,0.371
15,0.145,16,1000,387,0.387
15,0.145,17,1000,400,0.4
15,0.145,18,1000,363,0.363
15,0.145,19,1000,384,0.384
15,0.145,20,1000,384,0.384
15,0.145,21,1000,399,0.399
15,0.145,22,1000,376,0.376
15,0.145,23,1000,397,0.397
15,0.145,24,1000,391,0.391
15,0.145,25,1000,409,0.409
15,0.145,26,1000,406,0.406
15,0.145,27,1000,396,0.396
15,0.145,28,1000,411,0.411
15,0.145,29,1000,379,0.379
15,0.145,30,1000,366,0.366
15,0.145,31,1000,381,0.381
15,0.145,32,1000,404,0.404
15,0.145,33,1000,404,0.404
15,0.145,34,1000,370,0.37
15,0.145,35,1000,402,0.402
15,0.145,36,1000,381,0.381
15,0.145,37,1000,377,0.377
15,0.145,38,1000,389,0.389
15,0.145,39,1000,401,0.401
15,0.145,40,1000,391,0.391
15,0.145,41,1000,366,0.366
15,0.145,42,1000,388,0.388
15,0.145,43,1000,412,0.412
15,0.145,44,1000,380,0.38
15,0.145,45,1000,406,0.406
15,0.145,46,1000,399,0.399
15,0.145,47,1000,377,0.377
15,0.145,48,1000,401,0.401
15,0.145,49,1000,409,0.409
15,0.145,50,1000,385,0.385
15,0.145,51,1000,403,0.403
15,0.145,52,1000,377,0.377
15,0.145,53,1000,413,0.413
15,0.145,54,1000,380,0.38
15,0.145,55,1000,365,0.365
15,0.145,56,1000,379,0.379
15,0.145,57,1000,369,0.369
15,0.145,58,1000,390,0.39
15,0.145,59,1000,399,0.399
15,0.145,60,1000,395,0.395
15,0.145,61,1000,372,0.372
15,0.145,62,1000,407,0.407
15,0.145,63,1000,419,0.419
15,0.145,64,1000,401,0.401
15,0.145,65,1000,392,0.392
15,0.145,66,1000,377,0.377
15,0.145,67,1000,382,0.382
15,0.145,68,1000,371,0.371
15,0.145,69,1000,400,0.4
15,0.145,70,1000,393,0.393
15,0.145,71,1000,391,0.391
15,0.145,72,1000,391,0.391
15,0.145,73,1000,371,0.371
15,0.145,74,1000,394,0.394
15,0.145,75,1000,383,0.383
15,0.145,76,1000,425,0.425
15,0.145,77,1000,380,0.38
15,0.145,78,1000,422,0.422
15,0.145,79,1000,396,0.396
15,0.145,80,1000,386,0.386
15,0.145,81,1000,417,0.417
15,0.145,82,1000,413,0.413
15,0.145,83,1000,390,0.39
15,0.145,84,1000,355,0.355
15,0.145,85,1000,385,0.385
15,0.145,86,1000,390,0.39
15,0.145,87,1000,408,0.408
15,0.145,88,1000,410,0.41
15,0.145,89,1000,397,0.397
15,0.145,90,1000,394,0.394
15,0.145,91,1000,404,0.404
15,0.145,92,1000,383,0.383
15,0.145,93,1000,384,0.384
15,0.145,94,1000,370,0.37
15,0.145,95,1000,383,0.383
15,0.145,96,1000,382,0.382
15,0.145,97,1000,361,0.361
15,0.145,98,1000,379,0.379
15,0.145,99,1000,399,0.399
15,0.145,100,1000,384,0.384
15,0.15,1,1000,392,0.392
15,0.15,2,1000,381,0.381
15,0.15,3,1000,444,0.444
15,0.15,4,1000,424,0.424
15,0.15,5,1000,417,0.417
15,0.15,6,1000,416,0.416
15,0.15,7,1000,419,0.419
15,0.15,8,1000,422,0.422
15,0.15,9,1000,402,0.402
15,0.15,10,1000,429,0.429
15,0.15,11,1000,388,0.388
15,0.15,12,1000,407,0.407
15,0.15,13,1000,406,0.406
15,0.15,14,1000,399,0.399
15,0.15,15,1000,401,0.401
15,0.15,16,1000,423,0.423
15,0.15,17,1000,403,0.403
15,0.15,18,1000,401,0.401
15,0.15,19,1000,409,0.409
15,0.15,20,1000,412,0.412
15,0.15,21,1000,411,0.411
15,0.15,22,1000,429,0.429
15,0.15,23,1000,391,0.391
15,0.15,24,1000,410,0.41
15,0.15,25,1000,409,0.409
15,0.15,26,1000,394,0.394
15,0.15,27,1000,383,0.383
15,0.15,28,1000,400,0.4
15,0.15,29,1000,402,0.402
15,0.15,30,1000,397,0.397
15,0.15,31,1000,405,0.405
15,0.15,32,1000,420,0.42
15,0.15,33,1000,404,0.404
15,0.15,34,1000,405,0.405
15,0.15,35,1000,395,0.395
15,0.15,36,1000,411,0.411
15,0.15,37,1000,412,0.412
15,0.15,38,1000,432,0.432
15,0.15,39,1000,452,0.452
15,0.15,40,1000,416,0.416
15,0.15,41,1000,416,0.416
15,0.15,42,1000,428,0.428
15,0.15,43,1000,392,0.392
15,0.15,44,1000,408,0.408
15,0.15,45,1000,422,0.422
15,0.15,46,1000,411,0.411
15,0.15,47,1000,433,0.433
15,0.15,48,1000,446,0.446
15,0.15,49,1000,404,0.404
15,0.15,50,1000,407,0.407
15,0.15,51,1000,424,0.424
15,0.15,52,1000,407,0.407
15,0.15,53,1000,415,0.415
15,0.15,54,1000,430,0.43
15,0.15,55,1000,407,0.407
15,0.15,56,1000,398,0.398
15,0.15,57,1000,405,0.405
15,0.15,58,1000,410,0.41
15,0.15,59,1000,428,0.428
15,0.15,60,1000,411,0.411
15,0.15,61,1000,396,0.396
15,0.15,62,1000,422,0.422
15,0.15,63,1000,428,0.428
15,0.15,64,1000,412,0.412
15,0.15,65,1000,428,0.428
15,0.15,66,1000,418,0.418
15,0.15,67,1000,412,0.412
15,0.15,68,1000,430,0.43
15,0.15,69,1000,393,0.393
15,0.15,70,1000,398,0.398
15,0.15,71,1000,412,0.412
15,0.15,72,1000,398,0.398
15,0.15,73,1000,405,0.405
15,0.15,74,1000,403,0.403
15,0.15,75,1000,434,0.434
15,0.15,76,1000,422,0.422
15,0.15,77,1000,409,0.409
15,0.15,78,1000,419,0.419
15,0.15,79,1000,404,0.404
15,0.15,80,1000,421,0.421
15,0.15,81,1000,394,0.394
15,0.15,82,1000,421,0.421
15,0.15,83,1000,448,0.448
15,0.15,84,1000,424,0.424
15,0.15,85,1000,420,0.42
15,0.15,86,1000,402,0.402
15,0.15,87,1000,387,0.387
15,0.15,88,1000,413,0.413
15,0.15,89,1000,398,0.398
15,0.15,90,1000,397,0.397
15,0.15,91,1000,402,0.402
15,0.15,92,1000,406,0.406
15,0.15,93,1000,388,0.388
15,0.15,94,1000,411,0.411
15,0.15,95,1000,426,0.426
15,0.15,96,1000,394,0.394
15,0.15,97,1000,428,0.428
15,0.15,98,1000,412,0.412
15,0.15,99,1000,386,0.386
15,0.15,100,1000,429,0.429
15,0.155,1,1000,386,0.386
15,0.155,2,1000,431,0.431
15,0.155,3,1000,411,0.411
15,0.155,4,1000,434,0.434
15,0.155,5,1000,430,0.43
15,0.155,6,1000,415,0.415
15,0.155,7,1000,408,0.408
15,0.155,8,1000,425,0.425
15,0.155,9,1000,400,0.4
15,0.155,10,1000,443,0.443
15,0.155,11,1000,428,0.428
15,0.155,12,1000,437,0.437
15,0.155,13,1000,413,0.413
15,0.155,14,1000,424,0.424
15,0.155,15,1000,445,0.445
15,0.155,16,1000,431,0.431
15,0.155,17,1000,407,0.407
15,0.155,18,1000,433,0.433
15,0.155,19,1000,432,0.432
15,0.155,20,1000,436,0.436
15,0.155,21,1000,395,0.395
15,0.155,22,1000,441,0.441
15,0.155,23,1000,405,0.405
15,0.155,24,1000,465,0.465
15,0.155,25,1000,444,0.444
15,0.155,26,1000,414,0.414
15,0.155,27,1000,414,0.414
15,0.155,28,1000,423,0.423
15,0.155,29,1000,426,0.426
15,0.155,30,1000,444,0.444
15,0.155,31,1000,432,0.432
15,0.155,32,1000,414,0.414
15,0.155,33,1000,419,0.419
15,0.155,34,1000,418,0.418
15,0.155,35,1000,425,0.425
15,0.155,36,1000,450,0.45
15,0.155,37,1000,427,0.427
15,0.155,38,1000,445,0.445
15,0.155,39,1000,433,0.433
15,0.155,40,1000,424,0.424
15,0.155,41,1000,430,0.43
15,0.155,42,1000,415,0.415
15,0.155,43,1000,435,0.435
15,0.155,44,1000,426,0.426
15,0.155,45,1000,420,0.42
15,0.155,46,1000,427,0.427
15,0.155,47,1000,419,0.419
15,0.155,48,1000,426,0.426
15,0.155,49,1000,432,0.432
15,0.155,50,1000,419,0.419
15,0.155,51,1000,430,0.43
15,0.155,52,1000,421,0.421
15,0.155,53,1000,438,0.438
15,0.155,54,1000,428,0.428
15,0.155,55,1000,418,0.418
15,0.155,56,1000,423,0.423
15,0.155,57,1000,426,0.426
15,0.155,58,1000,433,0.433
15,0.155,59,1000,448,0.448
15,0.155,60,1000,433,0.433
15,0.155,61,1000,422,0.422
15,0.155,62,1000,458,0.458
15,0.155,63,1000,450,0.45
15,0.155,64,1000,420,0.42
15,0.155,65,1000,424,0.424
15,0.155,66,1000,424,0.424
15,0.155,67,1000,423,0.423
15,0.155,68,1000,471,0.471
15,0.155,69,1000,422,0.422
15,0.155,70,1000,453,0.453
15,0.155,71,1000,464,0.464
15,0.155,72,1000,449,0.449
15,0.155,73,1000,428,0.428
15,0.155,74,1000,421,0.421
15,0.155,75,1000,424,0.424
15,0.155,76,1000,437,0.437
15,0.155,77,1000,430,0.43
15,0.155,78,1000,429,0.429
15,0.155,79,1000,442,0.442
15,0.155,80,1000,449,0.449
15,0.155,81,1000,434,0.434
15,0.155,82,1000,420,0.42
15,0.155,83,1000,413,0.413
15,0.155,84,1000,401,0.401
15,0.155,85,1000,419,0.419
15,0.155,86,1000,416,0.416
15,0.155,87,1000,431,0.431
15,0.155,88,1000,437,0.437
15,0.155,89,1000,445,0.445
15,0.155,90,1000,432,0.432
15,0.155,91,1000,444,0.444
15,0.155,92,1000,440,0.44
15,0.155,93,1000,427,0.427
15,0.155,94,1000,416,0.416
15,0.155,95,1000,430,0.43
15,0.155,96,1000,447,0.447
15,0.155,97,1000,450,0.45
15,0.155,98,1000,403,0.403
15,0.155,99,1000,411,0.411
15,0.155,100,1000,440,0.44
15,0.16,1,1000,432,0.432
15,0.16,2,1000,453,0.453
15,0.16,3,1000,430,0.43
15,0.16,4,1000,440,0.44
15,0.16,5,1000,485,0.485
15,0.16,6,1000,446,0.446
15,0.16,7,1000,459,0.459
15,0.16,8,1000,465,0.465
15,0.16,9,1000,444,0.444
15,0.16,10,1000,422,0.422
15,0.16,11,1000,439,0.439
15,0.16,12,1000,461,0.461
15,0.16,13,1000,451,0.451
15,0.16,14,1000,448,0.448
15,0.16,15,1000,409,0.409
15,0.16,16,1000,430,0.43
15,0.16,17,1000,432,0.432
15,0.16,18,1000,440,0.44
15,0.16,19,1000,463,0.463
15,0.16,20,1000,451,0.451
15,0.16,21,1000,439,0.439
15,0.16,22,1000,467,0.467
15,0.16,23,1000,430,0.43
15,0.16,24,1000,435,0.435
15,0.16,25,1000,444,0.444
15,0.16,26,1000,442,0.442
15,0.16,27,1000,429,0.429
15,0.16,28,1000,437,0.437
15,0.16,29,1000,457,0.457
15,0.16,30,1000,458,0.458
15,0.16,31,1000,443,0.443
15,0.16,32,1000,463,0.463
15,0.16,33,1000,485,0.485
15,0.16,34,1000,464,0.464
15,0.16,35,1000,462,0.462
15,0.16,36,1000,439,0.439
15,0.16,37,1000,448,0.448
15,0.16,38,1000,441,0.441
15,0.16,39,1000,458,0.458
15,0.16,40,1000,419,0.419
15,0.16,41,1000,422,0.422
15,0.16,42,1000,452,0.452
15,0.16,43,1000,446,0.446
15,0.16,44,1000,455,0.455
15,0.16,45,1000,452,0.452
15,0.16,46,1000,462,0.462
15,0.16,47,1000,459,0.459
15,0.16,48,1000,461,0.461
15,0.16,49,1000,421,0.421
15,0.16,50,1000,422,0.422
15,0.16,51,1000,464,0.464
15,0.16,52,1000,438,0.438
15,0.16,53,1000,472,0.472
15,0.16,54,1000,427,0.427
15,0.16,55,1000,437,0.437
15,0.16,56,1000,425,0.425
15,0.16,57,1000,478,0.478
15,0.16,58,1000,420,0.42
15,0.16,59,1000,451,0.451
15,0.16,60,1000,458,0.458
15,0.16,61,1000,477,0.477
15,0.16,62,1000,402,0.402
15,0.16,63,1000,449,0.449
15,0.16,64,1000,417,0.417
15,0.16,65,1000,456,0.456
15,0.16,66,1000,439,0.439
15,0.16,67,1000,463,0.463
15,0.16,68,1000,439,0.439
15,0.16,69,1000,455,0.455
15,0.16,70,1000,448,0.448
15,0.16,71,1000,437,0.437
15,0.16,72,1000,444,0.444
15,0.16,73,1000,445,0.445
15,0.16,74,1000,445,0.445
15,0.16,75,1000,478,0.478
15,0.16,76,1000,457,0.457
15,0.16,77,1000,425,0.425
15,0.16,78,1000,432,0.432
15,0.16,79,1000,463,0.463
15,0.16,80,1000,428,0.428
15,0.16,81,1000,426,0.426
15,0.16,82,1000,411,0.411
15,0.16,83,1000,432,0.432
15,0.16,84,1000,441,0.441
15,0.16,85,1000,432,0.432
15,0.16,86,1000,457,0.457
15,0.16,87,1000,446,0.446
15,0.16,88,1000,448,0.448
15,0.16,89,1000,423,0.423
15,0.16,90,1000,457,0.457
15,0.16,91,1000,414,0.414
15,0.16,92,1000,447,0.447
15,0.16,93,1000,436,0.436
15,0.16,94,1000,454,0.454
15,0.16,95,1000,420,0.42
15,0.16,96,1000,407,0.407
15,0.16,97,1000,443,0.443
15,0.16,98,1000,426,0.426
15,0.16,99,1000,423,0.423
15,0.16,100,1000,439,0.439
