panel,replicate,p_c,nu
y_only/x,0,0.026014726582218484,1.6570768018561899
y_only/x,1,0.026163055009016837,1.5493282773177601
y_only/x,2,0.02645469517804629,1.7256259516232644
y_only/x,3,0.02642973273293355,1.6450286840603028
y_only/x,4,0.026390871199462703,1.5206679856298777
y_only/x,5,0.02607677814289779,1.5501294034828923
y_only/x,6,0.0256084589301418,1.7536743718356396
y_only/x,7,0.026488307720246657,1.6471219226566851
y_only/x,8,0.026571760300661502,1.4805759473965114
y_only/x,9,0.026292406311774603,1.6911730649111179
y_only/x,10,0.02593477429620421,1.686139455116958
y_only/x,11,0.02641437221066525,1.668670820402744
y_only/x,12,0.026115481619058755,1.5439830193583421
y_only/x,13,0.02631432173755301,1.5624715708923635
y_only/x,14,0.026460816071353314,1.4959588191478397
y_only/x,15,0.026298794852461393,1.5462619205060493
y_only/x,16,0.02631420269882343,1.6691293086251102
y_only/x,17,0.026232505225123843,1.6011133779311144
y_only/x,18,0.025914516970976655,1.656765765976954
y_only/x,19,0.02575010816885507,1.6845889568535697
y_only/x,20,0.026327223678994066,1.61209371729289
y_only/x,21,0.026515401277871192,1.4920868132868343
y_only/x,22,0.02608999386296262,1.5779569138161433
y_only/x,23,0.02642510508208094,1.5371967340948172
y_only/x,24,0.026284682305003894,1.5425350588472069
y_only/x,25,0.02638824107987357,1.6348073252649518
y_only/x,26,0.026137756812618127,1.6120644314157317
y_only/x,27,0.026508609088707634,1.545150620507983
y_only/x,28,0.026460985132918613,1.6121081257009413
y_only/x,29,0.02638945305157771,1.541929048482803
y_only/x,30,0.02603729769515071,1.6409370036539954
y_only/x,31,0.026644561207220915,1.7318936189405028
y_only/x,32,0.026084386467223043,1.663039571709991
y_only/x,33,0.025936802406793993,1.7043418701789734
y_only/x,34,0.026644955770539186,1.5971538096377775
y_only/x,35,0.026070985196343033,1.5590630153117537
y_only/x,36,0.02637694078195212,1.6396366796190887
y_only/x,37,0.026423348341019382,1.6000854746417947
y_only/x,38,0.0258189870410699,1.7261474760902844
y_only/x,39,0.02660064122535872,1.5709370455645109
y_only/x,40,0.02558948990381869,1.6759084215667897
y_only/x,41,0.026392035993635068,1.6272930994432548
y_only/x,42,0.02634608270386535,1.5877979335138768
y_only/x,43,0.026164314475911145,1.596700251186296
y_only/x,44,0.026298197494990534,1.5203215675259043
y_only/x,45,0.026085414807776656,1.6124037558707334
y_only/x,46,0.026451798126832286,1.6486738651049218
y_only/x,47,0.026447900640977434,1.4602805950968527
y_only/x,48,0.026035175338088096,1.639161652809312
y_only/x,49,0.026132615184160195,1.6084404444126756
y_only/x,50,0.02600878607598901,1.641305007365776
y_only/x,51,0.026021693629588567,1.5454224156766825
y_only/x,52,0.026148002715656943,1.609503163857019
y_only/x,53,0.02602404984384716,1.7071288278223316
y_only/x,54,0.026083561562196485,1.6533935683591743
y_only/x,55,0.026383689034691488,1.6862236770186445
y_only/x,56,0.026534403546125598,1.5952358602704766
y_only/x,57,0.026517203217275576,1.5775699319945697
y_only/x,58,0.02639920306618776,1.624551289896875
y_only/x,59,0.026112085859405894,1.7291031755760486
y_only/x,60,0.02599350802952033,1.5639716452133205
y_only/x,61,0.025898002119964767,1.6255976553750724
y_only/x,62,0.026132281420207612,1.5950496126719376
y_only/x,63,0.02650806143639019,1.5972795667938702
y_only/x,64,0.026458976469869704,1.5153496470543621
y_only/x,65,0.026420180065091396,1.6798093065887048
y_only/x,66,0.0260269324991932,1.675509351524966
y_only/x,67,0.026202963324073875,1.4017338229546614
y_only/x,68,0.026209510410583205,1.5547579459246685
y_only/x,69,0.0257919715333053,1.7801066058837385
y_only/x,70,0.02645590340037554,1.750536102305485
y_only/x,71,0.025733115989708424,1.8155602548578749
y_only/x,72,0.025968230643088584,1.6802512935228238
y_only/x,73,0.02608819621620557,1.5917783777272463
y_only/x,74,0.025730562620123926,1.7237518695539966
y_only/x,75,0.026151742335318293,1.6018768685226983
y_only/x,76,0.0259682258214724,1.6714613412944028
y_only/x,77,0.02608442922296155,1.7565809251361257
y_only/x,78,0.02626623108990999,1.5826455218884679
y_only/x,79,0.02618163837992242,1.6875069600371915
y_only/x,80,0.02586113842994952,1.6832889089373675
y_only/x,81,0.026094431890594617,1.6314836114625038
y_only/x,82,0.026059943477855035,1.656029370713638
y_only/x,83,0.025926880740218122,1.610576914189735
y_only/x,84,0.02601236208586322,1.5363388195980368
y_only/x,85,0.026158256104990372,1.5725691176651855
y_only/x,86,0.02611065358321878,1.6614818495093
y_only/x,87,0.025980329061523172,1.679509680724642
y_only/x,88,0.026072806097864297,1.5593813539924535
y_only/x,89,0.026343153732188585,1.5799063956855712
y_only/x,90,0.026511603649423836,1.4597571316786575
y_only/x,91,0.026161041249557013,1.561996754049915
y_only/x,92,0.02659312187841078,1.504384003150331
y_only/x,93,0.025850481051010267,1.7883723885032188
y_only/x,94,0.02583368013980905,1.6613752093478158
y_only/x,95,0.026657648528693356,1.6197501075727887
y_only/x,96,0.026631053080601368,1.5392364619671304
y_only/x,97,0.026030180879066007,1.7859365686471627
y_only/x,98,0.026252141578583847,1.728171609839477
y_only/x,99,0.025672120575754236,1.7705808556343032
y_only/x,100,0.026239238719546597,1.638036240502007
y_only/x,101,0.026154120161502998,1.6521952644996933
y_only/x,102,0.026231436497724366,1.7298934876437257
y_only/x,103,0.02612607476039408,1.5244382742988813
y_only/x,104,0.026367776032966132,1.5096937427462371
y_only/x,105,0.026262758645247148,1.79135765612284
y_only/x,106,0.02654724140951314,1.597051565889939
y_only/x,107,0.02617268091210309,1.6516401091470718
y_only/x,108,0.02587176316610601,1.6581491401196664
y_only/x,109,0.026236394516835952,1.621041948865877
y_only/x,110,0.02616151326152471,1.6326566648966352
y_only/x,111,0.026229657183952457,1.4936500524408067
y_only/x,112,0.0260230293046875,1.6825164024342278
y_only/x,113,0.02607461886100418,1.660248989952502
y_only/x,114,0.02630416320421536,1.5779573218546479
y_only/x,115,0.026154032300197416,1.6213604327651407
y_only/x,116,0.026266102942821314,1.4824740914160612
y_only/x,117,0.026036568877200995,1.7038734525729404
y_only/x,118,0.02628682124234279,1.5526180220388754
y_only/x,119,0.026187775681098726,1.6396290043813344
y_only/x,120,0.026223477656050553,1.7698679109727744
y_only/x,121,0.026191312374132653,1.5604961587808157
y_only/x,122,0.026103380447945804,1.634048709896057
y_only/x,123,0.02651808103477847,1.6484185932739865
y_only/x,124,0.026150573425335992,1.527091191499416
y_only/x,125,0.026074002360655796,1.7023322928930433
y_only/x,126,0.02648253944606021,1.5611817545866633
y_only/x,127,0.026216222638379808,1.5433747935901772
y_only/x,128,0.026159075011201703,1.5526880404247467
y_only/x,129,0.02634659386644011,1.5367889278440483
y_only/x,130,0.026499667126915885,1.5162249253450073
y_only/x,131,0.026324149856288663,1.659658776615141
y_only/x,132,0.02637000210104234,1.6113734937917994
y_only/x,133,0.026032477538933507,1.723200657531207
y_only/x,134,0.026365708129111393,1.572750155900202
y_only/x,135,0.026107143677812972,1.6271890893486152
y_only/x,136,0.02646102775725686,1.6329171452098874
y_only/x,137,0.026260110005574124,1.7133233099782401
y_only/x,138,0.026064687327748432,1.608985807628803
y_only/x,139,0.02605727771949153,1.493944732493191
y_only/x,140,0.026064971833630834,1.7063432239905596
y_only/x,141,0.026320754445766807,1.6888017505595883
y_only/x,142,0.026423563773031233,1.5413894066337532
y_only/x,143,0.025715096155380684,1.84526748662677
y_only/x,144,0.026552717453446832,1.5518429033153054
y_only/x,145,0.02620066744701934,1.4525228959882361
y_only/x,146,0.02614570701610381,1.6476617779067957
y_only/x,147,0.026279066681356537,1.4992691677033543
y_only/x,148,0.026800439758815988,1.5695700745784564
y_only/x,149,0.02605283133649147,1.5415662769679097
y_only/x,150,0.025918168413912698,1.765953008281228
y_only/x,151,0.026127602461225554,1.6729676659451553
y_only/x,152,0.02643697981609502,1.5996118155152952
y_only/x,153,0.026135232562254137,1.7634523852325432
y_only/x,154,0.026311101417786652,1.7489672233275027
y_only/x,155,0.026203016038113727,1.7437316736481154
y_only/x,156,0.02607970655695208,1.5117160144055175
y_only/x,157,0.0259132927585412,1.5494344374424298
y_only/x,158,0.02603944483830456,1.5791217907927821
y_only/x,159,0.025885810789846142,1.7123559725161812
y_only/x,160,0.026220602233364223,1.6978451428378263
y_only/x,161,0.026508603540029964,1.6091686864991959
y_only/x,162,0.026100598029673638,1.5311958419976186
y_only/x,163,0.02638763095199555,1.7287198819003835
y_only/x,164,0.02647915911530704,1.5079045856451943
y_only/x,165,0.026140634502309662,1.6710747480168597
y_only/x,166,0.026125538632087983,1.6834157814132211
y_only/x,167,0.026368513425827973,1.4663963260458168
y_only/x,168,0.026079092931259144,1.5350545772495812
y_only/x,169,0.02599902960234931,1.6439449678046263
y_only/x,170,0.026397493457671076,1.6101541668209525
y_only/x,171,0.025937273342069928,1.633559959455
y_only/x,172,0.025971084074833315,1.5846597100986501
y_only/x,173,0.0261311782028876,1.5411142662588666
y_only/x,174,0.026428845367932375,1.6874642841698038
y_only/x,175,0.025912514019021442,1.5936158372760545
y_only/x,176,0.02646006200308707,1.5566877996559816
y_only/x,177,0.0262455270551942,1.7006878767638158
y_only/x,178,0.026276085699259353,1.7066060836895593
y_only/x,179,0.02603123579763218,1.5569884247122718
y_only/x,180,0.026453039967968533,1.4916939575179304
y_only/x,181,0.026093431364860066,1.6533031291687943
y_only/x,182,0.026151273937594616,1.4813418206692923
y_only/x,183,0.026380827339942323,1.6318275836733984
y_only/x,184,0.026117194871627922,1.7043014788651945
y_only/x,185,0.02620334341940268,1.6490024031117134
y_only/x,186,0.026118449986038288,1.6839183346974798
y_only/x,187,0.02648935424849623,1.5502307288131196
y_only/x,188,0.026522065404214704,1.7095617402893615
y_only/x,189,0.025964266416561577,1.778547420726234
y_only/x,190,0.02600949534125228,1.741467107214988
y_only/x,191,0.026847566153667762,1.5767839872659037
y_only/x,192,0.026187685107121567,1.502010291245715
y_only/x,193,0.02627005593365058,1.7181064803216577
y_only/x,194,0.02617285643377838,1.5982494445959212
y_only/x,195,0.026606705195576813,1.4732991824964305
y_only/x,196,0.02619097153502665,1.642865233970025
y_only/x,197,0.026076521232770662,1.7174568838069815
y_only/x,198,0.026233463369693035,1.5282337108105952
y_only/x,199,0.026369371224283015,1.6448606956068954
y_only/x,200,0.026013485335299635,1.6997256084085928
y_only/x,201,0.026146351254153932,1.6289249946014221
y_only/x,202,0.026288087753525504,1.6340926874115806
y_only/x,203,0.026258120192742176,1.5656878395238871
y_only/x,204,0.026190958708506774,1.651246497083611
y_only/x,205,0.026100069294165102,1.632217413778865
y_only/x,206,0.026306991489169266,1.6651163862121587
y_only/x,207,0.025930384238724825,1.6611790552263463
y_only/x,208,0.026271112417995447,1.7824861760533184
y_only/x,209,0.0265037618106862,1.6378351513868479
y_only/x,210,0.02616971021754078,1.5733709672432314
y_only/x,211,0.026126186889164092,1.67805982213588
y_only/x,212,0.026162735363912178,1.6258746823407435
y_only/x,213,0.02657286569033468,1.486460085585683
y_only/x,214,0.02672446303391004,1.4973844200046502
y_only/x,215,0.026001620387376467,1.7470798671209395
y_only/x,216,0.025783084528452654,1.8353419458805411
y_only/x,217,0.026307121854476534,1.7104561086858352
y_only/x,218,0.02623569035689263,1.594598471792968
y_only/x,219,0.02640769374487403,1.7242883771102209
y_only/x,220,0.026341860419241605,1.639530416354546
y_only/x,221,0.02611933259144197,1.6156720364137387
y_only/x,222,0.026144686637453826,1.5406080481603135
y_only/x,223,0.02598699267071348,1.5971355907601974
y_only/x,224,0.026263783944727385,1.5847765354626773
y_only/x,225,0.026211948226485288,1.769983124192147
y_only/x,226,0.02651747102389131,1.5680026400480533
y_only/x,227,0.02597028431298119,1.6713349083790492
y_only/x,228,0.026075287269589745,1.659509481177804
y_only/x,229,0.02599493359326024,1.5604862790570315
y_only/x,230,0.026442305484023248,1.7356464530326419
y_only/x,231,0.0263351749141006,1.544623542651619
y_only/x,232,0.026201713617998085,1.576768519525342
y_only/x,233,0.02617212806895284,1.6321333724159912
y_only/x,234,0.02590381492391212,1.4758560401887137
y_only/x,235,0.026372861970648157,1.5503900978887317
y_only/x,236,0.02646511387408331,1.6662085168233653
y_only/x,237,0.026103057931732728,1.574377050406418
y_only/x,238,0.026345345041553798,1.6531643594586802
y_only/x,239,0.026213554875693622,1.5001619046659602
y_only/x,240,0.02612202530846521,1.600666347926254
y_only/x,241,0.025825633373670578,1.6353744836320931
y_only/x,242,0.02610295406510487,1.7376679906055548
y_only/x,243,0.025805800956086377,1.6466937381801559
y_only/x,244,0.026012240460831206,1.6054520938992032
y_only/x,245,0.02594161709904443,1.6204466794515484
y_only/x,246,0.026025916037295548,1.9249608311417328
y_only/x,247,0.026234658748422752,1.6846689303876818
y_only/x,248,0.02642140634436762,1.5842808348684358
y_only/x,249,0.02642292289725141,1.5279150206800132
y_only/x,250,0.025802591031835954,1.582895709994366
y_only/x,251,0.026582462022324886,1.5912018732527569
y_only/x,252,0.025910724787221652,1.680509042884934
y_only/x,253,0.02643203581107386,1.4352613048343117
y_only/x,254,0.02661071338247063,1.4765705945339858
y_only/x,255,0.026352642150420196,1.4987691328012351
y_only/x,256,0.02613926511280349,1.4671280380753335
y_only/x,257,0.026291516418663674,1.5937702452434932
y_only/x,258,0.026367179843708836,1.5113305880580996
y_only/x,259,0.02669468319561033,1.6145747588326742
y_only/x,260,0.026397693746464168,1.5682955532766
y_only/x,261,0.026054005767030108,1.612142021831857
y_only/x,262,0.02589875623036724,1.6922413185962315
y_only/x,263,0.026272916861777657,1.7094199279901403
y_only/x,264,0.02614164914756052,1.7961311853731035
y_only/x,265,0.026577846825052903,1.6722992339451574
y_only/x,266,0.02605228041526045,1.7516299858137507
y_only/x,267,0.026336175502849765,1.6019757961826635
y_only/x,268,0.02616810966833037,1.7425258865374802
y_only/x,269,0.026145723099214698,1.5394820494858263
y_only/x,270,0.026589928010554424,1.4550633563307487
y_only/x,271,0.026012535249257823,1.6228752593104183
y_only/x,272,0.02623553796078642,1.572695615822742
y_only/x,273,0.026452270958807034,1.6870711916910581
y_only/x,274,0.026157163576993676,1.6889690690118133
y_only/x,275,0.02645301975097793,1.6022131791006675
y_only/x,276,0.025822921858109506,1.7026789659983923
y_only/x,277,0.02635653934717292,1.438406356663508
y_only/x,278,0.026097025336221272,1.6054332557244382
y_only/x,279,0.026246859073412624,1.5098631761342605
y_only/x,280,0.025717498075502197,1.8040817646755443
y_only/x,281,0.026185379453325785,1.57140957092738
y_only/x,282,0.02591606254514836,1.6433336611866174
y_only/x,283,0.026809023728456293,1.5880849697789776
y_only/x,284,0.025668820254951694,1.5671369112092606
y_only/x,285,0.026187867843248006,1.7321196533471257
y_only/x,286,0.026334843132739788,1.5427577304144469
y_only/x,287,0.025936200156431374,1.6957266334162686
y_only/x,288,0.026226159505080743,1.41888630788404
y_only/x,289,0.026061416106677626,1.6597159985484515
y_only/x,290,0.026335596480427523,1.544406241932786
y_only/x,291,0.02622388974894166,1.636724457747559
y_only/x,292,0.02621900536450513,1.6430519740780463
y_only/x,293,0.02607190998160069,1.7838701779537935
y_only/x,294,0.026026640221554546,1.6486588465290513
y_only/x,295,0.026091808892776062,1.583331915596602
y_only/x,296,0.026212846928515585,1.6323058173016325
y_only/x,297,0.02603430776649542,1.6835328881182154
y_only/x,298,0.02604090384256084,1.6358886804474435
y_only/x,299,0.026530189146736105,1.6049763752923605
y_only/x,300,0.026226566339682622,1.6473850610187644
y_only/x,301,0.026431932352324314,1.5967383349973538
y_only/x,302,0.02634850799701381,1.7142367159677117
y_only/x,303,0.026314129218862763,1.5740989894294286
y_only/x,304,0.02621188949924343,1.6567410507326903
y_only/x,305,0.02632054298212878,1.5800071068427346
y_only/x,306,0.02622785730802847,1.612072713655138
y_only/x,307,0.02623076127511836,1.5365827202050522
y_only/x,308,0.026054860049597225,1.4870733951619088
y_only/x,309,0.02597646948811226,1.5080567111980823
y_only/x,310,0.026085671328629583,1.6445722416392718
y_only/x,311,0.02622942829320916,1.5500853402103458
y_only/x,312,0.02680256825645977,1.4959941814771498
y_only/x,313,0.026136944908819668,1.577540266420504
y_only/x,314,0.02683249383054154,1.433618006234161
y_only/x,315,0.02624487328943327,1.7119322235736818
y_only/x,316,0.026052710138530725,1.5978367249427663
y_only/x,317,0.026749498715415678,1.5967696702291188
y_only/x,318,0.02631932729838185,1.5690161662691755
y_only/x,319,0.026425455012569734,1.4790580262749808
y_only/x,320,0.02594288668678068,1.7469605077480952
y_only/x,321,0.026029678136611657,1.6739234472095812
y_only/x,322,0.025597673561388944,1.8121619760406558
y_only/x,323,0.026428822926444932,1.615934339787149
y_only/x,324,0.02578857228564785,1.6627164721309984
y_only/x,325,0.0261667504602725,1.5353001766827796
y_only/x,326,0.02623423484674414,1.4858001494217055
y_only/x,327,0.026593531981260094,1.790855804017482
y_only/x,328,0.0261529402927972,1.4487658321570382
y_only/x,329,0.02618174419576826,1.7072167934986242
y_only/x,330,0.025822903795994227,1.7664297839331011
y_only/x,331,0.026602429182635935,1.393294153710499
y_only/x,332,0.02618233791013556,1.5827682508175343
y_only/x,333,0.026441421044503408,1.3844533294363153
y_only/x,334,0.026070815714943976,1.6020579406078421
y_only/x,335,0.026244111877973895,1.4822599339038662
y_only/x,336,0.026177778347358488,1.5866018126649337
y_only/x,337,0.026203361816448945,1.5596983361824648
y_only/x,338,0.026022249430287407,1.56163579578952
y_only/x,339,0.026254247688833488,1.7618887460217334
y_only/x,340,0.026466110879278044,1.5699043397446217
y_only/x,341,0.02658379516181202,1.5368254957351526
y_only/x,342,0.02591549201530082,1.671737883198906
y_only/x,343,0.026356849335824824,1.4768918961345934
y_only/x,344,0.02615115686044389,1.6538273020148824
y_only/x,345,0.026531443817855573,1.6399050074800667
y_only/x,346,0.026520594008427628,1.5768175392378072
y_only/x,347,0.025788832419213634,1.4747896082777203
y_only/x,348,0.02621868543303604,1.4783507574322636
y_only/x,349,0.026039543041302828,1.6377397043792474
y_only/x,350,0.02624540535397189,1.6171729456447568
y_only/x,351,0.0264825629692186,1.7152332006391704
y_only/x,352,0.026512708219022643,1.5514707675574624
y_only/x,353,0.025833804043003943,1.7278691808926026
y_only/x,354,0.026277280528560515,1.5413181659182982
y_only/x,355,0.026453703246499507,1.505908430659836
y_only/x,356,0.02596478580776227,1.5257726214003569
y_only/x,357,0.02607461450946476,1.6335358040044121
y_only/x,358,0.026431203654703552,1.4805911599122425
y_only/x,359,0.02627286776167949,1.4777205641770468
y_only/x,360,0.026300826224194943,1.5092814508497303
y_only/x,361,0.02632198978212347,1.4978121963119273
y_only/x,362,0.026203776514534594,1.5770478501226393
y_only/x,363,0.026379496768296366,1.5499722340469018
y_only/x,364,0.0263850358094401,1.504801318238374
y_only/x,365,0.02651567523633133,1.7028371820908885
y_only/x,366,0.025901217215203425,1.6367798293192162
y_only/x,367,0.025938882885709433,1.7289792667821173
y_only/x,368,0.025896271728145487,1.8074072013689757
y_only/x,369,0.02626076603983179,1.698936420081841
y_only/x,370,0.025927590741211756,1.6605899556348631
y_only/x,371,0.025831199375526928,1.617879722624039
y_only/x,372,0.02635811872258946,1.552762167450872
y_only/x,373,0.02613794472594867,1.5632672169422248
y_only/x,374,0.026104027772237123,1.6474573744506618
y_only/x,375,0.026036170895798648,1.5586258977815688
y_only/x,376,0.026118425342349722,1.6068942835423772
y_only/x,377,0.026690071491509572,1.5290914266958702
y_only/x,378,0.026459253482270944,1.5009813350191514
y_only/x,379,0.025831900915741692,1.6417599534154277
y_only/x,380,0.026403200379119394,1.459958834936999
y_only/x,381,0.026053433060353997,1.6052545859417313
y_only/x,382,0.026346488607594844,1.5591691351361627
y_only/x,383,0.02655725755148268,1.5828967660892257
y_only/x,384,0.025798858079239977,1.7734885121035924
y_only/x,385,0.02625927287789595,1.5381774365620455
y_only/x,386,0.02614862128840396,1.6672797180720575
y_only/x,387,0.026086950176632685,1.607425187046725
y_only/x,388,0.02619704366588736,1.6569279644991919
y_only/x,389,0.026237406931129838,1.5533685825627406
y_only/x,390,0.02628732558567182,1.6573234018771512
y_only/x,391,0.026030366102568918,1.778925282622785
y_only/x,392,0.0260563774771898,1.620771878163041
y_only/x,393,0.02667992414859639,1.4381023333442275
y_only/x,394,0.026138484621445336,1.4717551773944253
y_only/x,395,0.026164842475390474,1.8385141232937252
y_only/x,396,0.025817795290003054,1.6474796992643663
y_only/x,397,0.02626322629563717,1.7496731980397382
y_only/x,398,0.026193402893900528,1.5952826240447358
y_only/x,399,0.02614462452500361,1.5692081756473328
y_only/x,400,0.02645711020958501,1.4487219711294859
y_only/x,401,0.026326845913864295,1.5954264853401314
y_only/x,402,0.02614752355753675,1.6052418699795865
y_only/x,403,0.02651848183955073,1.5517138358498679
y_only/x,404,0.02632895617160231,1.4747177610605755
y_only/x,405,0.025883646224214355,1.6824203004650673
y_only/x,406,0.025896983379940553,1.5351537526458725
y_only/x,407,0.026076889098557016,1.6008521964983287
y_only/x,408,0.025813949899495654,1.6234268939139544
y_only/x,409,0.026267196865602895,1.653930355014094
y_only/x,410,0.026450871728232933,1.7941608543296117
y_only/x,411,0.02610286248311742,1.5866352149977287
y_only/x,412,0.026082525285347994,1.6573317154226415
y_only/x,413,0.026263269371161115,1.6867800340074002
y_only/x,414,0.02582696136292462,1.79857283375852
y_only/x,415,0.025593041023426823,1.7401870810981055
y_only/x,416,0.026201935796416855,1.6307431795366187
y_only/x,417,0.026610306156816234,1.445940195068277
y_only/x,418,0.0259799005588228,1.53588117973275
y_only/x,419,0.02609682431146317,1.649801474433726
y_only/x,420,0.02614635549269039,1.6277503614331672
y_only/x,421,0.025998208876926023,1.6103775420032742
y_only/x,422,0.026194399860940618,1.6369174356610983
y_only/x,423,0.026025524153268937,1.741505985131589
y_only/x,424,0.0257687401796467,1.614138060516346
y_only/x,425,0.026050832409578537,1.545346229990998
y_only/x,426,0.02594125861010793,1.7470913864324007
y_only/x,427,0.026360052482433078,1.5969782255758949
y_only/x,428,0.02628306399812386,1.598328044624212
y_only/x,429,0.026667072609114557,1.509691332295597
y_only/x,430,0.026558374422194254,1.6887642402394414
y_only/x,431,0.02577002355259563,1.7375259193830088
y_only/x,432,0.02620775113029342,1.503953510499875
y_only/x,433,0.026283628548468458,1.562430903470245
y_only/x,434,0.025662131971824757,1.7320552614541012
y_only/x,435,0.02592488089413251,1.57832745806891
y_only/x,436,0.026260710633285184,1.6533809698584647
y_only/x,437,0.02584235911760789,1.6526855957179258
y_only/x,438,0.025764417363262317,1.6952394710711036
y_only/x,439,0.026481013710389162,1.5478109911864626
y_only/x,440,0.02599846759641034,1.6864621620503808
y_only/x,441,0.02632034068659033,1.633300024725442
y_only/x,442,0.02642591379958681,1.5096268283191014
y_only/x,443,0.02580196699379167,1.7173131346228263
y_only/x,444,0.026374085731528052,1.5631014993956975
y_only/x,445,0.02664910263568196,1.5549093585063656
y_only/x,446,0.025719350588506513,1.796905897732859
y_only/x,447,0.02606112067859834,1.5238609160424308
y_only/x,448,0.026224759490771042,1.6646212895575567
y_only/x,449,0.02639286435964691,1.5483259015302118
y_only/x,450,0.02609553787086617,1.6362703669520895
y_only/x,451,0.0257617055123989,1.5395252771753438
y_only/x,452,0.026398800752050713,1.443169360145656
y_only/x,453,0.0261022376414445,1.6946131206208213
y_only/x,454,0.02673344514284043,1.4703140579641796
y_only/x,455,0.026060781735360115,1.8014702802209381
y_only/x,456,0.026539388489952468,1.6150031929109219
y_only/x,457,0.025872720643601705,1.5972326854829482
y_only/x,458,0.026105101605979116,1.5786299769732888
y_only/x,459,0.026176996671895995,1.5695933690605006
y_only/x,460,0.02598929476891827,1.65065824570002
y_only/x,461,0.02627867939716545,1.6108180850043092
y_only/x,462,0.02574292412294847,1.6172373102325166
y_only/x,463,0.02604855074819842,1.5727644253303383
y_only/x,464,0.026300773064399433,1.6475217625689527
y_only/x,465,0.026316922769386235,1.5719891778366906
y_only/x,466,0.02596377565595553,1.5974785903176163
y_only/x,467,0.025421877050293168,1.7470960208295125
y_only/x,468,0.02656043484438127,1.4733540831325165
y_only/x,469,0.026051343876771386,1.7578600261691244
y_only/x,470,0.02603412754443969,1.5957453230970822
y_only/x,471,0.0267397527252386,1.5057152752628715
y_only/x,472,0.02634068653603283,1.3898490286407135
y_only/x,473,0.026206983924693616,1.5608475152504337
y_only/x,474,0.025913480689396452,1.6593061287987354
y_only/x,475,0.02634909242057056,1.6226821046703048
y_only/x,476,0.026021831561117415,1.6578523131050114
y_only/x,477,0.02610744516174186,1.5107562377858592
y_only/x,478,0.026278105315028638,1.4854427249759727
y_only/x,479,0.02598097838904216,1.4949760774793233
y_only/x,480,0.025829384735714018,1.7941447290968668
y_only/x,481,0.02578376224819356,1.7731811745620587
y_only/x,482,0.02577428143617616,1.7202378441067891
y_only/x,483,0.02581537144793075,1.6340967773094237
y_only/x,484,0.02623747823016718,1.661464218923619
y_only/x,485,0.026513938554973124,1.5041802789773084
y_only/x,486,0.02631151312531994,1.75555845921549
y_only/x,487,0.02683455110558682,1.5652086397591904
y_only/x,488,0.02562797793759364,1.640393320963673
y_only/x,489,0.025965010159490168,1.5224122257679868
y_only/x,490,0.026227772090057572,1.57996558909816
y_only/x,491,0.02605873415664691,1.6824082582259359
y_only/x,492,0.026274780037330882,1.4559939969120312
y_only/x,493,0.025935649025256788,1.6089354646601017
y_only/x,494,0.025952609306822493,1.6715884451189726
y_only/x,495,0.02629332466461963,1.527228448398943
y_only/x,496,0.026357279992502626,1.4867944999548612
y_only/x,497,0.026950132042255416,1.5316041997770815
y_only/x,498,0.026238074761036016,1.6259095393865033
y_only/x,499,0.026047266382144156,1.664232042874453
y_only/x,500,0.026404360387781847,1.6718326830554955
y_only/x,501,0.02633418570335369,1.5516061372160228
y_only/x,502,0.025903972790867126,1.7573758711629905
y_only/x,503,0.026376802733611378,1.6700564043066124
y_only/x,504,0.026201420095757356,1.5771615435430675
y_only/x,505,0.026075554005322334,1.6207435772639338
y_only/x,506,0.02606049163081786,1.62539027416808
y_only/x,507,0.026372722577423815,1.5385363684989513
y_only/x,508,0.02600191954932126,1.6348738088145844
y_only/x,509,0.026342689920997548,1.67785313117314
y_only/x,510,0.02586989703034579,1.5887656953704872
y_only/x,511,0.02624147848441787,1.5247746058757121
y_only/x,512,0.02640665726972897,1.5648908989053218
y_only/x,513,0.02613483984202083,1.6463472667830719
y_only/x,514,0.026033949468799854,1.5766662987707671
y_only/x,515,0.02621049932173269,1.5246892298218044
y_only/x,516,0.026516352374611696,1.5891747955455167
y_only/x,517,0.026281031795954014,1.6073711373330846
y_only/x,518,0.02649423079171626,1.47831968333278
y_only/x,519,0.026400458045041476,1.6590193818476802
y_only/x,520,0.025994042987642754,1.7460717325444022
y_only/x,521,0.026267459802685935,1.6600640027180669
y_only/x,522,0.0264997915808843,1.5778671429483153
y_only/x,523,0.026486312970491366,1.5137946790155865
y_only/x,524,0.026455064699456826,1.6796804945476635
y_only/x,525,0.02621862293857256,1.6415671274332422
y_only/x,526,0.02585796176570849,1.7197257361240268
y_only/x,527,0.026276951982154097,1.5928800129109353
y_only/x,528,0.02610945381823758,1.6435037698736354
y_only/x,529,0.026346832588437667,1.6817478678621731
y_only/x,530,0.026561500590669872,1.5645435887582977
y_only/x,531,0.02646431241346991,1.6029296977408933
y_only/x,532,0.026148934937284898,1.6386520001997391
y_only/x,533,0.02612657214069666,1.567339933089216
y_only/x,534,0.026314884555900937,1.5260576024652488
y_only/x,535,0.02634513252685598,1.65459728144891
y_only/x,536,0.02620775003822419,1.6362369369686225
y_only/x,537,0.02599645555932481,1.6542975970637692
y_only/x,538,0.026596073693566293,1.541479353684857
y_only/x,539,0.02608603334800267,1.484715460562955
y_only/x,540,0.02592455581340201,1.6206056481854023
y_only/x,541,0.026278568364670952,1.5612692900504865
y_only/x,542,0.026054931076955463,1.5548848514578328
y_only/x,543,0.02592144633801733,1.6616112673478596
y_only/x,544,0.026535460712093055,1.5325393994286756
y_only/x,545,0.026443019003191594,1.6347065477510287
y_only/x,546,0.025757997710217577,1.6995356113488933
y_only/x,547,0.02630832850339954,1.5378845682907505
y_only/x,548,0.02626499644760024,1.558983612813704
y_only/x,549,0.026241295524925767,1.8556450095537098
y_only/x,550,0.025484986694935055,1.8018523320006505
y_only/x,551,0.026401820622890565,1.5991933849475373
y_only/x,552,0.02591923100770932,1.6771915448861
y_only/x,553,0.02657985512769516,1.6363821305251378
y_only/x,554,0.02693106873811681,1.533749347184799
y_only/x,555,0.02615639948390387,1.6206694482233657
y_only/x,556,0.026126263076340896,1.6477005919160197
y_only/x,557,0.026637770599760215,1.6272596124772263
y_only/x,558,0.02639474985771893,1.6308610147593858
y_only/x,559,0.02677680288356295,1.5835910927818573
y_only/x,560,0.026274770440137023,1.678541555830575
y_only/x,561,0.026773577390486733,1.5732341746489458
y_only/x,562,0.026098246768222526,1.681389369667665
y_only/x,563,0.02569787969407511,1.5981191169405655
y_only/x,564,0.02573478145823809,1.7224622065025648
y_only/x,565,0.026200301739080993,1.6181694950654044
y_only/x,566,0.02610632785047406,1.5200882879742603
y_only/x,567,0.026462186033417302,1.7227017981525006
y_only/x,568,0.025972738121693643,1.5762045743737636
y_only/x,569,0.02598278244451596,1.562351396578734
y_only/x,570,0.02655347995960067,1.4739313284982365
y_only/x,571,0.026189592645641746,1.610029484460016
y_only/x,572,0.02630554026899929,1.704416435684314
y_only/x,573,0.026270907306529714,1.4785111432518763
y_only/x,574,0.025761989024735917,1.6290611971950935
y_only/x,575,0.026177774633325,1.5697782525127573
y_only/x,576,0.025908806214348594,1.6650137131936706
y_only/x,577,0.026180213063102382,1.6792880758868205
y_only/x,578,0.026284521976673254,1.7301607882329346
y_only/x,579,0.025963131492168806,1.6130803931019215
y_only/x,580,0.026284716916738015,1.7150998597855982
y_only/x,581,0.02617936380661948,1.5298234598665938
y_only/x,582,0.02604797773321388,1.808962882850321
y_only/x,583,0.02663454313878702,1.6699209829204091
y_only/x,584,0.026084906263333034,1.586184509634797
y_only/x,585,0.026384575392844774,1.49536806410775
y_only/x,586,0.02641258911154347,1.6070225239745364
y_only/x,587,0.026490848436584415,1.6144731842009892
y_only/x,588,0.026713859260498338,1.4254117405511129
y_only/x,589,0.02588836022173881,1.6186938620883309
y_only/x,590,0.026107543794088018,1.5910626634696774
y_only/x,591,0.026525798950137538,1.5178540309240383
y_only/x,592,0.02603897881137177,1.7178280015939813
y_only/x,593,0.025519919727702536,1.763136488055546
y_only/x,594,0.025970790500405738,1.6433601618595555
y_only/x,595,0.026289009757436622,1.540647240275195
y_only/x,596,0.026221891099556336,1.543276067233609
y_only/x,597,0.02603918203059436,1.7967672905366863
y_only/x,598,0.02623202186374948,1.6727171211933094
y_only/x,599,0.02653070287011112,1.5529041456515555
y_only/x,600,0.026106739091992678,1.7607120701896126
y_only/x,601,0.026231348450269625,1.5112949818044614
y_only/x,602,0.026201194090598238,1.670842310394644
y_only/x,603,0.026281758332326887,1.5700346116838946
y_only/x,604,0.026218056472736968,1.6212912715545071
y_only/x,605,0.026472806869739986,1.4802530310563513
y_only/x,606,0.026147330748219507,1.661852417464926
y_only/x,607,0.026252740998878817,1.608288600530975
y_only/x,608,0.026636616804984622,1.4939466150543197
y_only/x,609,0.026058013781851828,1.6625516420241329
y_only/x,610,0.026041846800490702,1.7120097890044998
y_only/x,611,0.026076273241559998,1.4774303553370933
y_only/x,612,0.026686829929269767,1.5371070538889324
y_only/x,613,0.026434160888680308,1.615324763396033
y_only/x,614,0.026373895610104198,1.5759665019301046
y_only/x,615,0.02635217830046352,1.5035617996948316
y_only/x,616,0.026032156393774108,1.6796572027978813
y_only/x,617,0.026166811331730783,1.655031582074038
y_only/x,618,0.025903772205537384,1.5714702609803908
y_only/x,619,0.025939927486492955,1.6189481941682868
y_only/x,620,0.026303100036704108,1.533977060905634
y_only/x,621,0.026338371585943952,1.4632906838394484
y_only/x,622,0.026458365641426566,1.5784483912272016
y_only/x,623,0.026120707000710498,1.5234308655873887
y_only/x,624,0.02612126734527017,1.4927068723597776
y_only/x,625,0.026235127709785942,1.5199168222330302
y_only/x,626,0.026127271834946588,1.5905770489812596
y_only/x,627,0.026491709881663883,1.4855931603777393
y_only/x,628,0.026224206668351752,1.7004617945121565
y_only/x,629,0.026712336630959878,1.5646111640452787
y_only/x,630,0.026217568785961726,1.6835739976627577
y_only/x,631,0.0264719315404025,1.6699015497242653
y_only/x,632,0.02609455395544291,1.6635893864775069
y_only/x,633,0.026253382475237452,1.7180270088949
y_only/x,634,0.02639202428927199,1.6258497501872704
y_only/x,635,0.02620402935713409,1.6506996251656851
y_only/x,636,0.02654106183638715,1.7077196536339956
y_only/x,637,0.026263385896912062,1.4118483561439221
y_only/x,638,0.026094143369120016,1.6315033990463834
y_only/x,639,0.02589130471811049,1.7600801123666754
y_only/x,640,0.026387698839694235,1.624387847599214
y_only/x,641,0.02631030730185858,1.5559279326897377
y_only/x,642,0.02664480763788936,1.5714861390644064
y_only/x,643,0.026066494776475983,1.538316338891815
y_only/x,644,0.026040561906962353,1.5499953497762031
y_only/x,645,0.026375527813080463,1.5149149401066901
y_only/x,646,0.026148711937694916,1.549497101586583
y_only/x,647,0.02634244307066389,1.4614987869068174
y_only/x,648,0.026323933879677765,1.5231558067063082
y_only/x,649,0.025811105026205986,1.6997085293020624
y_only/x,650,0.025828396687487844,1.7694551072207974
y_only/x,651,0.02619683147188493,1.642203399568815
y_only/x,652,0.0258968764455273,1.7263624508314694
y_only/x,653,0.02598816417415861,1.5454762865399152
y_only/x,654,0.025845926594381452,1.6657811088742007
y_only/x,655,0.026170482535670614,1.7676029265729793
y_only/x,656,0.0262195800488384,1.580569366803792
y_only/x,657,0.02657656200957796,1.5468415383321918
y_only/x,658,0.02604907395170354,1.5736237385503042
y_only/x,659,0.026112463596147592,1.6260252106387667
y_only/x,660,0.026382321262268468,1.550835421618534
y_only/x,661,0.025939668197285277,1.665391332957245
y_only/x,662,0.026572829596039464,1.4932376768126614
y_only/x,663,0.026460339759404348,1.5344612022057607
y_only/x,664,0.026254396308266658,1.585047257258195
y_only/x,665,0.026364236681127938,1.4947570023953074
y_only/x,666,0.026286946191716495,1.554063118595583
y_only/x,667,0.02615334391504249,1.5357390280041237
y_only/x,668,0.026318254852386824,1.5119442143449253
y_only/x,669,0.026435204987423532,1.5754699527249194
y_only/x,670,0.026518075488941396,1.6790249414432146
y_only/x,671,0.02593193165249792,1.6029554086755342
y_only/x,672,0.026104343782104928,1.5555185029739544
y_only/x,673,0.02576441534418892,1.6463525765895615
y_only/x,674,0.026188282025307343,1.6713351563877503
y_only/x,675,0.02622343883279973,1.5930186504788575
y_only/x,676,0.02626401612918135,1.4488148223669837
y_only/x,677,0.026343092373218618,1.6446913602680824
y_only/x,678,0.026559139749102244,1.5738462237852482
y_only/x,679,0.02614870839064361,1.594892184776292
y_only/x,680,0.026274918644027898,1.6570032722698385
y_only/x,681,0.026051994951215282,1.632146122012168
y_only/x,682,0.026264058925274773,1.486581877962747
y_only/x,683,0.02637108132025712,1.645449329322997
y_only/x,684,0.026406876572133413,1.8199534286907524
y_only/x,685,0.025983644324164328,1.6607207833719333
y_only/x,686,0.02614482143668614,1.5964780764843354
y_only/x,687,0.02665638359223054,1.694511370998199
y_only/x,688,0.026370768133830907,1.5190266996472641
y_only/x,689,0.026314239073207277,1.5505507263169063
y_only/x,690,0.02665528360928063,1.5541734053245448
y_only/x,691,0.026450389589080275,1.4432030274447558
y_only/x,692,0.026428616489553892,1.621220794753573
y_only/x,693,0.02654132932633733,1.6770519554461152
y_only/x,694,0.0262043000372225,1.544940162919803
y_only/x,695,0.026029716145500863,1.555736315771042
y_only/x,696,0.025900959630515214,1.7365197931962275
y_only/x,697,0.02614970444857868,1.5679941005789804
y_only/x,698,0.026228476017402653,1.5907445399445048
y_only/x,699,0.02637264667909473,1.882892603937545
y_only/x,700,0.026607143622929166,1.574331780958705
y_only/x,701,0.025993061295717032,1.5194062184309796
y_only/x,702,0.025436406231780034,1.9445948393118146
y_only/x,703,0.02604747198190706,1.6646458663573525
y_only/x,704,0.026189544184326265,1.7041189822890777
y_only/x,705,0.02645119869129302,1.6482627860684955
y_only/x,706,0.026451161466009083,1.5527639289167758
y_only/x,707,0.026317811564173486,1.698046079361007
y_only/x,708,0.02607412896540527,1.6313387220584967
y_only/x,709,0.025866208103160815,1.6290200357288376
y_only/x,710,0.026183222280459155,1.5453525275031776
y_only/x,711,0.0259660112429408,1.7262194893572433
y_only/x,712,0.025888960082428067,1.624076515562717
y_only/x,713,0.026325493204269957,1.6687373612057492
y_only/x,714,0.025862183159493256,1.6231513879131654
y_only/x,715,0.025498106260522527,1.579672680507774
y_only/x,716,0.0262826731952042,1.5565912720744064
y_only/x,717,0.026523218293250897,1.6240161950410397
y_only/x,718,0.026619737950057565,1.5797458460596303
y_only/x,719,0.025720826531656298,1.782134854332105
y_only/x,720,0.026715436310070447,1.6013030182884411
y_only/x,721,0.026110180544652077,1.666583139521491
y_only/x,722,0.026248940860304902,1.5763699417214223
y_only/x,723,0.02604764123517012,1.6108467056622402
y_only/x,724,0.026527902597851427,1.7706128937014727
y_only/x,725,0.026202157281947063,1.6274352787256319
y_only/x,726,0.026191397317904968,1.7059248214867
y_only/x,727,0.02633219500190804,1.5472215358537933
y_only/x,728,0.026182787382369982,1.5144973435928777
y_only/x,729,0.026378721216191142,1.7291012982795317
y_only/x,730,0.026269482595908136,1.4739868218399812
y_only/x,731,0.02611858574783154,1.6445937590241697
y_only/x,732,0.026107057697374755,1.5269602478877655
y_only/x,733,0.026304381542648563,1.4362149668708817
y_only/x,734,0.026174192845129573,1.6770291786181573
y_only/x,735,0.02608138277401187,1.5558668616322824
y_only/x,736,0.02647517071567609,1.5856075243730587
y_only/x,737,0.026353251046146796,1.7279517965720723
y_only/x,738,0.02636424040094117,1.4710495352314654
y_only/x,739,0.02569235419160414,1.6590888262930212
y_only/x,740,0.02653946434614829,1.516185632009131
y_only/x,741,0.026236377821278748,1.5338637286566903
y_only/x,742,0.026169749952269537,1.6054433273354916
y_only/x,743,0.02620489207621542,1.5663887422668246
y_only/x,744,0.026098516836631305,1.5738345201585031
y_only/x,745,0.026302090924537433,1.52812831954549
y_only/x,746,0.02592323918509277,1.7304719743010255
y_only/x,747,0.026214127312297292,1.7653870290806306
y_only/x,748,0.026087698234117728,1.5793293216909094
y_only/x,749,0.026507780268924912,1.5308475201550493
y_only/x,750,0.02619108575279148,1.745323639311396
y_only/x,751,0.026253714652890735,1.4178323944265694
y_only/x,752,0.02637758021286829,1.7336968400429655
y_only/x,753,0.026103339348558355,1.724849086312865
y_only/x,754,0.02590831156584499,1.637296201415409
y_only/x,755,0.02577928013117844,1.8516467726660946
y_only/x,756,0.026052244460527573,1.7505724508513387
y_only/x,757,0.026203802914482568,1.4765010026744694
y_only/x,758,0.025805935890333385,1.6458507452567825
y_only/x,759,0.02667462470194334,1.5684780548480597
y_only/x,760,0.026127754741268466,1.460672175425113
y_only/x,761,0.025878715606091313,1.5809511119687507
y_only/x,762,0.026166316181964282,1.7837281698374985
y_only/x,763,0.026184322168024198,1.741636625094637
y_only/x,764,0.025918646906819776,1.6570934432229592
y_only/x,765,0.02593820677600256,1.6082537644522406
y_only/x,766,0.026423152480703326,1.6687966391312927
y_only/x,767,0.026180041607149408,1.7072020956031269
y_only/x,768,0.026154849325546754,1.6467379557383202
y_only/x,769,0.026213787753268027,1.4947867571860036
y_only/x,770,0.02648361961785893,1.566073662210937
y_only/x,771,0.02596018084113636,1.6587956834732944
y_only/x,772,0.026430445303610307,1.4811371338208859
y_only/x,773,0.026320543075664476,1.5414771383894919
y_only/x,774,0.026617172171741667,1.5910993248732777
y_only/x,775,0.026208791854255512,1.6084127095206873
y_only/x,776,0.02607920142623921,1.5612761483396906
y_only/x,777,0.02579249716794037,1.6924175243139488
y_only/x,778,0.02611146106798589,1.4528061042452216
y_only/x,779,0.026178808202840548,1.5250070703548426
y_only/x,780,0.026288529914356113,1.5824187179833789
y_only/x,781,0.026232294393815636,1.6807314637037605
y_only/x,782,0.026485441751068994,1.528825870824183
y_only/x,783,0.026212068480899006,1.4886185424037142
y_only/x,784,0.026255675071183926,1.6823383880182812
y_only/x,785,0.025889191980295864,1.7434427631398195
y_only/x,786,0.026153331117006236,1.6358548767516579
y_only/x,787,0.026321307019569477,1.5577782980585313
y_only/x,788,0.026544149404699405,1.477930300984505
y_only/x,789,0.0259813288202672,1.651245872954627
y_only/x,790,0.026202615812886076,1.621123919272356
y_only/x,791,0.026246274777682276,1.5649448881221453
y_only/x,792,0.02597389391543531,1.5533594498417445
y_only/x,793,0.026295324766378497,1.6928390706837058
y_only/x,794,0.026391193991643122,1.4194737007706681
y_only/x,795,0.026553902513839708,1.4298524841978968
y_only/x,796,0.0264675917273121,1.544538173248565
y_only/x,797,0.026189826230282712,1.6079334853271128
y_only/x,798,0.02658764109873724,1.5376140683043658
y_only/x,799,0.026161585273571014,1.5840109657999435
y_only/x,800,0.02611132591271978,1.62548426801919
y_only/x,801,0.026605742018844233,1.5524432506628056
y_only/x,802,0.02629248202379103,1.5091591684571828
y_only/x,803,0.02603360373582217,1.7028948321671593
y_only/x,804,0.02647741533472346,1.6510116114524016
y_only/x,805,0.02617308955832729,1.448123281685896
y_only/x,806,0.026094296369028325,1.6339006417023936
y_only/x,807,0.026307149170212044,1.5635591189300226
y_only/x,808,0.026151956138091785,1.675865532577437
y_only/x,809,0.026102316524975046,1.6675632483116902
y_only/x,810,0.026533555466806944,1.4943769206098803
y_only/x,811,0.02624682450967422,1.650854860864546
y_only/x,812,0.02582008548552033,1.6753919345349757
y_only/x,813,0.02633045088824784,1.5672688084409307
y_only/x,814,0.026332576102349733,1.615191924593804
y_only/x,815,0.026365988445514552,1.630596467693494
y_only/x,816,0.026694645998453156,1.56178707196089
y_only/x,817,0.026097362721102375,1.5402956681120452
y_only/x,818,0.026689832155971822,1.5650606138601586
y_only/x,819,0.026127390929126505,1.7683846254958302
y_only/x,820,0.026462150903838792,1.6295827532400073
y_only/x,821,0.026442533969602857,1.5272471051222924
y_only/x,822,0.02627401497461647,1.5794987234138038
y_only/x,823,0.026476243025547373,1.5484842095731064
y_only/x,824,0.026493895159841494,1.7210718493498087
y_only/x,825,0.026154593852147787,1.6581906206214145
y_only/x,826,0.02571669740529018,1.7494794468169
y_only/x,827,0.026121491915453623,1.687641410007626
y_only/x,828,0.026545831722876695,1.5339433233096473
y_only/x,829,0.026015145347585186,1.6653567381131489
y_only/x,830,0.0261626675580218,1.6543044083737142
y_only/x,831,0.02615668004128614,1.7369530228942645
y_only/x,832,0.025893044519557158,1.6567784763528033
y_only/x,833,0.026014122040418565,1.7882486071304677
y_only/x,834,0.026256210636808656,1.7350547168570283
y_only/x,835,0.026221274275187383,1.5954885739425397
y_only/x,836,0.026415498681021776,1.6025624636302953
y_only/x,837,0.026166714362750334,1.575930754603281
y_only/x,838,0.02626700874625133,1.504654112987148
y_only/x,839,0.026474629315803005,1.4805787767925882
y_only/x,840,0.0265449738238007,1.4889670040312364
y_only/x,841,0.026249269428655346,1.6738141326803937
y_only/x,842,0.026614068712466757,1.479651093989607
y_only/x,843,0.02634128257518589,1.5510659748171047
y_only/x,844,0.026140971165625304,1.6812358477590685
y_only/x,845,0.026116304519297744,1.6349380935833686
y_only/x,846,0.02568308686786388,1.730284084222052
y_only/x,847,0.026484149924110217,1.6733878937455247
y_only/x,848,0.02646505976783396,1.481589116351643
y_only/x,849,0.025548532393071293,1.6683032568946665
y_only/x,850,0.02602458906194465,1.7940556559928063
y_only/x,851,0.026013231408068598,1.6272329393376042
y_only/x,852,0.026450439291437033,1.5325743062901553
y_only/x,853,0.02583505704307948,1.6976683716656473
y_only/x,854,0.026164778608634462,1.744514211980557
y_only/x,855,0.0265036228001326,1.4832935567129386
y_only/x,856,0.02630941008409984,1.7486739132650015
y_only/x,857,0.026300938570849187,1.6472466160357373
y_only/x,858,0.026111895929859893,1.687874803092757
y_only/x,859,0.026491646557776624,1.5592181524219695
y_only/x,860,0.026663875488967786,1.4746179017899728
y_only/x,861,0.02640143370364282,1.4931073999029032
y_only/x,862,0.026200196927810195,1.646295255582227
y_only/x,863,0.026117562905695765,1.5855985156667205
y_only/x,864,0.026585402442852204,1.7619830787828363
y_only/x,865,0.02625507394277363,1.6449011689653472
y_only/x,866,0.026347354572003434,1.5883883558032077
y_only/x,867,0.026440447889433786,1.4971764261090277
y_only/x,868,0.025711635333314557,1.4926276116595798
y_only/x,869,0.02649823921207575,1.5975983997277248
y_only/x,870,0.026155488634586645,1.528829105143957
y_only/x,871,0.026326071925114835,1.5701256996989434
y_only/x,872,0.02545974525029029,1.6649717839005618
y_only/x,873,0.02667327808448805,1.6369169997446957
y_only/x,874,0.026061654413331893,1.7275927396109028
y_only/x,875,0.026097768366457053,1.6291600003203912
y_only/x,876,0.026657540991539833,1.577592490826049
y_only/x,877,0.02594495604787276,1.7208965759327348
y_only/x,878,0.02587424979407484,1.5112890719584418
y_only/x,879,0.026145836324949906,1.6648206703541772
y_only/x,880,0.026587062183117446,1.6114791466344927
y_only/x,881,0.02622483648218025,1.6559482544029795
y_only/x,882,0.025927572064065815,1.694179149672608
y_only/x,883,0.026101114041941344,1.5147337030268975
y_only/x,884,0.02664619240195144,1.5811719304458431
y_only/x,885,0.026011676330402814,1.5645477093940752
y_only/x,886,0.02610059422317237,1.6075472883144257
y_only/x,887,0.026497445683556674,1.5957640661437722
y_only/x,888,0.026291492055814526,1.7217620180309092
y_only/x,889,0.02643107153548467,1.550775257956168
y_only/x,890,0.026501915793237237,1.5672917215905058
y_only/x,891,0.026264381531091913,1.5928382843415947
y_only/x,892,0.026187519657656755,1.5973046175760997
y_only/x,893,0.025725900708906603,1.9476263883016762
y_only/x,894,0.026199086022341476,1.532169275853926
y_only/x,895,0.025907950173167223,1.6797254072777343
y_only/x,896,0.025611567168179163,1.905718827644723
y_only/x,897,0.026632268690002122,1.5830654214290514
y_only/x,898,0.0261887221942738,1.6909394092788814
y_only/x,899,0.02586847905316596,1.6772359670041521
y_only/x,900,0.02625344685423731,1.5916954534955896
y_only/x,901,0.026231824018948885,1.6961173492182509
y_only/x,902,0.026039147826889916,1.7138634161955622
y_only/x,903,0.026170718148875897,1.659677077848008
y_only/x,904,0.025648957145998234,1.7052562214626605
y_only/x,905,0.02648420160180779,1.64375409329413
y_only/x,906,0.02647484422298378,1.606997849286834
y_only/x,907,0.026305696598430368,1.5748316400886828
y_only/x,908,0.026262865628076417,1.5996486205150156
y_only/x,909,0.02581956176798007,1.7097293966423575
y_only/x,910,0.026606298528104335,1.5689031463248482
y_only/x,911,0.026535103401794366,1.6731574434722607
y_only/x,912,0.026342030130045307,1.6582932992187447
y_only/x,913,0.026389297974872866,1.6818824588895038
y_only/x,914,0.02627049254452682,1.6556373228279804
y_only/x,915,0.026546149695110835,1.8112421198839885
y_only/x,916,0.026177692029797976,1.7449502599987212
y_only/x,917,0.026026402089189615,1.4653474016976933
y_only/x,918,0.026004678292612438,1.5664812324004629
y_only/x,919,0.025835647507518954,1.5530761202773036
y_only/x,920,0.0263322338466394,1.5712947551376115
y_only/x,921,0.026862087002019325,1.5609733996669046
y_only/x,922,0.0258875837395878,1.6349747463353865
y_only/x,923,0.02654993621426291,1.4842865868311383
y_only/x,924,0.025944864678209566,1.767001205257706
y_only/x,925,0.026309376542310185,1.676908375233311
y_only/x,926,0.026148225356364154,1.6185422091057382
y_only/x,927,0.025749392479116992,1.6598612875520546
y_only/x,928,0.026025830956032014,1.7581332739207416
y_only/x,929,0.02634269889971741,1.6223210647385322
y_only/x,930,0.026522095146104378,1.552951378825245
y_only/x,931,0.0261781905551467,1.585974936592636
y_only/x,932,0.026018478178258003,1.6528069269817147
y_only/x,933,0.025883265379532783,1.6456626158749776
y_only/x,934,0.026669184047778464,1.5279669146516506
y_only/x,935,0.026404035140329248,1.6898226178493356
y_only/x,936,0.026337617244000577,1.617273227883321
y_only/x,937,0.026466253100955097,1.4728382002216787
y_only/x,938,0.025941640439533113,1.5194588716114106
y_only/x,939,0.026144938046553996,1.60346634440764
y_only/x,940,0.026304651300978144,1.6766597154088414
y_only/x,941,0.026594099149164472,1.3892367054926251
y_only/x,942,0.026481135805047948,1.4598893153109174
y_only/x,943,0.026114034531228802,1.63961338121894
y_only/x,944,0.026054107713251333,1.658807209051616
y_only/x,945,0.026356359745620686,1.6278087977617912
y_only/x,946,0.026269315156684236,1.6135152242858843
y_only/x,947,0.026099855180228324,1.6280605643165964
y_only/x,948,0.0261815721503581,1.5495003550147377
y_only/x,949,0.02644801632770843,1.672600185451127
y_only/x,950,0.026343139462982196,1.4900528491545826
y_only/x,951,0.02630347510730679,1.550343024603424
y_only/x,952,0.025984863733714815,1.6829540334986477
y_only/x,953,0.026283756530909967,1.5028789751788083
y_only/x,954,0.02589175702669086,1.5201183958004842
y_only/x,955,0.026495772338123114,1.5876084758280018
y_only/x,956,0.026149545204885466,1.5626841871969706
y_only/x,957,0.026069299886475685,1.8338063802195077
y_only/x,958,0.026707708966703082,1.5970330203420464
y_only/x,959,0.025891961460148393,1.6429676811711875
y_only/x,960,0.027210220960524955,1.465141181825752
y_only/x,961,0.026120276583755438,1.4900997530216942
y_only/x,962,0.026411890921486627,1.7322145379161602
y_only/x,963,0.026210564123815026,1.5804848155257434
y_only/x,964,0.02633352829827609,1.526681167484465
y_only/x,965,0.026458894695491942,1.631626290507319
y_only/x,966,0.02651000732322552,1.663508355911579
y_only/x,967,0.026590654391109185,1.5361369265067064
y_only/x,968,0.026486044352110372,1.6432987561142156
y_only/x,969,0.025623421372029363,1.6693378880545833
y_only/x,970,0.026156163033876224,1.6925939092145799
y_only/x,971,0.026048227341681836,1.6356722448168333
y_only/x,972,0.026365636888875277,1.6241823313916368
y_only/x,973,0.026022682644707057,1.6350381250017805
y_only/x,974,0.02603301701553606,1.8338971205569312
y_only/x,975,0.026023321940177663,1.5781627505213665
y_only/x,976,0.026620341083328482,1.6557582403940052
y_only/x,977,0.026430500628544493,1.5626357589320603
y_only/x,978,0.026202879653136474,1.6439771516850104
y_only/x,979,0.026336767048429712,1.5331647326976034
y_only/x,980,0.026287242979662506,1.6784537289028025
y_only/x,981,0.025821686157146754,1.629053645408636
y_only/x,982,0.02644575888001362,1.5685944485543375
y_only/x,983,0.026146029058062337,1.5801581613095403
y_only/x,984,0.02630812440553755,1.5477322692358306
y_only/x,985,0.02621226013050058,1.654150030235849
y_only/x,986,0.02614417126474323,1.5534537194514688
y_only/x,987,0.02593534590648648,1.594040510518322
y_only/x,988,0.026071097153129715,1.6812648150921357
y_only/x,989,0.026290767340169836,1.5259189219006162
y_only/x,990,0.026371707087605355,1.7315780602396074
y_only/x,991,0.02571911882615675,1.739091858012106
y_only/x,992,0.026219961902892833,1.587972962585651
y_only/x,993,0.025624865386734943,1.9086613779170345
y_only/x,994,0.02646386517020773,1.6381088630393252
y_only/x,995,0.026440523066406818,1.6065361951196289
y_only/x,996,0.02582286644313478,1.5416066716300794
y_only/x,997,0.0258734417420449,1.6969797058633005
y_only/x,998,0.026057695201882433,1.569133353913481
y_only/x,999,0.0259322410841892,1.5923607303505982
hadamard/x,0,0.05275585103599257,1.6979920976963785
hadamard/x,1,0.05439996339892129,1.5254569900226609
hadamard/x,2,0.053983883293718504,1.600907776945135
hadamard/x,3,0.05294849866870581,1.6243521995127879
hadamard/x,4,0.05273473656723031,1.9129784668717071
hadamard/x,5,0.054181846046284815,1.5033900722991054
hadamard/x,6,0.0543347087360011,1.4441481963613114
hadamard/x,7,0.05404425946134687,1.4349666280405466
hadamard/x,8,0.05351494221854241,1.4546068855010112
hadamard/x,9,0.05364990056984026,1.5061808586704066
hadamard/x,10,0.0541913540208112,1.568719677007183
hadamard/x,11,0.05403684709034946,1.5643105098285364
hadamard/x,12,0.05353753359367282,1.8228707497709435
hadamard/x,13,0.05386713623414595,1.677098990505761
hadamard/x,14,0.05430302543909555,1.356532567598044
hadamard/x,15,0.05377875576681559,1.8958126996822324
hadamard/x,16,0.05428215582462226,1.3294441326296398
hadamard/x,17,0.05377471894415569,1.5522546120220504
hadamard/x,18,0.054095840063295694,1.436591417859124
hadamard/x,19,0.05379734065321564,1.4451352165659452
hadamard/x,20,0.0535255272209639,1.5497104979724585
hadamard/x,21,0.05368002213421162,1.5624467443135772
hadamard/x,22,0.05298809088910834,2.000319452279665
hadamard/x,23,0.05321198573150329,1.6476184820588708
hadamard/x,24,0.054129330983814165,1.388930402397476
hadamard/x,25,0.05396882069238908,1.3325787814221879
hadamard/x,26,0.05385523803703377,1.590051324827438
hadamard/x,27,0.05276810374964689,1.8300653525959014
hadamard/x,28,0.053644846208731944,1.4399309611411886
hadamard/x,29,0.05391483842263505,1.5709820453266718
hadamard/x,30,0.05384759997303173,1.6509970061054462
hadamard/x,31,0.05318878211251612,1.5132494229035658
hadamard/x,32,0.05415763953729408,1.6366920915059102
hadamard/x,33,0.05314791889865497,1.7770059934579525
hadamard/x,34,0.0533836096143673,1.7550258940529688
hadamard/x,35,0.05252410871950948,1.9454702619242077
hadamard/x,36,0.05366339420997484,1.7458379652662632
hadamard/x,37,0.05342333292829581,1.4022785385348697
hadamard/x,38,0.05321407535005277,1.390740395375223
hadamard/x,39,0.05352953670531895,1.8112938964971619
hadamard/x,40,0.05407708596893218,1.3420113860882799
hadamard/x,41,0.053973200237916186,1.6318332416958596
hadamard/x,42,0.052346398194520624,1.9414985191009728
hadamard/x,43,0.053509510808731536,1.939470984564647
hadamard/x,44,0.054083072191575696,1.3717109866759243
hadamard/x,45,0.05359493916562655,1.8561294061199503
hadamard/x,46,0.05289950232739187,1.6280668657594008
hadamard/x,47,0.05418852677781238,1.3723477765526906
hadamard/x,48,0.05362529924051912,1.4176728204451288
hadamard/x,49,0.05325604956014079,1.6033597751936661
hadamard/x,50,0.05373002507314037,1.5475116558454565
hadamard/x,51,0.05371716164139393,1.4770460919659958
hadamard/x,52,0.05411131215004731,1.5415571973088251
hadamard/x,53,0.05453424496067176,1.4234464891932068
hadamard/x,54,0.05432841167384399,1.5485488617295458
hadamard/x,55,0.05259956814029439,2.073493580075596
hadamard/x,56,0.053027147537225996,1.957173781216852
hadamard/x,57,0.05398894988569926,1.23457429799434
hadamard/x,58,0.05379362253312765,1.2999820107143962
hadamard/x,59,0.053620015797672775,1.5875332224081717
hadamard/x,60,0.05460835352942273,1.4919608099387431
hadamard/x,61,0.05281857984021292,1.53639166322722
hadamard/x,62,0.05398514493181239,1.4498276249476205
hadamard/x,63,0.05399059083264651,1.475517500887558
hadamard/x,64,0.05407480046210512,1.9025631759168053
hadamard/x,65,0.05416145515469882,1.6465344842662277
hadamard/x,66,0.05330583160264734,1.6345792439321263
hadamard/x,67,0.05405458305825465,1.314391314481244
hadamard/x,68,0.05308226941355798,1.7301545543192718
hadamard/x,69,0.05432880458318862,1.567622992757659
hadamard/x,70,0.05352688683985436,1.4835761578391535
hadamard/x,71,0.05363719384634508,1.448061931341725
hadamard/x,72,0.05419762987545508,1.5627085983788962
hadamard/x,73,0.05242825291143492,1.7764863383436893
hadamard/x,74,0.0541081456840936,1.6894025330160136
hadamard/x,75,0.053967424734683966,1.4661117766228449
hadamard/x,76,0.05322157102832181,1.8418161402685835
hadamard/x,77,0.05188798402701012,1.9182372430158408
hadamard/x,78,0.05367986372931538,1.436608159812828
hadamard/x,79,0.05360774308227309,1.4630929997799627
hadamard/x,80,0.05354599824003566,1.6574072673965534
hadamard/x,81,0.054075457802519294,1.572890098223807
hadamard/x,82,0.054158804030033314,1.780879720077129
hadamard/x,83,0.054181147077390836,1.5625420622233859
hadamard/x,84,0.053302585393502716,1.5487296121421659
hadamard/x,85,0.054118855306785174,1.5478006868843412
hadamard/x,86,0.05311725584563865,1.6862975870445713
hadamard/x,87,0.05364107722541001,1.6865267154266514
hadamard/x,88,0.05342484728101853,1.5565975859562007
hadamard/x,89,0.053202091684324986,1.653131538613877
hadamard/x,90,0.05438948996544136,1.6818668108474837
hadamard/x,91,0.05333473436089241,1.7303488749135278
hadamard/x,92,0.05345148502422493,1.750510480309248
hadamard/x,93,0.05348988927747793,1.6273743285191358
hadamard/x,94,0.053529575690108064,1.9128504856544095
hadamard/x,95,0.05299420752063224,1.7748739676068126
hadamard/x,96,0.05446765645738315,1.4257813843249052
hadamard/x,97,0.05319660078536224,1.485028121169651
hadamard/x,98,0.05344838864652677,1.5476532867316062
hadamard/x,99,0.05433237847562193,1.526359211620527
hadamard/x,100,0.05361275325937308,1.7151323829798486
hadamard/x,101,0.05310710340351098,1.6937098121577017
hadamard/x,102,0.05380743441804751,1.6603153757101206
hadamard/x,103,0.05349396460240831,1.4520714430874506
hadamard/x,104,0.05296640824623225,1.9988709646155862
hadamard/x,105,0.05353511688377914,1.7831917798999994
hadamard/x,106,0.05324658440401425,1.4805057762952853
hadamard/x,107,0.05375060065859334,1.694849422567167
hadamard/x,108,0.053173005420032234,1.62386861874214
hadamard/x,109,0.05247117949263011,1.9023178608174491
hadamard/x,110,0.053835419690670905,1.618412230545004
hadamard/x,111,0.05314980856725593,1.4238732226016078
hadamard/x,112,0.05389050539465706,1.5884126020199765
hadamard/x,113,0.05363504082283923,1.5065705263489788
hadamard/x,114,0.053586651321368216,1.5198571645678312
hadamard/x,115,0.053175764078809876,1.4413251038325867
hadamard/x,116,0.054420707966412823,1.4075203376661918
hadamard/x,117,0.050995869749767775,2.956377221087671
hadamard/x,118,0.05389306453121687,1.5276998952432543
hadamard/x,119,0.05398257007241851,1.3541593699683392
hadamard/x,120,0.05337041488525854,1.2889807837958611
hadamard/x,121,0.053508956557026276,1.6823504795321964
hadamard/x,122,0.053317575690093655,1.5094461653718592
hadamard/x,123,0.05385700533354732,1.731372354152602
hadamard/x,124,0.05347389193452263,1.3496710236681593
hadamard/x,125,0.053425996194429816,1.5942822537814192
hadamard/x,126,0.05405709281901885,1.5821452807055516
hadamard/x,127,0.053610704605550855,1.5369656183336593
hadamard/x,128,0.053602057851311856,1.633311599719196
hadamard/x,129,0.0537040932463684,1.5348034255209417
hadamard/x,130,0.053897980308355735,1.4605557591059757
hadamard/x,131,0.05353851050442176,1.5661236920685477
hadamard/x,132,0.05399998269243916,1.5171351823274457
hadamard/x,133,0.05404345778274013,1.4360577950882853
hadamard/x,134,0.05369112515696996,1.5737702183602147
hadamard/x,135,0.053998079845415714,1.2819837408308148
hadamard/x,136,0.05363778930596871,2.0364530554607567
hadamard/x,137,0.054338971001834414,1.4964965315483925
hadamard/x,138,0.053847620396908824,1.745619548816256
hadamard/x,139,0.052756188327804515,1.5302285249123428
hadamard/x,140,0.05321284009641631,1.7403310286562435
hadamard/x,141,0.05379887011878182,1.6151564212037643
hadamard/x,142,0.054106770318847676,1.9578805155844246
hadamard/x,143,0.05400593779374774,1.4539910208005178
hadamard/x,144,0.052983687161926064,1.858178749119833
hadamard/x,145,0.054627263806836406,1.4313667333511915
hadamard/x,146,0.05389262887191402,1.4369642784044971
hadamard/x,147,0.05375659555808628,1.414584651910891
hadamard/x,148,0.052653412479426474,1.8564369369364195
hadamard/x,149,0.05334516978890718,1.558843769572485
hadamard/x,150,0.052606923139748345,1.7429782576162567
hadamard/x,151,0.053195368018856666,1.4864256888368754
hadamard/x,152,0.05457050052833422,1.250912323548301
hadamard/x,153,0.05385005653333732,1.5745996610558335
hadamard/x,154,0.05400617395523492,1.5173745883453562
hadamard/x,155,0.053346737802806986,1.3713681011224768
hadamard/x,156,0.054101104731736356,1.4262093526855966
hadamard/x,157,0.05427600032763196,1.3113970947503708
hadamard/x,158,0.05412341266193253,1.4104312786099182
hadamard/x,159,0.05330087120660719,1.6648260858663082
hadamard/x,160,0.05426899078498021,1.379064722546082
hadamard/x,161,0.05302897302874767,1.748901612895856
hadamard/x,162,0.05342288715221057,1.5637603155414774
hadamard/x,163,0.053118617851332435,1.4083873648002052
hadamard/x,164,0.05396780491610973,1.359202780841705
hadamard/x,165,0.05316922405390076,1.7762807360787058
hadamard/x,166,0.05360265086725158,1.5095862357083616
hadamard/x,167,0.05448494846417658,1.4855902086917563
hadamard/x,168,0.05367913664763613,1.7399770636587535
hadamard/x,169,0.0542025830028129,1.5644839301193687
hadamard/x,170,0.05355625828001673,1.952558762656901
hadamard/x,171,0.05367557701346321,1.6661559199614797
hadamard/x,172,0.05381054112156617,1.6159524533955163
hadamard/x,173,0.05317098172416089,1.6574154922470952
hadamard/x,174,0.053502444926113404,1.8779115012348633
hadamard/x,175,0.053865305676268016,1.429779704169882
hadamard/x,176,0.05320489138335987,1.5233190953369642
hadamard/x,177,0.053257217360655966,1.696132919853354
hadamard/x,178,0.05300802369942142,1.8703600367520559
hadamard/x,179,0.05352092139010467,1.887257662990152
hadamard/x,180,0.05314887535790847,1.8035707166653967
hadamard/x,181,0.0541794068328639,1.511672945184321
hadamard/x,182,0.054421526364850335,1.4098512274835415
hadamard/x,183,0.05374296179505191,1.609856464365822
hadamard/x,184,0.05390828687711962,1.4569318333188817
hadamard/x,185,0.05346763263587901,1.575766571571592
hadamard/x,186,0.053933320879005,1.3379070658128793
hadamard/x,187,0.053287859431389716,1.9149677306326378
hadamard/x,188,0.053556201420752805,1.482310840733731
hadamard/x,189,0.05386872649981376,1.5485828631193395
hadamard/x,190,0.054042172758327255,1.303797140923724
hadamard/x,191,0.053893181772485,1.6002564220304234
hadamard/x,192,0.05427798299220776,1.4598893289437593
hadamard/x,193,0.05352900058399926,1.5997746119832947
hadamard/x,194,0.054463093816037804,1.5537476179780318
hadamard/x,195,0.054371777224239075,1.5640251358584907
hadamard/x,196,0.055240072845951706,1.2487191412876666
hadamard/x,197,0.05298028532035229,1.7070572682658083
hadamard/x,198,0.05381936291271028,1.478031871023415
hadamard/x,199,0.0535784594019677,1.893541775989535
hadamard/x,200,0.054406000998068256,1.2743193515681615
hadamard/x,201,0.053888333264738596,1.651953964807006
hadamard/x,202,0.052861412941220626,1.7893463806452614
hadamard/x,203,0.05416126042477526,1.4961014081960733
hadamard/x,204,0.054172417629899994,1.3633849986889903
hadamard/x,205,0.05388550915918567,1.5961397579900949
hadamard/x,206,0.05297883143910159,1.8076303890438132
hadamard/x,207,0.05342292614479198,1.9688334556804894
hadamard/x,208,0.053438102002023015,1.4797242440999285
hadamard/x,209,0.05407802960431288,1.2595012308672349
hadamard/x,210,0.05309593650250686,1.7625913996538392
hadamard/x,211,0.053920451811409816,1.462558960608007
hadamard/x,212,0.05350930169260508,1.4711378693016635
hadamard/x,213,0.05388715779681423,1.5726844271013392
hadamard/x,214,0.05380763123077588,1.5538812692556088
hadamard/x,215,0.052826298454845544,1.5423008376164284
hadamard/x,216,0.053294060919970646,1.7569080908585706
hadamard/x,217,0.05379476739994057,1.5577105269455551
hadamard/x,218,0.05382830587884592,1.5079391214320221
hadamard/x,219,0.05265551356347038,1.5956055134160008
hadamard/x,220,0.05373465837486698,1.7628328074909432
hadamard/x,221,0.05365507411355737,1.510586614496933
hadamard/x,222,0.05473351836516102,1.6408282463840909
hadamard/x,223,0.05329536706559712,1.7625185525989069
hadamard/x,224,0.05408143599087834,1.4610195500711327
hadamard/x,225,0.05399154954293993,1.7851005474361794
hadamard/x,226,0.05434563344780249,1.5035393439565528
hadamard/x,227,0.05363460081202703,1.2991837015355534
hadamard/x,228,0.05379686726224904,1.8748004117059085
hadamard/x,229,0.05323046126103962,1.987251213343066
hadamard/x,230,0.053626727605831086,1.5763571686004534
hadamard/x,231,0.05423393116894491,1.3010750130897013
hadamard/x,232,0.053348794830495185,1.3681935913412977
hadamard/x,233,0.05418014608424475,1.3134874181077718
hadamard/x,234,0.054443019681325304,1.5449166070850104
hadamard/x,235,0.05305218807154107,1.6376269757038746
hadamard/x,236,0.05432882733521022,1.1952286739085303
hadamard/x,237,0.05419144803543504,1.5554198687750314
hadamard/x,238,0.053472726392920736,1.682529075374318
hadamard/x,239,0.05430836518410888,1.359326488134614
hadamard/x,240,0.05447378219992892,1.5832553592071823
hadamard/x,241,0.05344641167663044,1.5531959562090631
hadamard/x,242,0.053344107972804304,1.5625754279744501
hadamard/x,243,0.05352470789669292,1.699536922757844
hadamard/x,244,0.053397409862858236,1.6482866508550573
hadamard/x,245,0.053449758130052025,1.6766853201987955
hadamard/x,246,0.05326971030190533,1.7030687851186603
hadamard/x,247,0.05344060823825651,1.4325696634176046
hadamard/x,248,0.05370681495350165,1.577134004711974
hadamard/x,249,0.05345975128348112,1.9367824696542286
hadamard/x,250,0.05401417742246275,1.5351251028557866
hadamard/x,251,0.053466576818706084,2.1287946354158533
hadamard/x,252,0.05336181755860835,1.7272355968209012
hadamard/x,253,0.053732842799883676,1.3993374245371322
hadamard/x,254,0.053950966237211885,1.438320354244111
hadamard/x,255,0.05390733594513193,1.2955992438902564
hadamard/x,256,0.05399772811494075,1.588590945953533
hadamard/x,257,0.05408219079413441,1.5524271483072405
hadamard/x,258,0.05385672630589041,1.5898069217258757
hadamard/x,259,0.053485816367381124,1.6337144491330973
hadamard/x,260,0.05387882968631609,1.6431120797838272
hadamard/x,261,0.05383156080188149,1.5180157152694143
hadamard/x,262,0.05296666648480084,1.6188706935919335
hadamard/x,263,0.05314894049650547,1.5188623155030199
hadamard/x,264,0.05293763747726806,1.6086240820303743
hadamard/x,265,0.05424300697706744,1.334717678667504
hadamard/x,266,0.05461078125133675,1.86983485063812
hadamard/x,267,0.05428875502934486,1.4749048702822742
hadamard/x,268,0.051449633153109214,2.0826408345840286
hadamard/x,269,0.053652696915222856,1.5815109393699802
hadamard/x,270,0.05240451876473424,1.6277639224107836
hadamard/x,271,0.05344451851251775,1.4612026404485738
hadamard/x,272,0.05392965040805788,1.6874191710182853
hadamard/x,273,0.05387755736910432,1.6376176409642313
hadamard/x,274,0.05310543773763961,1.5860469370366521
hadamard/x,275,0.05441089267537366,1.6067218938474743
hadamard/x,276,0.053379686528397405,1.6040185038574315
hadamard/x,277,0.053634188124635655,1.5352562358688207
hadamard/x,278,0.054748983606746,1.6069938836102358
hadamard/x,279,0.05369266995098202,1.6562164825782184
hadamard/x,280,0.05415475041848902,1.3172497257023523
hadamard/x,281,0.053052137289768375,1.742014724121706
hadamard/x,282,0.05454093810281334,1.3416291831537082
hadamard/x,283,0.05438880966820092,1.4567264669793683
hadamard/x,284,0.053039924504172546,1.7726442023579319
hadamard/x,285,0.0537159993013738,1.7065617292253763
hadamard/x,286,0.053513733169351645,1.296461292110408
hadamard/x,287,0.05342397286037669,1.6298525529389696
hadamard/x,288,0.05314088797887163,1.822258803397006
hadamard/x,289,0.053676374640925534,1.4382564298915828
hadamard/x,290,0.052765545309823615,1.7379499620719878
hadamard/x,291,0.05381809772536086,1.4860261228471807
hadamard/x,292,0.054292579467927794,1.4561827461795473
hadamard/x,293,0.054086644593071595,1.4962724537885341
hadamard/x,294,0.05298831649570824,1.7400918760549142
hadamard/x,295,0.053510010037826204,1.7103657951558746
hadamard/x,296,0.053384722501763494,1.6879202403432105
hadamard/x,297,0.05390590156131803,1.4460884491294002
hadamard/x,298,0.053346922101616505,1.5534791369264584
hadamard/x,299,0.0533763679054356,1.6575857185552267
hadamard/x,300,0.05350802819931807,1.6261929026081223
hadamard/x,301,0.053838201684816483,1.4677645455576247
hadamard/x,302,0.05357736179748995,1.5268507908021893
hadamard/x,303,0.05300791544111304,1.7710455259166087
hadamard/x,304,0.05170362797895967,1.880523090314478
hadamard/x,305,0.05366978510460608,1.5125819534103915
hadamard/x,306,0.05391151391907157,1.5635307682794894
hadamard/x,307,0.053461593445226926,2.0281374969830117
hadamard/x,308,0.05423585627451583,1.5246426497665244
hadamard/x,309,0.05289356327267438,2.039669030046451
hadamard/x,310,0.0533819955253825,1.4296107965279967
hadamard/x,311,0.054355558400522405,1.682004520182187
hadamard/x,312,0.053932143548636784,1.6034361732492113
hadamard/x,313,0.05426192525094858,1.6997226854935379
hadamard/x,314,0.053439305203588534,1.4628151600891939
hadamard/x,315,0.05476401242017402,1.4408090164648044
hadamard/x,316,0.05364481683069437,1.61531308501954
hadamard/x,317,0.053280337321317914,1.396353501355879
hadamard/x,318,0.0540950972660835,1.4917519691852423
hadamard/x,319,0.05304346888753763,1.7725432183429464
hadamard/x,320,0.05263733192239181,1.8028952861805567
hadamard/x,321,0.053351403842772815,1.9597375638510868
hadamard/x,322,0.0535494780270044,1.6659485706376542
hadamard/x,323,0.05403483599815776,1.2736510134746892
hadamard/x,324,0.05345420528001808,1.6342761368504548
hadamard/x,325,0.05471774028235005,1.4008111459007693
hadamard/x,326,0.054031976344489197,1.4772256440539144
hadamard/x,327,0.05383779552760248,1.4436099479756288
hadamard/x,328,0.054482973819641664,1.5083739034254253
hadamard/x,329,0.05384023280690563,1.6611027303663077
hadamard/x,330,0.05438399269308717,1.2850612209540664
hadamard/x,331,0.05411063678077764,1.5255395864347925
hadamard/x,332,0.05377743979177625,1.7904815000503465
hadamard/x,333,0.053611390784159524,1.733522188779624
hadamard/x,334,0.05339668852309945,1.4184051268201847
hadamard/x,335,0.05465714914931003,1.326935403919075
hadamard/x,336,0.0532707579416663,1.8867366690614868
hadamard/x,337,0.05359199687619306,1.6279031353269773
hadamard/x,338,0.05386348179948221,1.542430604052166
hadamard/x,339,0.05235880422883275,2.0878785057476867
hadamard/x,340,0.05303032712016966,1.7083647440263188
hadamard/x,341,0.05332584030928492,1.504343087503989
hadamard/x,342,0.05331658002822124,1.5829248587324218
hadamard/x,343,0.053936142041403276,1.4337572604526896
hadamard/x,344,0.05332155451137758,1.7278735069227495
hadamard/x,345,0.05327998140050767,1.738023373660232
hadamard/x,346,0.05404006985040921,1.3516966729850934
hadamard/x,347,0.05382237182694337,1.4459619738674832
hadamard/x,348,0.054023813881496276,1.6265070285548615
hadamard/x,349,0.05215404721712905,1.6862402857052678
hadamard/x,350,0.05353271059606279,1.7703695183153612
hadamard/x,351,0.05284873105087968,1.7764581192622124
hadamard/x,352,0.05411351936215359,1.768187960415169
hadamard/x,353,0.05286560949437388,2.195882149020025
hadamard/x,354,0.05292467300832395,1.520621856639904
hadamard/x,355,0.05456772091554755,1.5536288740103537
hadamard/x,356,0.053324641941805535,1.4645698584743427
hadamard/x,357,0.05395621753532114,1.6788774606274897
hadamard/x,358,0.0538939368061915,1.6301425397736218
hadamard/x,359,0.054664379803204474,1.5932076831781
hadamard/x,360,0.05285918130609567,1.7437824324695548
hadamard/x,361,0.0538917561761189,1.5731966988957367
hadamard/x,362,0.053213538537273924,1.750605839603394
hadamard/x,363,0.05383329079344414,1.518843350870121
hadamard/x,364,0.05420875885916069,1.3333178786311393
hadamard/x,365,0.05425256138433826,1.5868696596415655
hadamard/x,366,0.05422354579121439,1.4370487219567465
hadamard/x,367,0.05331933599011578,1.3353636679352712
hadamard/x,368,0.05400083859779839,1.4811592787565793
hadamard/x,369,0.053336445640837934,1.5523210776679819
hadamard/x,370,0.05472869815752875,1.381762605595694
hadamard/x,371,0.05405722836913634,1.7765938457278145
hadamard/x,372,0.053382921922747524,1.6271631145120515
hadamard/x,373,0.053563326670132146,1.5134268229545713
hadamard/x,374,0.05412006994446978,1.4591571049677108
hadamard/x,375,0.054613989001247774,1.306404328520573
hadamard/x,376,0.054007807839338354,1.3450044042209255
hadamard/x,377,0.05339147144968532,1.825537845046721
hadamard/x,378,0.053033097480822015,1.7613520929317643
hadamard/x,379,0.05399169116550492,1.5939487698418597
hadamard/x,380,0.05341920488255565,1.4288017913693503
hadamard/x,381,0.05444422024559967,1.6416229627213714
hadamard/x,382,0.053055706536962975,1.7487889161492696
hadamard/x,383,0.054779330416815625,1.69019679403149
hadamard/x,384,0.05381029459913472,1.578417725396572
hadamard/x,385,0.05396916439608042,1.5992111068659207
hadamard/x,386,0.053505832361141085,1.6574022146399137
hadamard/x,387,0.05400747699044224,1.3895539621851218
hadamard/x,388,0.05407231594432687,1.6090686074918155
hadamard/x,389,0.05323407926182852,1.8964741542307018
hadamard/x,390,0.05384766854015328,1.3222265811849228
hadamard/x,391,0.05364923218814257,1.5572130134985027
hadamard/x,392,0.054128399805435476,1.4251831265312944
hadamard/x,393,0.053686515385506804,1.3442781451963544
hadamard/x,394,0.05384638273237632,1.5986036330659221
hadamard/x,395,0.0537873484174711,1.6375051207965017
hadamard/x,396,0.05292329098024775,1.5899376329337815
hadamard/x,397,0.05321175064513681,1.8300147503824762
hadamard/x,398,0.05345378019743267,1.4916028057983046
hadamard/x,399,0.05371355943050068,1.4596687757324176
hadamard/x,400,0.052774805319450974,1.7438184823535976
hadamard/x,401,0.053408100796156675,1.3284291625568974
hadamard/x,402,0.053179740702187575,1.5444591255291953
hadamard/x,403,0.0532342935827862,1.6048531810595197
hadamard/x,404,0.05438316806024642,1.371656582928258
hadamard/x,405,0.05409752782595482,1.616461465548443
hadamard/x,406,0.05269249472407965,1.599698139367785
hadamard/x,407,0.05401357277242529,1.6012720611969267
hadamard/x,408,0.05382421650033912,1.6451920565486957
hadamard/x,409,0.05328449542157067,1.6892465898386928
hadamard/x,410,0.05396876814542686,1.3535347316068316
hadamard/x,411,0.05391924309250605,1.8020783719995028
hadamard/x,412,0.05383833971391645,1.5895841157727364
hadamard/x,413,0.05396986751434363,1.3805654007680306
hadamard/x,414,0.054178293360124405,1.4941071285699188
hadamard/x,415,0.053184265264036405,1.6187355415479867
hadamard/x,416,0.052689780073128814,1.7353848760561326
hadamard/x,417,0.05414941780626142,1.6179539546399389
hadamard/x,418,0.053552725178904075,1.6411933222659731
hadamard/x,419,0.05413724335833256,1.492546758973016
hadamard/x,420,0.05240663997949179,1.7886337516289093
hadamard/x,421,0.053651389251199284,1.5206782731170716
hadamard/x,422,0.05310581812524186,1.8027641916227735
hadamard/x,423,0.052982584365440066,1.731484869164593
hadamard/x,424,0.053507829020064145,1.6161177343874302
hadamard/x,425,0.053204848198954297,1.7853452567147334
hadamard/x,426,0.053500704455691904,1.6335076857265214
hadamard/x,427,0.053906519730143584,1.6454880718903977
hadamard/x,428,0.05428222897760206,1.72959556644131
hadamard/x,429,0.05380722124625624,1.5641955891277948
hadamard/x,430,0.05394542396216071,1.427752729091754
hadamard/x,431,0.05339599233336324,1.800280447367287
hadamard/x,432,0.05420114439608801,1.479025039002361
hadamard/x,433,0.053847211445659966,1.9022540534147245
hadamard/x,434,0.05382998787771516,1.586832452042427
hadamard/x,435,0.05355445930352601,1.6199289025839807
hadamard/x,436,0.0536908534509693,1.5812239634740193
hadamard/x,437,0.05445676967657331,1.5459682978384441
hadamard/x,438,0.053376364183563806,1.5542773704091803
hadamard/x,439,0.054053332133535935,1.5650879159549864
hadamard/x,440,0.05288207656141689,1.4445491074209278
hadamard/x,441,0.053579884785271176,1.770936174111479
hadamard/x,442,0.05377455638815148,1.619175652882674
hadamard/x,443,0.05365704233841786,1.5568622962842746
hadamard/x,444,0.05379718832629763,1.455378925841489
hadamard/x,445,0.05342737505921147,1.652400209671885
hadamard/x,446,0.05355557377502558,1.3934490155416481
hadamard/x,447,0.052467050923768105,1.9658598133431893
hadamard/x,448,0.05344859724426031,1.290595954724821
hadamard/x,449,0.0538266678195238,1.6785098614316192
hadamard/x,450,0.053178976179436,1.6753280687270702
hadamard/x,451,0.054834017974309805,1.5218886571724737
hadamard/x,452,0.053768439723946314,1.4099190464768283
hadamard/x,453,0.053140695588789255,1.9197671988235252
hadamard/x,454,0.053815670774377614,1.6426612344191873
hadamard/x,455,0.05338223553959136,1.8489446154756026
hadamard/x,456,0.0538276599190963,1.4022116397395652
hadamard/x,457,0.05399259491675526,1.4718095178548898
hadamard/x,458,0.05324589497026752,1.6654768145931709
hadamard/x,459,0.053811776367388375,1.592718266198056
hadamard/x,460,0.0543799711186709,1.329642866262453
hadamard/x,461,0.052704832064282656,1.6306624345482112
hadamard/x,462,0.053356092267566685,1.7742306037950668
hadamard/x,463,0.05316296917865658,1.6275522146357781
hadamard/x,464,0.054147858883786294,1.3733839275506918
hadamard/x,465,0.053441555442138695,1.6818526370268423
hadamard/x,466,0.05402532023251865,1.6897017797165352
hadamard/x,467,0.054649931519376665,1.5369966015579495
hadamard/x,468,0.054481409072085527,1.373592350419383
hadamard/x,469,0.052936774466028784,1.832906086763279
hadamard/x,470,0.053534904253940356,1.3758015874605969
hadamard/x,471,0.053522176531293465,1.4385234777845797
hadamard/x,472,0.05289211296497792,1.885791636630272
hadamard/x,473,0.054074067253651624,1.89455324588971
hadamard/x,474,0.05325868816819087,1.5282624613112978
hadamard/x,475,0.05395155672615376,1.718699668484024
hadamard/x,476,0.053551961302122,1.4874058422056098
hadamard/x,477,0.05464703463090768,1.6639681120075218
hadamard/x,478,0.05347518823182251,1.895373722268887
hadamard/x,479,0.053324694887489706,1.5326163451711445
hadamard/x,480,0.053259442844257564,1.5637390211254711
hadamard/x,481,0.054509378665523425,1.495552981166421
hadamard/x,482,0.05403963221462973,1.3838159361757525
hadamard/x,483,0.052280656005173516,2.0031039035234426
hadamard/x,484,0.05372671998292028,1.7106451050166838
hadamard/x,485,0.052788158087774754,1.8065392193206165
hadamard/x,486,0.05404574876207552,1.5955507658887091
hadamard/x,487,0.0527024603919403,1.8010549874119839
hadamard/x,488,0.05395968938838623,1.6074453610969464
hadamard/x,489,0.054590663296027284,1.3304591161803305
hadamard/x,490,0.0532658802808529,1.4681821592308169
hadamard/x,491,0.05380519137417413,1.4286703092579547
hadamard/x,492,0.053124367869993354,1.7612024002438964
hadamard/x,493,0.05389382401708454,1.5986599431573645
hadamard/x,494,0.05276442264341313,1.814954040938919
hadamard/x,495,0.05374988422800509,1.834012833150676
hadamard/x,496,0.05365488667162743,1.3107098952121385
hadamard/x,497,0.05430590970480387,1.372424823495914
hadamard/x,498,0.0534196691197363,1.7627078663714197
hadamard/x,499,0.05354854916253871,1.5253942083345073
hadamard/x,500,0.05439903600922575,1.4857036471132392
hadamard/x,501,0.0527815403715392,1.54746661061703
hadamard/x,502,0.054022303857776975,1.6363517693495306
hadamard/x,503,0.05349337190156898,1.5566084224709678
hadamard/x,504,0.054030084053995585,1.6738627299827313
hadamard/x,505,0.05381848808968167,1.8569383311379806
hadamard/x,506,0.05356324792999636,1.6407647987046505
hadamard/x,507,0.053828267714688786,1.7497866016752324
hadamard/x,508,0.053936923093728,1.4354151257452759
hadamard/x,509,0.05395635307373119,1.3828990410817992
hadamard/x,510,0.053822892101307016,1.5430231724845924
hadamard/x,511,0.05299163008551336,1.78406419669627
hadamard/x,512,0.05381226490539694,1.6031235987843881
hadamard/x,513,0.05470410689063886,1.2360044470270686
hadamard/x,514,0.05329070107994074,1.9350540881663154
hadamard/x,515,0.053543467114041246,1.6202524979794508
hadamard/x,516,0.05297920523071145,2.101308682002401
hadamard/x,517,0.05491885946814283,1.3860697826299868
hadamard/x,518,0.054013622870153925,1.3329115477862503
hadamard/x,519,0.0533391475387023,1.6606141191211636
hadamard/x,520,0.05261665692933416,1.9870700279918485
hadamard/x,521,0.05393013511444078,1.5557054363980456
hadamard/x,522,0.0540124577125106,1.3511070107408725
hadamard/x,523,0.05336661151056445,1.6974880097762457
hadamard/x,524,0.05427181604944873,1.30815157941454
hadamard/x,525,0.053767872422585884,1.5796643241050672
hadamard/x,526,0.05403942956616632,1.5093707392057838
hadamard/x,527,0.053726219705142714,1.4636533657774362
hadamard/x,528,0.05423185116208136,1.4741210644152067
hadamard/x,529,0.05355063059504765,1.632512146170116
hadamard/x,530,0.05414439419663741,1.615094483568394
hadamard/x,531,0.053160426763476216,1.757077921048854
hadamard/x,532,0.05245134386133555,1.6495312738939012
hadamard/x,533,0.05341950450237004,1.8912599699762094
hadamard/x,534,0.05431260032733019,1.3865618797104418
hadamard/x,535,0.053298713768607245,1.5245390179703708
hadamard/x,536,0.05382728202394889,1.570183228790832
hadamard/x,537,0.05448707131134823,1.824826599797095
hadamard/x,538,0.05486347676947502,1.4563686060311705
hadamard/x,539,0.05359099722782931,1.4723362416535908
hadamard/x,540,0.05370658934642974,1.4756820992090114
hadamard/x,541,0.05302966726688935,1.7023947878286838
hadamard/x,542,0.053172785646637744,2.0264910880166993
hadamard/x,543,0.05403776618888943,1.5333007512766388
hadamard/x,544,0.05399080741525434,1.832438461649766
hadamard/x,545,0.05424994910683159,1.6210595891986512
hadamard/x,546,0.05370182703143058,1.6511454358111537
hadamard/x,547,0.053317409875065364,1.6018556294287032
hadamard/x,548,0.05364344935501483,1.3640073668906643
hadamard/x,549,0.05389949380703861,1.4592601873024087
hadamard/x,550,0.05304246585805092,1.812977864855698
hadamard/x,551,0.05343659394110716,1.6604993855071004
hadamard/x,552,0.05339805254787952,1.7458134893783572
hadamard/x,553,0.053698369823646244,1.8663301470321803
hadamard/x,554,0.05320130937362968,1.6197953385226451
hadamard/x,555,0.05467142865519281,1.5742197013465493
hadamard/x,556,0.05413615423890883,1.4964073726843337
hadamard/x,557,0.05346134967112629,1.332500407439119
hadamard/x,558,0.054223934409752116,1.5072824942377872
hadamard/x,559,0.053017576438641585,1.8079014855720714
hadamard/x,560,0.053873215533731075,1.3979243050073693
hadamard/x,561,0.05346843754780762,1.4657519243100778
hadamard/x,562,0.053737386331901914,1.2752341697409164
hadamard/x,563,0.05341880047456218,1.4342181155180918
hadamard/x,564,0.054251034057620044,1.6483641928784087
hadamard/x,565,0.05267899320155884,1.8986955618651657
hadamard/x,566,0.0532917086978539,1.5142189965664206
hadamard/x,567,0.05334929086648635,1.6072572067185171
hadamard/x,568,0.05373890958757923,1.4324709118905663
hadamard/x,569,0.053659704700094644,1.527137790096044
hadamard/x,570,0.053672484821715064,1.6483668068450836
hadamard/x,571,0.05320662802765408,1.4562290659343968
hadamard/x,572,0.05370680757007113,1.6366711211205174
hadamard/x,573,0.05366300760601704,1.574934185868654
hadamard/x,574,0.05434208360574904,1.602937190318983
hadamard/x,575,0.05316937333448074,1.4509256894255371
hadamard/x,576,0.05428341658906289,1.4136088384551373
hadamard/x,577,0.05372972092743204,1.6135555222364397
hadamard/x,578,0.0535883642361558,1.7266186944995177
hadamard/x,579,0.053216045891745306,1.653083008314187
hadamard/x,580,0.052868809079931654,2.059493247315789
hadamard/x,581,0.0538933175464335,1.6495219844964586
hadamard/x,582,0.05379126313845135,1.6872970824919202
hadamard/x,583,0.0539691564829138,1.5038592585876887
hadamard/x,584,0.05458990725474764,1.4334700784929757
hadamard/x,585,0.053567351700405184,1.6245936358184976
hadamard/x,586,0.05334099888497024,1.687682395180358
hadamard/x,587,0.0538197336349684,1.6391205526012629
hadamard/x,588,0.05349237521019624,1.4651277714109245
hadamard/x,589,0.05453988786984894,1.494726598349264
hadamard/x,590,0.05373515138034752,1.543785331457693
hadamard/x,591,0.05454858961025896,1.1795676686205403
hadamard/x,592,0.053409495487077914,1.541782210419954
hadamard/x,593,0.05373077530493595,1.642580456457183
hadamard/x,594,0.052727903911753825,1.879432619032403
hadamard/x,595,0.054234873008282926,1.5350054174370513
hadamard/x,596,0.05365512172539616,1.7111728862682194
hadamard/x,597,0.05345831115657246,1.7137843554063688
hadamard/x,598,0.05364603923434811,1.8434679788670185
hadamard/x,599,0.05343108085595772,1.7640240555466449
hadamard/x,600,0.05227416084737784,1.7275345874584873
hadamard/x,601,0.054275674149650455,1.5677099635569007
hadamard/x,602,0.05332266563064773,1.8891354538783967
hadamard/x,603,0.05262663961961095,1.72938241542129
hadamard/x,604,0.05420834420394779,1.4211081269962473
hadamard/x,605,0.05412301494379391,1.3739923236746154
hadamard/x,606,0.05358126021325405,1.6786730034156985
hadamard/x,607,0.053851225528470215,1.5321460243382354
hadamard/x,608,0.053266182728076664,1.7803559723576339
hadamard/x,609,0.05300449101898542,1.512596947240188
hadamard/x,610,0.05433261587673399,1.5840151837750955
hadamard/x,611,0.05342762450136896,1.484675583923478
hadamard/x,612,0.05306658652398777,1.5334435073140495
hadamard/x,613,0.05415295536267891,1.5941890566464874
hadamard/x,614,0.052687679427677055,1.6176060554067315
hadamard/x,615,0.05370690693067751,1.5887182275847884
hadamard/x,616,0.05460536349315485,1.5102809704527143
hadamard/x,617,0.05343769829833464,1.49568119584079
hadamard/x,618,0.05417540504236928,1.3984534333688794
hadamard/x,619,0.05331450016725719,1.5507583752578782
hadamard/x,620,0.0522948911782595,1.7977206096433176
hadamard/x,621,0.053941607699616985,1.5239392093645419
hadamard/x,622,0.053493083705667965,1.6532795904323023
hadamard/x,623,0.053959590791557856,1.3950461051877123
hadamard/x,624,0.05408947373229553,1.3813429307457534
hadamard/x,625,0.05326349029897954,1.751265619501603
hadamard/x,626,0.053085409548437205,1.6986938908386575
hadamard/x,627,0.05406672452342392,1.963977534506468
hadamard/x,628,0.05262861066732708,1.5953978873635442
hadamard/x,629,0.05413526572412693,1.4656012304604515
hadamard/x,630,0.05258368590165968,1.707628577280656
hadamard/x,631,0.053047411498010545,1.8418876236063673
hadamard/x,632,0.053360513560370866,1.5321358094391087
hadamard/x,633,0.054106456828966205,1.6748273087404186
hadamard/x,634,0.054707698778882013,1.3920113071197115
hadamard/x,635,0.05366458422813941,1.4151268766943688
hadamard/x,636,0.053914400278676534,1.4972421101951745
hadamard/x,637,0.05368354849954546,1.7165994002802083
hadamard/x,638,0.05396122174487432,1.4093338848031045
hadamard/x,639,0.0543370422502974,1.2959874866372747
hadamard/x,640,0.05321064465449405,1.5555453281947693
hadamard/x,641,0.05342077575542856,1.7085362901322567
hadamard/x,642,0.05338975306620962,1.8238224014365643
hadamard/x,643,0.052952963264206405,1.8347071813866251
hadamard/x,644,0.053711047055510004,1.6299552903715784
hadamard/x,645,0.053680597242449724,1.662363629926996
hadamard/x,646,0.05289070521715979,1.8418816741731012
hadamard/x,647,0.05450165655737454,1.381578084230648
hadamard/x,648,0.05407627228630452,1.6190333197263975
hadamard/x,649,0.054086508298878185,1.2752859246073833
hadamard/x,650,0.053144505779914024,1.800282415198093
hadamard/x,651,0.05338562113356183,1.7853841906088805
hadamard/x,652,0.0540924902632513,1.5647775514885003
hadamard/x,653,0.053195666377189345,1.6805188152029584
hadamard/x,654,0.05313525455987137,1.7569367184547116
hadamard/x,655,0.05371208569111891,1.6777741492939637
hadamard/x,656,0.05553575518520968,1.4649324996072783
hadamard/x,657,0.05382819888857344,1.4714611185195086
hadamard/x,658,0.05353170317038287,1.5980998714377253
hadamard/x,659,0.053591395313768886,1.3016462467029097
hadamard/x,660,0.0535098577575947,1.6087708060570076
hadamard/x,661,0.0533267195592088,1.4697726750026203
hadamard/x,662,0.053413031399486485,2.0043276351073223
hadamard/x,663,0.054152658800269864,1.430559171024588
hadamard/x,664,0.054184062919910514,1.3335876368227872
hadamard/x,665,0.05386485157753335,1.6618124996009707
hadamard/x,666,0.05406289789027379,1.5404390011719216
hadamard/x,667,0.05311780555200075,1.6777181729275534
hadamard/x,668,0.05293244767321933,1.6066304426361446
hadamard/x,669,0.054057047959048914,1.4402614945005872
hadamard/x,670,0.052863840103847946,1.482182249879348
hadamard/x,671,0.053910875193434925,1.4625693448699117
hadamard/x,672,0.05292969243200637,1.7744629237106846
hadamard/x,673,0.05391848906398816,1.261835535577672
hadamard/x,674,0.05259107628583353,1.9132355271381376
hadamard/x,675,0.05425487580846966,1.8513735907662998
hadamard/x,676,0.05403398700165193,1.4742345928576708
hadamard/x,677,0.05325754558798782,1.6639359247283818
hadamard/x,678,0.053712566051336105,1.5114239328464776
hadamard/x,679,0.05339761722227362,1.8283689636379437
hadamard/x,680,0.054025263053876185,1.6154392643319835
hadamard/x,681,0.05332949158837816,1.6782681068636454
hadamard/x,682,0.05374617113358349,1.3452226044246538
hadamard/x,683,0.05380406421989229,1.4369779958263282
hadamard/x,684,0.05381787301661646,1.73569105743393
hadamard/x,685,0.05277942366259763,1.8479553149744683
hadamard/x,686,0.05346601824449288,1.489187088441813
hadamard/x,687,0.05308755398775302,1.5471460176873573
hadamard/x,688,0.053574872277085434,1.5713769185675082
hadamard/x,689,0.05376171030973655,1.6319421028340781
hadamard/x,690,0.053464785735210824,1.566576745519204
hadamard/x,691,0.05398717034169152,1.4102164101159211
hadamard/x,692,0.05422884032714879,1.4533917387909785
hadamard/x,693,0.0528038575668578,1.900060733901858
hadamard/x,694,0.053666024658296826,1.378599815080232
hadamard/x,695,0.05313497906894651,1.793724163695459
hadamard/x,696,0.05326783083980207,1.5791331509052018
hadamard/x,697,0.053874470169598794,1.662837484985895
hadamard/x,698,0.054265083083861985,1.7076283036344633
hadamard/x,699,0.053564414242286945,1.6755344806502368
hadamard/x,700,0.05432739849121879,1.3306669440356766
hadamard/x,701,0.05359721264761247,1.4983465328014853
hadamard/x,702,0.053986564575637386,1.686562658828796
hadamard/x,703,0.05342612707895369,1.438377648106493
hadamard/x,704,0.05360506278585642,1.363695934496919
hadamard/x,705,0.05333222730719645,1.736934957786934
hadamard/x,706,0.05376000387745349,1.7726000914570677
hadamard/x,707,0.05235757981887629,1.8387406429894981
hadamard/x,708,0.054283496574285425,1.5652690291558253
hadamard/x,709,0.054099976953026124,1.4769337498905992
hadamard/x,710,0.05364197558156967,1.5891918303189982
hadamard/x,711,0.053215514227858536,2.078847366063627
hadamard/x,712,0.053937084511164635,1.6156154146901365
hadamard/x,713,0.05387729111527529,1.5211857164482736
hadamard/x,714,0.05387815314119458,1.3613209641567372
hadamard/x,715,0.05436722138893251,1.522384659448422
hadamard/x,716,0.05288457711228282,1.5949034564405862
hadamard/x,717,0.05403098596332885,1.4852696275865864
hadamard/x,718,0.05312424237470305,2.538328957974213
hadamard/x,719,0.053520468673783225,1.5300303575085872
hadamard/x,720,0.053045413550486725,1.5739652159902682
hadamard/x,721,0.05371829676263306,1.6128623157142816
hadamard/x,722,0.053584251025745405,1.4674565050274329
hadamard/x,723,0.0537621281141449,1.4931176424809667
hadamard/x,724,0.05419782814523568,1.4926056714408587
hadamard/x,725,0.05372055770223072,1.4087315123905735
hadamard/x,726,0.05310965299090878,1.5086425989759396
hadamard/x,727,0.05401153682296025,1.386356442438008
hadamard/x,728,0.052958136250788164,1.3778062657914738
hadamard/x,729,0.05414650104084177,1.423216525876531
hadamard/x,730,0.054015693189793226,1.4048286957790863
hadamard/x,731,0.053656080056704684,1.9268968852699926
hadamard/x,732,0.05406684214002207,1.567271939615878
hadamard/x,733,0.053971099390413536,1.4607803481764257
hadamard/x,734,0.05352245930997643,1.6406402034042011
hadamard/x,735,0.05403839583776582,1.5694075336659459
hadamard/x,736,0.05341634844507694,1.5459948061887057
hadamard/x,737,0.05407884472933233,1.335083475599764
hadamard/x,738,0.05293214010242242,1.8072282603229923
hadamard/x,739,0.05397940935347152,1.4041191731755795
hadamard/x,740,0.05425351121302632,1.8309619809880378
hadamard/x,741,0.053737083611174484,1.6324468718433789
hadamard/x,742,0.053676548290547146,1.3407870836681033
hadamard/x,743,0.05342616020851503,1.7497456619692116
hadamard/x,744,0.05420432510659046,1.5454380185201342
hadamard/x,745,0.05325717239272754,1.7652716733702911
hadamard/x,746,0.05412789197986345,1.7864563026647142
hadamard/x,747,0.05350479802067211,1.5180939814569288
hadamard/x,748,0.05346063345372635,1.5770002390393343
hadamard/x,749,0.05312116668524104,1.4068486601143946
hadamard/x,750,0.0537999604867637,1.6349883409782628
hadamard/x,751,0.05409748360005742,1.523178274714366
hadamard/x,752,0.05309735421235057,1.5750620500160297
hadamard/x,753,0.054065265451836736,1.7174752482268136
hadamard/x,754,0.05398291638917858,1.9101519494310994
hadamard/x,755,0.05306354625673093,1.706828735418829
hadamard/x,756,0.05328543886691977,1.731549047057886
hadamard/x,757,0.053996917222481525,1.374815220081871
hadamard/x,758,0.052592726537261526,2.0412508499978443
hadamard/x,759,0.05339840148903569,1.775568358634047
hadamard/x,760,0.0534054906538114,1.6267567203245912
hadamard/x,761,0.053265534311410206,1.6713919063078366
hadamard/x,762,0.05328027840863757,1.4971688627772453
hadamard/x,763,0.05452204891284355,1.5040500588904533
hadamard/x,764,0.05386346215747506,1.369216196560886
hadamard/x,765,0.055112910896473286,1.4990214037339533
hadamard/x,766,0.05396221874752667,1.3386863319709685
hadamard/x,767,0.05360812006165382,1.5267807735150145
hadamard/x,768,0.05417805302586609,1.3357711581390346
hadamard/x,769,0.05314285617426178,1.821246191201231
hadamard/x,770,0.05322144996879492,1.5390560134397915
hadamard/x,771,0.05362248522582262,1.7274596964187339
hadamard/x,772,0.054385009333849335,1.3652180207702256
hadamard/x,773,0.05470474436743606,1.6268114555960422
hadamard/x,774,0.05402653160882524,1.2611444611619276
hadamard/x,775,0.05476983930106049,1.5446129988961834
hadamard/x,776,0.05372144379096492,1.6258600649905468
hadamard/x,777,0.05376013625349122,1.4064001953377128
hadamard/x,778,0.0534728363317376,1.5806407082000606
hadamard/x,779,0.05362298511300831,1.6395246024237164
hadamard/x,780,0.05391590835687664,1.3869273552900738
hadamard/x,781,0.054383464536160726,1.5352109788687043
hadamard/x,782,0.05306386171897524,1.604922445623393
hadamard/x,783,0.053838599796912745,1.6381396327624822
hadamard/x,784,0.053161088623132624,1.4873324146577975
hadamard/x,785,0.05367676771688211,1.8214911039576733
hadamard/x,786,0.05343141451217919,1.8083082728323587
hadamard/x,787,0.05339994285744986,1.4330943381777415
hadamard/x,788,0.05341719194622235,1.6971407468498734
hadamard/x,789,0.053362673630632664,1.5979004694182397
hadamard/x,790,0.053463777988505566,1.7752621327812972
hadamard/x,791,0.05377939189012015,1.6701893649585011
hadamard/x,792,0.05251108273961742,1.8872450456023475
hadamard/x,793,0.054323680606471206,1.6559771484026096
hadamard/x,794,0.0534728447161295,1.5128868918068987
hadamard/x,795,0.05398459747023496,2.187341237320204
hadamard/x,796,0.054308662098267624,1.4395584570260818
hadamard/x,797,0.0534052745478088,1.6491574030106877
hadamard/x,798,0.0542028095933861,1.2670432936257712
hadamard/x,799,0.05429169628954275,1.4805188756356444
hadamard/x,800,0.053137873882788886,1.7540499202818225
hadamard/x,801,0.05315743236777669,1.5300150104277888
hadamard/x,802,0.05439530990668862,1.8172857216020724
hadamard/x,803,0.05418274402327097,1.5674237162102
hadamard/x,804,0.053394716484543796,1.6795703184963975
hadamard/x,805,0.05382505382714309,1.7834056928099058
hadamard/x,806,0.0531057469135889,1.7257459043328018
hadamard/x,807,0.05433054016583788,1.368078727647838
hadamard/x,808,0.053785071605662815,1.321751605081997
hadamard/x,809,0.05405648424492455,1.4071441832395015
hadamard/x,810,0.05389444071104935,1.5476344731699352
hadamard/x,811,0.054441246372265245,1.37862271399886
hadamard/x,812,0.053914352571318304,1.6280047485642593
hadamard/x,813,0.05286953406159541,1.8726124328591316
hadamard/x,814,0.05400783026200416,1.8316161197190237
hadamard/x,815,0.05396200175498222,1.3911147983374859
hadamard/x,816,0.05401341879941213,1.7432803347267358
hadamard/x,817,0.05351246882979763,1.5475226192261664
hadamard/x,818,0.05382071579728777,1.4693014658607109
hadamard/x,819,0.05395411272012742,1.456989214201843
hadamard/x,820,0.052874407863956335,1.9703092490950063
hadamard/x,821,0.053968739374556984,1.494147870906063
hadamard/x,822,0.054523605500164385,1.6090714478338222
hadamard/x,823,0.05351059867650288,1.7534609015237212
hadamard/x,824,0.05388784125345103,1.4834334949463976
hadamard/x,825,0.0536365476016809,1.4059924735969982
hadamard/x,826,0.05338694807349744,1.7576006122314318
hadamard/x,827,0.05431018256715779,1.3521110352303636
hadamard/x,828,0.05485162460737381,1.2807377718403576
hadamard/x,829,0.05344979931138154,1.960627898777255
hadamard/x,830,0.05478798539600991,1.607585463253758
hadamard/x,831,0.05438413849932016,1.5214962317401988
hadamard/x,832,0.054497806364680046,1.5068608032483273
hadamard/x,833,0.053855667274643144,1.6334306497872635
hadamard/x,834,0.05284737727464415,1.869470284321632
hadamard/x,835,0.053917035174003425,1.5543112194201967
hadamard/x,836,0.0533635815720569,1.520820390063218
hadamard/x,837,0.05313680360141272,1.768974215396515
hadamard/x,838,0.053454739965217664,1.4528411617802868
hadamard/x,839,0.05369378477979394,1.5663271775472918
hadamard/x,840,0.05429251585448804,1.4428084958350311
hadamard/x,841,0.0537610000348503,1.55641382483
hadamard/x,842,0.05350878643618259,1.626835767668546
hadamard/x,843,0.0546039004986948,1.3836862333172106
hadamard/x,844,0.05345744610678275,1.4636624214327643
hadamard/x,845,0.05370698630785686,1.4981470414399425
hadamard/x,846,0.052860649713929585,1.6434539461296824
hadamard/x,847,0.05316514066004926,1.7761556384292556
hadamard/x,848,0.053125538747169194,1.6978424803066108
hadamard/x,849,0.053863087572932226,1.643272302437469
hadamard/x,850,0.05314595280309435,1.608231070054829
hadamard/x,851,0.054120720906941706,1.7416603415160836
hadamard/x,852,0.05372747056752385,1.6747677258225722
hadamard/x,853,0.05349647055662917,1.4855554394448776
hadamard/x,854,0.05354009365394713,1.3806026192891732
hadamard/x,855,0.05347494957033835,1.3905812990134743
hadamard/x,856,0.053819568139586646,1.5919016521708995
hadamard/x,857,0.054570678726076446,1.2988637611208953
hadamard/x,858,0.05302521785233157,1.5949200770084746
hadamard/x,859,0.05423052421053097,1.4332435299009618
hadamard/x,860,0.05376541428422632,1.5433878373522645
hadamard/x,861,0.05240526698001932,1.9473678497286704
hadamard/x,862,0.05304051571948537,1.6815273417326204
hadamard/x,863,0.05365966347650666,1.8364857093395872
hadamard/x,864,0.05389383370378346,1.5733769861065419
hadamard/x,865,0.05351726481921912,1.377659417866083
hadamard/x,866,0.053803004617352546,1.4520141409616942
hadamard/x,867,0.05229014916105428,1.8539121369498863
hadamard/x,868,0.054205905420853816,1.3838197913542658
hadamard/x,869,0.05322349154594431,1.7636594581630363
hadamard/x,870,0.05300364851274897,1.6132231424772012
hadamard/x,871,0.054023360263578575,1.782721180803635
hadamard/x,872,0.054507991185413135,1.5326333398524534
hadamard/x,873,0.053392515723078876,1.6167165105440338
hadamard/x,874,0.053444352666034256,1.9866646325897528
hadamard/x,875,0.054689506387324845,1.4663577087335706
hadamard/x,876,0.05318898646158304,1.7058794447340089
hadamard/x,877,0.053385893733390026,1.5504022381623885
hadamard/x,878,0.05415802777169043,1.521784844840952
hadamard/x,879,0.05379313340281101,1.933587750671015
hadamard/x,880,0.0538999012412856,1.6828923276096648
hadamard/x,881,0.05384296266502396,1.6777656284741898
hadamard/x,882,0.05418312530382365,1.4716514393831084
hadamard/x,883,0.053456740252186184,1.6752323181985866
hadamard/x,884,0.053562135075748196,1.5463261190810142
hadamard/x,885,0.05318102462275221,1.7336427284538753
hadamard/x,886,0.052876645028847785,1.79457534405695
hadamard/x,887,0.05388533331736391,1.5637380278909458
hadamard/x,888,0.05464773314023014,1.3790482997216948
hadamard/x,889,0.0534733608356032,1.701197474661712
hadamard/x,890,0.051757372338157276,2.2447298101385176
hadamard/x,891,0.05258207484856481,1.8212330257851097
hadamard/x,892,0.054360762096049675,1.546928290158066
hadamard/x,893,0.053802439122108935,1.5499649953542887
hadamard/x,894,0.05346394039510454,1.8801109571760894
hadamard/x,895,0.05400256291001942,1.4604943168236124
hadamard/x,896,0.053777494262954376,1.877073845551685
hadamard/x,897,0.053751948435821054,1.494929195323927
hadamard/x,898,0.0534156180808727,1.5197630433171765
hadamard/x,899,0.05342385574646726,1.6408265640219826
hadamard/x,900,0.05355099516950012,1.502636541288476
hadamard/x,901,0.05345334451670292,1.5926524099841306
hadamard/x,902,0.05355867922019541,1.4289406573197851
hadamard/x,903,0.053654694958980856,1.6803109455055116
hadamard/x,904,0.05422039439965387,1.4044992279107282
hadamard/x,905,0.05409045392150791,1.5877398449740825
hadamard/x,906,0.053365993565375656,1.6225851876396493
hadamard/x,907,0.053891045571012014,1.5186661383920592
hadamard/x,908,0.052923354978479255,1.6676868838537908
hadamard/x,909,0.0531242257455182,1.9487294636499823
hadamard/x,910,0.05330069908899822,1.6066722571505554
hadamard/x,911,0.053215820744719936,1.5870889408072058
hadamard/x,912,0.05426169776961002,1.4363167192088842
hadamard/x,913,0.05353076242965301,1.7526278585108985
hadamard/x,914,0.054772196243934104,1.6122070302130618
hadamard/x,915,0.05338298235129167,1.5854559966339536
hadamard/x,916,0.0532096781982268,1.2978590845352185
hadamard/x,917,0.052944802203020336,1.7382099342594883
hadamard/x,918,0.05397025031238889,1.502316939130614
hadamard/x,919,0.053310160151238184,1.5345196453537713
hadamard/x,920,0.05388964380244655,1.6058346720561565
hadamard/x,921,0.0542145663806681,2.016092980282868
hadamard/x,922,0.05404512245785644,1.7406642062767224
hadamard/x,923,0.05367195182980578,1.4850200181702136
hadamard/x,924,0.05381871140177775,1.5219948701926458
hadamard/x,925,0.052583577254252736,1.919623797765125
hadamard/x,926,0.05317636312481347,1.8259581148152422
hadamard/x,927,0.053385483410806164,1.5172528869832755
hadamard/x,928,0.053056348860128826,1.9877686086463695
hadamard/x,929,0.053767189874001864,1.3955839506472258
hadamard/x,930,0.053423976757137726,2.1520496654301424
hadamard/x,931,0.05376944138637029,1.695782048436981
hadamard/x,932,0.05423705750158094,1.2329633507705917
hadamard/x,933,0.053651935665333675,1.5928281894253415
hadamard/x,934,0.05315980295953628,1.802663161998394
hadamard/x,935,0.05380903505568556,1.5123446491634835
hadamard/x,936,0.052271885407020234,1.8693503048163045
hadamard/x,937,0.05353479219653095,1.6980564336915103
hadamard/x,938,0.05438520095044542,1.6036086275429224
hadamard/x,939,0.05416769761766278,1.7626239045154204
hadamard/x,940,0.05316822836084424,1.5242564782732966
hadamard/x,941,0.05294366217295539,1.8253972919696269
hadamard/x,942,0.053823359191697964,1.4731228215282928
hadamard/x,943,0.05331558178657131,1.5010789094057642
hadamard/x,944,0.05302153143328989,1.6375780811656255
hadamard/x,945,0.053459247563606004,1.8466971035746784
hadamard/x,946,0.05390414198761694,1.4672328834853756
hadamard/x,947,0.05327015010989945,1.6083641992362945
hadamard/x,948,0.05348873006529277,1.4657510078103206
hadamard/x,949,0.053777037889378876,1.515037710838515
hadamard/x,950,0.05377903866253143,1.4903623260091177
hadamard/x,951,0.05400214758930287,1.6869492981098497
hadamard/x,952,0.05361842585733928,1.4772118704658372
hadamard/x,953,0.05404255601594497,1.3865847469688442
hadamard/x,954,0.05352245804472566,1.5059515027863881
hadamard/x,955,0.054094843126968446,1.4688758792829775
hadamard/x,956,0.053403636092582626,1.6773007605361059
hadamard/x,957,0.053911115613474746,1.7981935170903176
hadamard/x,958,0.05359502075210223,1.7396225109118513
hadamard/x,959,0.05414311864462919,1.4755278194464712
hadamard/x,960,0.05354089000596412,1.884393951375832
hadamard/x,961,0.05337587781458951,1.7968722907420704
hadamard/x,962,0.05382204555857005,1.4493821302557681
hadamard/x,963,0.05449855670426012,1.3630753462872018
hadamard/x,964,0.05384854768089269,1.2621596418817165
hadamard/x,965,0.05399476891413272,1.4464092770898083
hadamard/x,966,0.0529949663721167,1.547684511043598
hadamard/x,967,0.053932775310472476,1.725718549000536
hadamard/x,968,0.05347623319683831,1.6172606219712817
hadamard/x,969,0.053173858766034476,1.5379808862120552
hadamard/x,970,0.05283803181461754,1.5503051696237593
hadamard/x,971,0.05274794960452102,1.7657448489266256
hadamard/x,972,0.05364548980167837,1.702018641849041
hadamard/x,973,0.05404784062428321,1.3479656146804548
hadamard/x,974,0.054228977436682105,1.6441402867790422
hadamard/x,975,0.05325127870001171,1.8026798412622576
hadamard/x,976,0.054172145071778914,1.6236721526338613
hadamard/x,977,0.05281712890438154,1.8785539128814128
hadamard/x,978,0.053614155737809456,1.3986293439638253
hadamard/x,979,0.05344085654248559,1.5650571025534201
hadamard/x,980,0.052307204119357895,1.7768969032499309
hadamard/x,981,0.052936154770110086,1.96652460814923
hadamard/x,982,0.0539090761066062,1.6617548480138082
hadamard/x,983,0.054047114293341664,1.5423272518167785
hadamard/x,984,0.05320455328818702,1.9376839612957386
hadamard/x,985,0.053428608880833964,1.8287981002202316
hadamard/x,986,0.05422992590992503,1.753802287211609
hadamard/x,987,0.053074925482502866,1.6877581197364198
hadamard/x,988,0.054406307899616965,1.569318797175259
hadamard/x,989,0.054281616653326294,1.4914725059150125
hadamard/x,990,0.05382764786208397,1.5780768054347662
hadamard/x,991,0.05360002041930155,1.793304423365538
hadamard/x,992,0.054388916877572226,1.5337690171613545
hadamard/x,993,0.05317390659179628,1.8978461980516717
hadamard/x,994,0.05293338056725098,1.463519236832891
hadamard/x,995,0.05350439945398676,1.764770185594071
hadamard/x,996,0.05333543797803686,1.5158564447573741
hadamard/x,997,0.054074362685025815,1.3842291314418091
hadamard/x,998,0.053539350717797925,1.432545177968417
hadamard/x,999,0.0533969925201728,1.4684246215994587
